id,year,country,code,life_expectancy
1,1980,Afghanistan,AFG,41
2,1981,Afghanistan,AFG,42
3,1982,Afghanistan,AFG,43
4,1983,Afghanistan,AFG,43
5,1984,Afghanistan,AFG,44
6,1985,Afghanistan,AFG,45
7,1986,Afghanistan,AFG,46
8,1987,Afghanistan,AFG,47
9,1988,Afghanistan,AFG,48
10,1989,Afghanistan,AFG,49
11,1990,Afghanistan,AFG,49
12,1991,Afghanistan,AFG,50
13,1992,Afghanistan,AFG,51
14,1993,Afghanistan,AFG,51
15,1994,Afghanistan,AFG,52
16,1995,Afghanistan,AFG,53
17,1996,Afghanistan,AFG,53
18,1997,Afghanistan,AFG,53
19,1998,Afghanistan,AFG,54
20,1999,Afghanistan,AFG,54
21,2000,Afghanistan,AFG,55
22,2001,Afghanistan,AFG,56
23,2002,Afghanistan,AFG,56
24,2003,Afghanistan,AFG,57
25,2004,Afghanistan,AFG,57
26,2005,Afghanistan,AFG,58
27,2006,Afghanistan,AFG,59
28,2007,Afghanistan,AFG,59
29,2008,Afghanistan,AFG,60
30,2009,Afghanistan,AFG,60
31,2010,Afghanistan,AFG,61
32,2011,Afghanistan,AFG,61
33,2012,Afghanistan,AFG,62
34,2013,Afghanistan,AFG,62
35,2014,Afghanistan,AFG,62
36,2015,Afghanistan,AFG,63
37,1980,Albania,ALB,70
38,1981,Albania,ALB,70
39,1982,Albania,ALB,70
40,1983,Albania,ALB,70
41,1984,Albania,ALB,71
42,1985,Albania,ALB,71
43,1986,Albania,ALB,71
44,1987,Albania,ALB,71
45,1988,Albania,ALB,71
46,1989,Albania,ALB,71
47,1990,Albania,ALB,71
48,1991,Albania,ALB,71
49,1992,Albania,ALB,71
50,1993,Albania,ALB,71
51,1994,Albania,ALB,71
52,1995,Albania,ALB,72
53,1996,Albania,ALB,72
54,1997,Albania,ALB,72
55,1998,Albania,ALB,73
56,1999,Albania,ALB,73
57,2000,Albania,ALB,73
58,2001,Albania,ALB,74
59,2002,Albania,ALB,74
60,2003,Albania,ALB,74
61,2004,Albania,ALB,75
62,2005,Albania,ALB,75
63,2006,Albania,ALB,75
64,2007,Albania,ALB,75
65,2008,Albania,ALB,75
66,2009,Albania,ALB,76
67,2010,Albania,ALB,76
68,2011,Albania,ALB,77
69,2012,Albania,ALB,77
70,2013,Albania,ALB,77
71,2014,Albania,ALB,77
72,2015,Albania,ALB,78
73,1980,Algeria,DZA,58
74,1981,Algeria,DZA,59
75,1982,Algeria,DZA,60
76,1983,Algeria,DZA,62
77,1984,Algeria,DZA,63
78,1985,Algeria,DZA,64
79,1986,Algeria,DZA,64
80,1987,Algeria,DZA,65
81,1988,Algeria,DZA,66
82,1989,Algeria,DZA,66
83,1990,Algeria,DZA,66
84,1991,Algeria,DZA,66
85,1992,Algeria,DZA,67
86,1993,Algeria,DZA,67
87,1994,Algeria,DZA,67
88,1995,Algeria,DZA,68
89,1996,Algeria,DZA,68
90,1997,Algeria,DZA,68
91,1998,Algeria,DZA,69
92,1999,Algeria,DZA,69
93,2000,Algeria,DZA,70
94,2001,Algeria,DZA,70
95,2002,Algeria,DZA,71
96,2003,Algeria,DZA,71
97,2004,Algeria,DZA,72
98,2005,Algeria,DZA,72
99,2006,Algeria,DZA,73
100,2007,Algeria,DZA,73
101,2008,Algeria,DZA,74
102,2009,Algeria,DZA,74
103,2010,Algeria,DZA,74
104,2011,Algeria,DZA,74
105,2012,Algeria,DZA,75
106,2013,Algeria,DZA,75
107,2014,Algeria,DZA,75
108,2015,Algeria,DZA,75
109,1980,Angola,AGO,40
110,1981,Angola,AGO,40
111,1982,Angola,AGO,40
112,1983,Angola,AGO,40
113,1984,Angola,AGO,41
114,1985,Angola,AGO,41
115,1986,Angola,AGO,41
116,1987,Angola,AGO,41
117,1988,Angola,AGO,41
118,1989,Angola,AGO,41
119,1990,Angola,AGO,41
120,1991,Angola,AGO,41
121,1992,Angola,AGO,42
122,1993,Angola,AGO,42
123,1994,Angola,AGO,42
124,1995,Angola,AGO,43
125,1996,Angola,AGO,43
126,1997,Angola,AGO,44
127,1998,Angola,AGO,45
128,1999,Angola,AGO,46
129,2000,Angola,AGO,47
130,2001,Angola,AGO,48
131,2002,Angola,AGO,49
132,2003,Angola,AGO,50
133,2004,Angola,AGO,51
134,2005,Angola,AGO,52
135,2006,Angola,AGO,53
136,2007,Angola,AGO,55
137,2008,Angola,AGO,56
138,2009,Angola,AGO,57
139,2010,Angola,AGO,58
140,2011,Angola,AGO,59
141,2012,Angola,AGO,59
142,2013,Angola,AGO,60
143,2014,Angola,AGO,60
144,2015,Angola,AGO,61
145,1980,Antigua and Barbuda,ATG,68
146,1981,Antigua and Barbuda,ATG,69
147,1982,Antigua and Barbuda,ATG,69
148,1983,Antigua and Barbuda,ATG,69
149,1984,Antigua and Barbuda,ATG,69
150,1985,Antigua and Barbuda,ATG,70
151,1986,Antigua and Barbuda,ATG,70
152,1987,Antigua and Barbuda,ATG,70
153,1988,Antigua and Barbuda,ATG,70
154,1989,Antigua and Barbuda,ATG,71
155,1990,Antigua and Barbuda,ATG,71
156,1991,Antigua and Barbuda,ATG,71
157,1992,Antigua and Barbuda,ATG,71
158,1993,Antigua and Barbuda,ATG,71
159,1994,Antigua and Barbuda,ATG,72
160,1995,Antigua and Barbuda,ATG,72
161,1996,Antigua and Barbuda,ATG,72
162,1997,Antigua and Barbuda,ATG,72
163,1998,Antigua and Barbuda,ATG,73
164,1999,Antigua and Barbuda,ATG,73
165,2000,Antigua and Barbuda,ATG,73
166,2001,Antigua and Barbuda,ATG,73
167,2002,Antigua and Barbuda,ATG,73
168,2003,Antigua and Barbuda,ATG,74
169,2004,Antigua and Barbuda,ATG,74
170,2005,Antigua and Barbuda,ATG,74
171,2006,Antigua and Barbuda,ATG,74
172,2007,Antigua and Barbuda,ATG,74
173,2008,Antigua and Barbuda,ATG,75
174,2009,Antigua and Barbuda,ATG,75
175,2010,Antigua and Barbuda,ATG,75
176,2011,Antigua and Barbuda,ATG,75
177,2012,Antigua and Barbuda,ATG,75
178,2013,Antigua and Barbuda,ATG,75
179,2014,Antigua and Barbuda,ATG,76
180,2015,Antigua and Barbuda,ATG,76
181,1980,Argentina,ARG,69
182,1981,Argentina,ARG,69
183,1982,Argentina,ARG,70
184,1983,Argentina,ARG,70
185,1984,Argentina,ARG,70
186,1985,Argentina,ARG,70
187,1986,Argentina,ARG,70
188,1987,Argentina,ARG,70
189,1988,Argentina,ARG,71
190,1989,Argentina,ARG,71
191,1990,Argentina,ARG,71
192,1991,Argentina,ARG,71
193,1992,Argentina,ARG,72
194,1993,Argentina,ARG,72
195,1994,Argentina,ARG,72
196,1995,Argentina,ARG,72
197,1996,Argentina,ARG,72
198,1997,Argentina,ARG,73
199,1998,Argentina,ARG,73
200,1999,Argentina,ARG,73
201,2000,Argentina,ARG,73
202,2001,Argentina,ARG,74
203,2002,Argentina,ARG,74
204,2003,Argentina,ARG,74
205,2004,Argentina,ARG,74
206,2005,Argentina,ARG,74
207,2006,Argentina,ARG,74
208,2007,Argentina,ARG,75
209,2008,Argentina,ARG,75
210,2009,Argentina,ARG,75
211,2010,Argentina,ARG,75
212,2011,Argentina,ARG,75
213,2012,Argentina,ARG,75
214,2013,Argentina,ARG,76
215,2014,Argentina,ARG,76
216,2015,Argentina,ARG,76
217,1980,Armenia,ARM,70
218,1981,Armenia,ARM,70
219,1982,Armenia,ARM,70
220,1983,Armenia,ARM,70
221,1984,Armenia,ARM,70
222,1985,Armenia,ARM,69
223,1986,Armenia,ARM,69
224,1987,Armenia,ARM,68
225,1988,Armenia,ARM,68
226,1989,Armenia,ARM,68
227,1990,Armenia,ARM,67
228,1991,Armenia,ARM,67
229,1992,Armenia,ARM,67
230,1993,Armenia,ARM,68
231,1994,Armenia,ARM,68
232,1995,Armenia,ARM,68
233,1996,Armenia,ARM,69
234,1997,Armenia,ARM,69
235,1998,Armenia,ARM,70
236,1999,Armenia,ARM,70
237,2000,Armenia,ARM,71
238,2001,Armenia,ARM,71
239,2002,Armenia,ARM,72
240,2003,Armenia,ARM,72
241,2004,Armenia,ARM,72
242,2005,Armenia,ARM,72
243,2006,Armenia,ARM,72
244,2007,Armenia,ARM,72
245,2008,Armenia,ARM,72
246,2009,Armenia,ARM,73
247,2010,Armenia,ARM,73
248,2011,Armenia,ARM,73
249,2012,Armenia,ARM,73
250,2013,Armenia,ARM,74
251,2014,Armenia,ARM,74
252,2015,Armenia,ARM,74
253,1980,Aruba,ABW,72
254,1981,Aruba,ABW,72
255,1982,Aruba,ABW,72
256,1983,Aruba,ABW,72
257,1984,Aruba,ABW,73
258,1985,Aruba,ABW,73
259,1986,Aruba,ABW,73
260,1987,Aruba,ABW,73
261,1988,Aruba,ABW,73
262,1989,Aruba,ABW,73
263,1990,Aruba,ABW,73
264,1991,Aruba,ABW,73
265,1992,Aruba,ABW,73
266,1993,Aruba,ABW,73
267,1994,Aruba,ABW,73
268,1995,Aruba,ABW,73
269,1996,Aruba,ABW,73
270,1997,Aruba,ABW,73
271,1998,Aruba,ABW,73
272,1999,Aruba,ABW,73
273,2000,Aruba,ABW,73
274,2001,Aruba,ABW,73
275,2002,Aruba,ABW,73
276,2003,Aruba,ABW,74
277,2004,Aruba,ABW,74
278,2005,Aruba,ABW,74
279,2006,Aruba,ABW,74
280,2007,Aruba,ABW,74
281,2008,Aruba,ABW,74
282,2009,Aruba,ABW,74
283,2010,Aruba,ABW,75
284,2011,Aruba,ABW,75
285,2012,Aruba,ABW,75
286,2013,Aruba,ABW,75
287,2014,Aruba,ABW,75
288,2015,Aruba,ABW,75
289,1980,Australia,AUS,74
290,1981,Australia,AUS,74
291,1982,Australia,AUS,74
292,1983,Australia,AUS,75
293,1984,Australia,AUS,75
294,1985,Australia,AUS,75
295,1986,Australia,AUS,75
296,1987,Australia,AUS,76
297,1988,Australia,AUS,76
298,1989,Australia,AUS,76
299,1990,Australia,AUS,76
300,1991,Australia,AUS,77
301,1992,Australia,AUS,77
302,1993,Australia,AUS,77
303,1994,Australia,AUS,78
304,1995,Australia,AUS,78
305,1996,Australia,AUS,78
306,1997,Australia,AUS,78
307,1998,Australia,AUS,79
308,1999,Australia,AUS,79
309,2000,Australia,AUS,79
310,2001,Australia,AUS,79
311,2002,Australia,AUS,80
312,2003,Australia,AUS,80
313,2004,Australia,AUS,80
314,2005,Australia,AUS,80
315,2006,Australia,AUS,81
316,2007,Australia,AUS,81
317,2008,Australia,AUS,81
318,2009,Australia,AUS,81
319,2010,Australia,AUS,81
320,2011,Australia,AUS,82
321,2012,Australia,AUS,82
322,2013,Australia,AUS,82
323,2014,Australia,AUS,82
324,2015,Australia,AUS,82
325,1980,Austria,AUT,72
326,1981,Austria,AUT,72
327,1982,Austria,AUT,73
328,1983,Austria,AUT,73
329,1984,Austria,AUT,73
330,1985,Austria,AUT,74
331,1986,Austria,AUT,74
332,1987,Austria,AUT,74
333,1988,Austria,AUT,75
334,1989,Austria,AUT,75
335,1990,Austria,AUT,75
336,1991,Austria,AUT,75
337,1992,Austria,AUT,76
338,1993,Austria,AUT,76
339,1994,Austria,AUT,76
340,1995,Austria,AUT,76
341,1996,Austria,AUT,77
342,1997,Austria,AUT,77
343,1998,Austria,AUT,77
344,1999,Austria,AUT,77
345,2000,Austria,AUT,78
346,2001,Austria,AUT,78
347,2002,Austria,AUT,78
348,2003,Austria,AUT,79
349,2004,Austria,AUT,79
350,2005,Austria,AUT,79
351,2006,Austria,AUT,79
352,2007,Austria,AUT,80
353,2008,Austria,AUT,80
354,2009,Austria,AUT,80
355,2010,Austria,AUT,80
356,2011,Austria,AUT,80
357,2012,Austria,AUT,80
358,2013,Austria,AUT,81
359,2014,Austria,AUT,81
360,2015,Austria,AUT,81
361,1980,Azerbaijan,AZE,64
362,1981,Azerbaijan,AZE,64
363,1982,Azerbaijan,AZE,64
364,1983,Azerbaijan,AZE,64
365,1984,Azerbaijan,AZE,64
366,1985,Azerbaijan,AZE,64
367,1986,Azerbaijan,AZE,65
368,1987,Azerbaijan,AZE,65
369,1988,Azerbaijan,AZE,65
370,1989,Azerbaijan,AZE,64
371,1990,Azerbaijan,AZE,64
372,1991,Azerbaijan,AZE,64
373,1992,Azerbaijan,AZE,64
374,1993,Azerbaijan,AZE,64
375,1994,Azerbaijan,AZE,64
376,1995,Azerbaijan,AZE,65
377,1996,Azerbaijan,AZE,65
378,1997,Azerbaijan,AZE,65
379,1998,Azerbaijan,AZE,66
380,1999,Azerbaijan,AZE,66
381,2000,Azerbaijan,AZE,66
382,2001,Azerbaijan,AZE,67
383,2002,Azerbaijan,AZE,67
384,2003,Azerbaijan,AZE,67
385,2004,Azerbaijan,AZE,68
386,2005,Azerbaijan,AZE,68
387,2006,Azerbaijan,AZE,69
388,2007,Azerbaijan,AZE,69
389,2008,Azerbaijan,AZE,70
390,2009,Azerbaijan,AZE,70
391,2010,Azerbaijan,AZE,70
392,2011,Azerbaijan,AZE,71
393,2012,Azerbaijan,AZE,71
394,2013,Azerbaijan,AZE,71
395,2014,Azerbaijan,AZE,71
396,2015,Azerbaijan,AZE,71
397,1980,Bahamas,BHS,68
398,1981,Bahamas,BHS,68
399,1982,Bahamas,BHS,68
400,1983,Bahamas,BHS,69
401,1984,Bahamas,BHS,69
402,1985,Bahamas,BHS,69
403,1986,Bahamas,BHS,69
404,1987,Bahamas,BHS,70
405,1988,Bahamas,BHS,70
406,1989,Bahamas,BHS,70
407,1990,Bahamas,BHS,70
408,1991,Bahamas,BHS,70
409,1992,Bahamas,BHS,71
410,1993,Bahamas,BHS,71
411,1994,Bahamas,BHS,71
412,1995,Bahamas,BHS,71
413,1996,Bahamas,BHS,71
414,1997,Bahamas,BHS,71
415,1998,Bahamas,BHS,71
416,1999,Bahamas,BHS,72
417,2000,Bahamas,BHS,72
418,2001,Bahamas,BHS,72
419,2002,Bahamas,BHS,72
420,2003,Bahamas,BHS,73
421,2004,Bahamas,BHS,73
422,2005,Bahamas,BHS,73
423,2006,Bahamas,BHS,74
424,2007,Bahamas,BHS,74
425,2008,Bahamas,BHS,74
426,2009,Bahamas,BHS,74
427,2010,Bahamas,BHS,74
428,2011,Bahamas,BHS,74
429,2012,Bahamas,BHS,75
430,2013,Bahamas,BHS,75
431,2014,Bahamas,BHS,75
432,2015,Bahamas,BHS,75
433,1980,Bahrain,BHR,69
434,1981,Bahrain,BHR,69
435,1982,Bahrain,BHR,70
436,1983,Bahrain,BHR,70
437,1984,Bahrain,BHR,70
438,1985,Bahrain,BHR,71
439,1986,Bahrain,BHR,71
440,1987,Bahrain,BHR,71
441,1988,Bahrain,BHR,71
442,1989,Bahrain,BHR,72
443,1990,Bahrain,BHR,72
444,1991,Bahrain,BHR,72
445,1992,Bahrain,BHR,72
446,1993,Bahrain,BHR,73
447,1994,Bahrain,BHR,73
448,1995,Bahrain,BHR,73
449,1996,Bahrain,BHR,73
450,1997,Bahrain,BHR,73
451,1998,Bahrain,BHR,74
452,1999,Bahrain,BHR,74
453,2000,Bahrain,BHR,74
454,2001,Bahrain,BHR,74
455,2002,Bahrain,BHR,74
456,2003,Bahrain,BHR,74
457,2004,Bahrain,BHR,75
458,2005,Bahrain,BHR,75
459,2006,Bahrain,BHR,75
460,2007,Bahrain,BHR,75
461,2008,Bahrain,BHR,75
462,2009,Bahrain,BHR,75
463,2010,Bahrain,BHR,76
464,2011,Bahrain,BHR,76
465,2012,Bahrain,BHR,76
466,2013,Bahrain,BHR,76
467,2014,Bahrain,BHR,76
468,2015,Bahrain,BHR,76
469,1980,Bangladesh,BGD,53
470,1981,Bangladesh,BGD,53
471,1982,Bangladesh,BGD,54
472,1983,Bangladesh,BGD,54
473,1984,Bangladesh,BGD,55
474,1985,Bangladesh,BGD,55
475,1986,Bangladesh,BGD,56
476,1987,Bangladesh,BGD,56
477,1988,Bangladesh,BGD,57
478,1989,Bangladesh,BGD,57
479,1990,Bangladesh,BGD,58
480,1991,Bangladesh,BGD,59
481,1992,Bangladesh,BGD,59
482,1993,Bangladesh,BGD,60
483,1994,Bangladesh,BGD,61
484,1995,Bangladesh,BGD,61
485,1996,Bangladesh,BGD,62
486,1997,Bangladesh,BGD,63
487,1998,Bangladesh,BGD,64
488,1999,Bangladesh,BGD,64
489,2000,Bangladesh,BGD,65
490,2001,Bangladesh,BGD,65
491,2002,Bangladesh,BGD,66
492,2003,Bangladesh,BGD,66
493,2004,Bangladesh,BGD,67
494,2005,Bangladesh,BGD,67
495,2006,Bangladesh,BGD,68
496,2007,Bangladesh,BGD,68
497,2008,Bangladesh,BGD,69
498,2009,Bangladesh,BGD,69
499,2010,Bangladesh,BGD,70
500,2011,Bangladesh,BGD,70
501,2012,Bangladesh,BGD,71
502,2013,Bangladesh,BGD,71
503,2014,Bangladesh,BGD,71
504,2015,Bangladesh,BGD,72
505,1980,Barbados,BRB,68
506,1981,Barbados,BRB,69
507,1982,Barbados,BRB,69
508,1983,Barbados,BRB,69
509,1984,Barbados,BRB,69
510,1985,Barbados,BRB,70
511,1986,Barbados,BRB,70
512,1987,Barbados,BRB,70
513,1988,Barbados,BRB,70
514,1989,Barbados,BRB,71
515,1990,Barbados,BRB,71
516,1991,Barbados,BRB,71
517,1992,Barbados,BRB,71
518,1993,Barbados,BRB,72
519,1994,Barbados,BRB,72
520,1995,Barbados,BRB,72
521,1996,Barbados,BRB,72
522,1997,Barbados,BRB,72
523,1998,Barbados,BRB,73
524,1999,Barbados,BRB,73
525,2000,Barbados,BRB,73
526,2001,Barbados,BRB,73
527,2002,Barbados,BRB,73
528,2003,Barbados,BRB,73
529,2004,Barbados,BRB,74
530,2005,Barbados,BRB,74
531,2006,Barbados,BRB,74
532,2007,Barbados,BRB,74
533,2008,Barbados,BRB,74
534,2009,Barbados,BRB,74
535,2010,Barbados,BRB,74
536,2011,Barbados,BRB,75
537,2012,Barbados,BRB,75
538,2013,Barbados,BRB,75
539,2014,Barbados,BRB,75
540,2015,Barbados,BRB,75
541,1980,Belarus,BLR,70
542,1981,Belarus,BLR,70
543,1982,Belarus,BLR,70
544,1983,Belarus,BLR,70
545,1984,Belarus,BLR,70
546,1985,Belarus,BLR,70
547,1986,Belarus,BLR,71
548,1987,Belarus,BLR,71
549,1988,Belarus,BLR,71
550,1989,Belarus,BLR,70
551,1990,Belarus,BLR,70
552,1991,Belarus,BLR,70
553,1992,Belarus,BLR,69
554,1993,Belarus,BLR,69
555,1994,Belarus,BLR,68
556,1995,Belarus,BLR,68
557,1996,Belarus,BLR,67
558,1997,Belarus,BLR,67
559,1998,Belarus,BLR,67
560,1999,Belarus,BLR,67
561,2000,Belarus,BLR,67
562,2001,Belarus,BLR,67
563,2002,Belarus,BLR,67
564,2003,Belarus,BLR,67
565,2004,Belarus,BLR,68
566,2005,Belarus,BLR,68
567,2006,Belarus,BLR,68
568,2007,Belarus,BLR,69
569,2008,Belarus,BLR,69
570,2009,Belarus,BLR,70
571,2010,Belarus,BLR,70
572,2011,Belarus,BLR,71
573,2012,Belarus,BLR,71
574,2013,Belarus,BLR,72
575,2014,Belarus,BLR,72
576,2015,Belarus,BLR,72
577,1980,Belgium,BEL,73
578,1981,Belgium,BEL,73
579,1982,Belgium,BEL,73
580,1983,Belgium,BEL,74
581,1984,Belgium,BEL,74
582,1985,Belgium,BEL,74
583,1986,Belgium,BEL,74
584,1987,Belgium,BEL,75
585,1988,Belgium,BEL,75
586,1989,Belgium,BEL,75
587,1990,Belgium,BEL,75
588,1991,Belgium,BEL,76
589,1992,Belgium,BEL,76
590,1993,Belgium,BEL,76
591,1994,Belgium,BEL,76
592,1995,Belgium,BEL,76
593,1996,Belgium,BEL,77
594,1997,Belgium,BEL,77
595,1998,Belgium,BEL,77
596,1999,Belgium,BEL,77
597,2000,Belgium,BEL,77
598,2001,Belgium,BEL,78
599,2002,Belgium,BEL,78
600,2003,Belgium,BEL,78
601,2004,Belgium,BEL,78
602,2005,Belgium,BEL,78
603,2006,Belgium,BEL,79
604,2007,Belgium,BEL,79
605,2008,Belgium,BEL,79
606,2009,Belgium,BEL,79
607,2010,Belgium,BEL,80
608,2011,Belgium,BEL,80
609,2012,Belgium,BEL,80
610,2013,Belgium,BEL,80
611,2014,Belgium,BEL,80
612,2015,Belgium,BEL,80
613,1980,Belize,BLZ,69
614,1981,Belize,BLZ,69
615,1982,Belize,BLZ,70
616,1983,Belize,BLZ,70
617,1984,Belize,BLZ,70
618,1985,Belize,BLZ,71
619,1986,Belize,BLZ,71
620,1987,Belize,BLZ,71
621,1988,Belize,BLZ,71
622,1989,Belize,BLZ,71
623,1990,Belize,BLZ,71
624,1991,Belize,BLZ,71
625,1992,Belize,BLZ,70
626,1993,Belize,BLZ,70
627,1994,Belize,BLZ,69
628,1995,Belize,BLZ,69
629,1996,Belize,BLZ,69
630,1997,Belize,BLZ,68
631,1998,Belize,BLZ,68
632,1999,Belize,BLZ,68
633,2000,Belize,BLZ,68
634,2001,Belize,BLZ,68
635,2002,Belize,BLZ,68
636,2003,Belize,BLZ,68
637,2004,Belize,BLZ,68
638,2005,Belize,BLZ,69
639,2006,Belize,BLZ,69
640,2007,Belize,BLZ,69
641,2008,Belize,BLZ,69
642,2009,Belize,BLZ,69
643,2010,Belize,BLZ,69
644,2011,Belize,BLZ,69
645,2012,Belize,BLZ,69
646,2013,Belize,BLZ,69
647,2014,Belize,BLZ,70
648,2015,Belize,BLZ,70
649,1980,Benin,BEN,47
650,1981,Benin,BEN,47
651,1982,Benin,BEN,48
652,1983,Benin,BEN,48
653,1984,Benin,BEN,49
654,1985,Benin,BEN,50
655,1986,Benin,BEN,50
656,1987,Benin,BEN,51
657,1988,Benin,BEN,52
658,1989,Benin,BEN,53
659,1990,Benin,BEN,53
660,1991,Benin,BEN,54
661,1992,Benin,BEN,54
662,1993,Benin,BEN,55
663,1994,Benin,BEN,55
664,1995,Benin,BEN,55
665,1996,Benin,BEN,55
666,1997,Benin,BEN,55
667,1998,Benin,BEN,55
668,1999,Benin,BEN,55
669,2000,Benin,BEN,55
670,2001,Benin,BEN,55
671,2002,Benin,BEN,56
672,2003,Benin,BEN,56
673,2004,Benin,BEN,56
674,2005,Benin,BEN,57
675,2006,Benin,BEN,57
676,2007,Benin,BEN,58
677,2008,Benin,BEN,58
678,2009,Benin,BEN,59
679,2010,Benin,BEN,59
680,2011,Benin,BEN,59
681,2012,Benin,BEN,59
682,2013,Benin,BEN,60
683,2014,Benin,BEN,60
684,2015,Benin,BEN,60
685,1980,Bhutan,BTN,45
686,1981,Bhutan,BTN,46
687,1982,Bhutan,BTN,46
688,1983,Bhutan,BTN,47
689,1984,Bhutan,BTN,48
690,1985,Bhutan,BTN,49
691,1986,Bhutan,BTN,49
692,1987,Bhutan,BTN,50
693,1988,Bhutan,BTN,51
694,1989,Bhutan,BTN,52
695,1990,Bhutan,BTN,52
696,1991,Bhutan,BTN,53
697,1992,Bhutan,BTN,54
698,1993,Bhutan,BTN,55
699,1994,Bhutan,BTN,55
700,1995,Bhutan,BTN,56
701,1996,Bhutan,BTN,57
702,1997,Bhutan,BTN,58
703,1998,Bhutan,BTN,59
704,1999,Bhutan,BTN,59
705,2000,Bhutan,BTN,60
706,2001,Bhutan,BTN,61
707,2002,Bhutan,BTN,62
708,2003,Bhutan,BTN,63
709,2004,Bhutan,BTN,64
710,2005,Bhutan,BTN,64
711,2006,Bhutan,BTN,65
712,2007,Bhutan,BTN,66
713,2008,Bhutan,BTN,66
714,2009,Bhutan,BTN,67
715,2010,Bhutan,BTN,67
716,2011,Bhutan,BTN,68
717,2012,Bhutan,BTN,68
718,2013,Bhutan,BTN,69
719,2014,Bhutan,BTN,69
720,2015,Bhutan,BTN,69
721,1980,Bolivia,BOL,50
722,1981,Bolivia,BOL,50
723,1982,Bolivia,BOL,50
724,1983,Bolivia,BOL,51
725,1984,Bolivia,BOL,51
726,1985,Bolivia,BOL,52
727,1986,Bolivia,BOL,52
728,1987,Bolivia,BOL,53
729,1988,Bolivia,BOL,54
730,1989,Bolivia,BOL,54
731,1990,Bolivia,BOL,55
732,1991,Bolivia,BOL,55
733,1992,Bolivia,BOL,56
734,1993,Bolivia,BOL,56
735,1994,Bolivia,BOL,57
736,1995,Bolivia,BOL,57
737,1996,Bolivia,BOL,58
738,1997,Bolivia,BOL,58
739,1998,Bolivia,BOL,59
740,1999,Bolivia,BOL,60
741,2000,Bolivia,BOL,60
742,2001,Bolivia,BOL,61
743,2002,Bolivia,BOL,61
744,2003,Bolivia,BOL,62
745,2004,Bolivia,BOL,62
746,2005,Bolivia,BOL,63
747,2006,Bolivia,BOL,64
748,2007,Bolivia,BOL,64
749,2008,Bolivia,BOL,65
750,2009,Bolivia,BOL,65
751,2010,Bolivia,BOL,66
752,2011,Bolivia,BOL,66
753,2012,Bolivia,BOL,67
754,2013,Bolivia,BOL,67
755,2014,Bolivia,BOL,68
756,2015,Bolivia,BOL,68
757,1980,Bosnia and Herzegovina,BIH,70
758,1981,Bosnia and Herzegovina,BIH,70
759,1982,Bosnia and Herzegovina,BIH,70
760,1983,Bosnia and Herzegovina,BIH,71
761,1984,Bosnia and Herzegovina,BIH,71
762,1985,Bosnia and Herzegovina,BIH,71
763,1986,Bosnia and Herzegovina,BIH,71
764,1987,Bosnia and Herzegovina,BIH,71
765,1988,Bosnia and Herzegovina,BIH,71
766,1989,Bosnia and Herzegovina,BIH,71
767,1990,Bosnia and Herzegovina,BIH,70
768,1991,Bosnia and Herzegovina,BIH,70
769,1992,Bosnia and Herzegovina,BIH,70
770,1993,Bosnia and Herzegovina,BIH,70
771,1994,Bosnia and Herzegovina,BIH,71
772,1995,Bosnia and Herzegovina,BIH,71
773,1996,Bosnia and Herzegovina,BIH,72
774,1997,Bosnia and Herzegovina,BIH,72
775,1998,Bosnia and Herzegovina,BIH,73
776,1999,Bosnia and Herzegovina,BIH,74
777,2000,Bosnia and Herzegovina,BIH,74
778,2001,Bosnia and Herzegovina,BIH,74
779,2002,Bosnia and Herzegovina,BIH,74
780,2003,Bosnia and Herzegovina,BIH,74
781,2004,Bosnia and Herzegovina,BIH,75
782,2005,Bosnia and Herzegovina,BIH,75
783,2006,Bosnia and Herzegovina,BIH,75
784,2007,Bosnia and Herzegovina,BIH,75
785,2008,Bosnia and Herzegovina,BIH,75
786,2009,Bosnia and Herzegovina,BIH,75
787,2010,Bosnia and Herzegovina,BIH,75
788,2011,Bosnia and Herzegovina,BIH,76
789,2012,Bosnia and Herzegovina,BIH,76
790,2013,Bosnia and Herzegovina,BIH,76
791,2014,Bosnia and Herzegovina,BIH,76
792,2015,Bosnia and Herzegovina,BIH,76
793,1980,Botswana,BWA,60
794,1981,Botswana,BWA,61
795,1982,Botswana,BWA,61
796,1983,Botswana,BWA,62
797,1984,Botswana,BWA,62
798,1985,Botswana,BWA,62
799,1986,Botswana,BWA,62
800,1987,Botswana,BWA,62
801,1988,Botswana,BWA,62
802,1989,Botswana,BWA,62
803,1990,Botswana,BWA,61
804,1991,Botswana,BWA,61
805,1992,Botswana,BWA,60
806,1993,Botswana,BWA,58
807,1994,Botswana,BWA,57
808,1995,Botswana,BWA,55
809,1996,Botswana,BWA,53
810,1997,Botswana,BWA,52
811,1998,Botswana,BWA,50
812,1999,Botswana,BWA,49
813,2000,Botswana,BWA,49
814,2001,Botswana,BWA,48
815,2002,Botswana,BWA,49
816,2003,Botswana,BWA,49
817,2004,Botswana,BWA,50
818,2005,Botswana,BWA,52
819,2006,Botswana,BWA,53
820,2007,Botswana,BWA,55
821,2008,Botswana,BWA,56
822,2009,Botswana,BWA,58
823,2010,Botswana,BWA,59
824,2011,Botswana,BWA,61
825,2012,Botswana,BWA,62
826,2013,Botswana,BWA,63
827,2014,Botswana,BWA,64
828,2015,Botswana,BWA,65
829,1980,Brazil,BRA,61
830,1981,Brazil,BRA,62
831,1982,Brazil,BRA,62
832,1983,Brazil,BRA,62
833,1984,Brazil,BRA,63
834,1985,Brazil,BRA,63
835,1986,Brazil,BRA,63
836,1987,Brazil,BRA,64
837,1988,Brazil,BRA,64
838,1989,Brazil,BRA,64
839,1990,Brazil,BRA,65
840,1991,Brazil,BRA,65
841,1992,Brazil,BRA,66
842,1993,Brazil,BRA,66
843,1994,Brazil,BRA,67
844,1995,Brazil,BRA,67
845,1996,Brazil,BRA,68
846,1997,Brazil,BRA,68
847,1998,Brazil,BRA,69
848,1999,Brazil,BRA,69
849,2000,Brazil,BRA,70
850,2001,Brazil,BRA,70
851,2002,Brazil,BRA,70
852,2003,Brazil,BRA,71
853,2004,Brazil,BRA,71
854,2005,Brazil,BRA,72
855,2006,Brazil,BRA,72
856,2007,Brazil,BRA,72
857,2008,Brazil,BRA,73
858,2009,Brazil,BRA,73
859,2010,Brazil,BRA,73
860,2011,Brazil,BRA,74
861,2012,Brazil,BRA,74
862,2013,Brazil,BRA,74
863,2014,Brazil,BRA,75
864,2015,Brazil,BRA,75
865,1980,Brunei,BRN,70
866,1981,Brunei,BRN,70
867,1982,Brunei,BRN,70
868,1983,Brunei,BRN,71
869,1984,Brunei,BRN,71
870,1985,Brunei,BRN,71
871,1986,Brunei,BRN,71
872,1987,Brunei,BRN,72
873,1988,Brunei,BRN,72
874,1989,Brunei,BRN,72
875,1990,Brunei,BRN,72
876,1991,Brunei,BRN,73
877,1992,Brunei,BRN,73
878,1993,Brunei,BRN,73
879,1994,Brunei,BRN,73
880,1995,Brunei,BRN,74
881,1996,Brunei,BRN,74
882,1997,Brunei,BRN,74
883,1998,Brunei,BRN,74
884,1999,Brunei,BRN,74
885,2000,Brunei,BRN,75
886,2001,Brunei,BRN,75
887,2002,Brunei,BRN,75
888,2003,Brunei,BRN,75
889,2004,Brunei,BRN,76
890,2005,Brunei,BRN,76
891,2006,Brunei,BRN,76
892,2007,Brunei,BRN,76
893,2008,Brunei,BRN,76
894,2009,Brunei,BRN,76
895,2010,Brunei,BRN,76
896,2011,Brunei,BRN,76
897,2012,Brunei,BRN,76
898,2013,Brunei,BRN,76
899,2014,Brunei,BRN,76
900,2015,Brunei,BRN,77
901,1980,Bulgaria,BGR,71
902,1981,Bulgaria,BGR,71
903,1982,Bulgaria,BGR,71
904,1983,Bulgaria,BGR,71
905,1984,Bulgaria,BGR,71
906,1985,Bulgaria,BGR,71
907,1986,Bulgaria,BGR,71
908,1987,Bulgaria,BGR,71
909,1988,Bulgaria,BGR,71
910,1989,Bulgaria,BGR,71
911,1990,Bulgaria,BGR,71
912,1991,Bulgaria,BGR,71
913,1992,Bulgaria,BGR,71
914,1993,Bulgaria,BGR,71
915,1994,Bulgaria,BGR,70
916,1995,Bulgaria,BGR,70
917,1996,Bulgaria,BGR,70
918,1997,Bulgaria,BGR,70
919,1998,Bulgaria,BGR,71
920,1999,Bulgaria,BGR,71
921,2000,Bulgaria,BGR,71
922,2001,Bulgaria,BGR,71
923,2002,Bulgaria,BGR,71
924,2003,Bulgaria,BGR,72
925,2004,Bulgaria,BGR,72
926,2005,Bulgaria,BGR,72
927,2006,Bulgaria,BGR,72
928,2007,Bulgaria,BGR,73
929,2008,Bulgaria,BGR,73
930,2009,Bulgaria,BGR,73
931,2010,Bulgaria,BGR,73
932,2011,Bulgaria,BGR,73
933,2012,Bulgaria,BGR,74
934,2013,Bulgaria,BGR,74
935,2014,Bulgaria,BGR,74
936,2015,Bulgaria,BGR,74
937,1980,Burkina Faso,BFA,46
938,1981,Burkina Faso,BFA,46
939,1982,Burkina Faso,BFA,47
940,1983,Burkina Faso,BFA,48
941,1984,Burkina Faso,BFA,48
942,1985,Burkina Faso,BFA,49
943,1986,Burkina Faso,BFA,49
944,1987,Burkina Faso,BFA,49
945,1988,Burkina Faso,BFA,49
946,1989,Burkina Faso,BFA,49
947,1990,Burkina Faso,BFA,49
948,1991,Burkina Faso,BFA,49
949,1992,Burkina Faso,BFA,49
950,1993,Burkina Faso,BFA,49
951,1994,Burkina Faso,BFA,49
952,1995,Burkina Faso,BFA,49
953,1996,Burkina Faso,BFA,49
954,1997,Burkina Faso,BFA,49
955,1998,Burkina Faso,BFA,49
956,1999,Burkina Faso,BFA,50
957,2000,Burkina Faso,BFA,50
958,2001,Burkina Faso,BFA,50
959,2002,Burkina Faso,BFA,51
960,2003,Burkina Faso,BFA,51
961,2004,Burkina Faso,BFA,52
962,2005,Burkina Faso,BFA,53
963,2006,Burkina Faso,BFA,54
964,2007,Burkina Faso,BFA,54
965,2008,Burkina Faso,BFA,55
966,2009,Burkina Faso,BFA,56
967,2010,Burkina Faso,BFA,57
968,2011,Burkina Faso,BFA,57
969,2012,Burkina Faso,BFA,58
970,2013,Burkina Faso,BFA,58
971,2014,Burkina Faso,BFA,59
972,2015,Burkina Faso,BFA,59
973,1980,Burundi,BDI,47
974,1981,Burundi,BDI,47
975,1982,Burundi,BDI,47
976,1983,Burundi,BDI,48
977,1984,Burundi,BDI,48
978,1985,Burundi,BDI,48
979,1986,Burundi,BDI,48
980,1987,Burundi,BDI,48
981,1988,Burundi,BDI,48
982,1989,Burundi,BDI,48
983,1990,Burundi,BDI,48
984,1991,Burundi,BDI,47
985,1992,Burundi,BDI,47
986,1993,Burundi,BDI,47
987,1994,Burundi,BDI,48
988,1995,Burundi,BDI,48
989,1996,Burundi,BDI,49
990,1997,Burundi,BDI,50
991,1998,Burundi,BDI,50
992,1999,Burundi,BDI,51
993,2000,Burundi,BDI,51
994,2001,Burundi,BDI,51
995,2002,Burundi,BDI,51
996,2003,Burundi,BDI,52
997,2004,Burundi,BDI,52
998,2005,Burundi,BDI,52
999,2006,Burundi,BDI,53
1000,2007,Burundi,BDI,53
1001,2008,Burundi,BDI,53
1002,2009,Burundi,BDI,54
1003,2010,Burundi,BDI,54
1004,2011,Burundi,BDI,55
1005,2012,Burundi,BDI,55
1006,2013,Burundi,BDI,56
1007,2014,Burundi,BDI,56
1008,2015,Burundi,BDI,57
1009,1980,Cambodia,KHM,27
1010,1981,Cambodia,KHM,33
1011,1982,Cambodia,KHM,39
1012,1983,Cambodia,KHM,44
1013,1984,Cambodia,KHM,48
1014,1985,Cambodia,KHM,50
1015,1986,Cambodia,KHM,51
1016,1987,Cambodia,KHM,52
1017,1988,Cambodia,KHM,52
1018,1989,Cambodia,KHM,53
1019,1990,Cambodia,KHM,53
1020,1991,Cambodia,KHM,53
1021,1992,Cambodia,KHM,54
1022,1993,Cambodia,KHM,54
1023,1994,Cambodia,KHM,54
1024,1995,Cambodia,KHM,55
1025,1996,Cambodia,KHM,55
1026,1997,Cambodia,KHM,56
1027,1998,Cambodia,KHM,56
1028,1999,Cambodia,KHM,57
1029,2000,Cambodia,KHM,58
1030,2001,Cambodia,KHM,59
1031,2002,Cambodia,KHM,60
1032,2003,Cambodia,KHM,61
1033,2004,Cambodia,KHM,62
1034,2005,Cambodia,KHM,63
1035,2006,Cambodia,KHM,63
1036,2007,Cambodia,KHM,64
1037,2008,Cambodia,KHM,65
1038,2009,Cambodia,KHM,66
1039,2010,Cambodia,KHM,66
1040,2011,Cambodia,KHM,67
1041,2012,Cambodia,KHM,67
1042,2013,Cambodia,KHM,67
1043,2014,Cambodia,KHM,68
1044,2015,Cambodia,KHM,68
1045,1980,Cameroon,CMR,51
1046,1981,Cameroon,CMR,51
1047,1982,Cameroon,CMR,51
1048,1983,Cameroon,CMR,52
1049,1984,Cameroon,CMR,52
1050,1985,Cameroon,CMR,52
1051,1986,Cameroon,CMR,52
1052,1987,Cameroon,CMR,52
1053,1988,Cameroon,CMR,52
1054,1989,Cameroon,CMR,52
1055,1990,Cameroon,CMR,52
1056,1991,Cameroon,CMR,51
1057,1992,Cameroon,CMR,51
1058,1993,Cameroon,CMR,50
1059,1994,Cameroon,CMR,50
1060,1995,Cameroon,CMR,50
1061,1996,Cameroon,CMR,49
1062,1997,Cameroon,CMR,49
1063,1998,Cameroon,CMR,49
1064,1999,Cameroon,CMR,49
1065,2000,Cameroon,CMR,50
1066,2001,Cameroon,CMR,50
1067,2002,Cameroon,CMR,51
1068,2003,Cameroon,CMR,51
1069,2004,Cameroon,CMR,52
1070,2005,Cameroon,CMR,52
1071,2006,Cameroon,CMR,53
1072,2007,Cameroon,CMR,54
1073,2008,Cameroon,CMR,54
1074,2009,Cameroon,CMR,54
1075,2010,Cameroon,CMR,55
1076,2011,Cameroon,CMR,55
1077,2012,Cameroon,CMR,56
1078,2013,Cameroon,CMR,56
1079,2014,Cameroon,CMR,57
1080,2015,Cameroon,CMR,57
1081,1980,Canada,CAN,75
1082,1981,Canada,CAN,75
1083,1982,Canada,CAN,75
1084,1983,Canada,CAN,75
1085,1984,Canada,CAN,76
1086,1985,Canada,CAN,76
1087,1986,Canada,CAN,76
1088,1987,Canada,CAN,76
1089,1988,Canada,CAN,76
1090,1989,Canada,CAN,77
1091,1990,Canada,CAN,77
1092,1991,Canada,CAN,77
1093,1992,Canada,CAN,77
1094,1993,Canada,CAN,77
1095,1994,Canada,CAN,77
1096,1995,Canada,CAN,78
1097,1996,Canada,CAN,78
1098,1997,Canada,CAN,78
1099,1998,Canada,CAN,78
1100,1999,Canada,CAN,78
1101,2000,Canada,CAN,79
1102,2001,Canada,CAN,79
1103,2002,Canada,CAN,79
1104,2003,Canada,CAN,79
1105,2004,Canada,CAN,80
1106,2005,Canada,CAN,80
1107,2006,Canada,CAN,80
1108,2007,Canada,CAN,80
1109,2008,Canada,CAN,80
1110,2009,Canada,CAN,81
1111,2010,Canada,CAN,81
1112,2011,Canada,CAN,81
1113,2012,Canada,CAN,81
1114,2013,Canada,CAN,81
1115,2014,Canada,CAN,82
1116,2015,Canada,CAN,82
1117,1980,Cape Verde,CPV,61
1118,1981,Cape Verde,CPV,62
1119,1982,Cape Verde,CPV,62
1120,1983,Cape Verde,CPV,62
1121,1984,Cape Verde,CPV,62
1122,1985,Cape Verde,CPV,63
1123,1986,Cape Verde,CPV,63
1124,1987,Cape Verde,CPV,63
1125,1988,Cape Verde,CPV,64
1126,1989,Cape Verde,CPV,64
1127,1990,Cape Verde,CPV,64
1128,1991,Cape Verde,CPV,65
1129,1992,Cape Verde,CPV,65
1130,1993,Cape Verde,CPV,65
1131,1994,Cape Verde,CPV,66
1132,1995,Cape Verde,CPV,66
1133,1996,Cape Verde,CPV,67
1134,1997,Cape Verde,CPV,67
1135,1998,Cape Verde,CPV,68
1136,1999,Cape Verde,CPV,69
1137,2000,Cape Verde,CPV,69
1138,2001,Cape Verde,CPV,70
1139,2002,Cape Verde,CPV,70
1140,2003,Cape Verde,CPV,71
1141,2004,Cape Verde,CPV,71
1142,2005,Cape Verde,CPV,71
1143,2006,Cape Verde,CPV,71
1144,2007,Cape Verde,CPV,71
1145,2008,Cape Verde,CPV,71
1146,2009,Cape Verde,CPV,71
1147,2010,Cape Verde,CPV,71
1148,2011,Cape Verde,CPV,72
1149,2012,Cape Verde,CPV,72
1150,2013,Cape Verde,CPV,72
1151,2014,Cape Verde,CPV,72
1152,2015,Cape Verde,CPV,72
1153,1980,Central African Republic,CAF,48
1154,1981,Central African Republic,CAF,49
1155,1982,Central African Republic,CAF,49
1156,1983,Central African Republic,CAF,49
1157,1984,Central African Republic,CAF,49
1158,1985,Central African Republic,CAF,49
1159,1986,Central African Republic,CAF,49
1160,1987,Central African Republic,CAF,49
1161,1988,Central African Republic,CAF,49
1162,1989,Central African Republic,CAF,49
1163,1990,Central African Republic,CAF,48
1164,1991,Central African Republic,CAF,48
1165,1992,Central African Republic,CAF,47
1166,1993,Central African Republic,CAF,47
1167,1994,Central African Republic,CAF,46
1168,1995,Central African Republic,CAF,46
1169,1996,Central African Republic,CAF,45
1170,1997,Central African Republic,CAF,45
1171,1998,Central African Republic,CAF,44
1172,1999,Central African Republic,CAF,44
1173,2000,Central African Republic,CAF,43
1174,2001,Central African Republic,CAF,43
1175,2002,Central African Republic,CAF,43
1176,2003,Central African Republic,CAF,43
1177,2004,Central African Republic,CAF,44
1178,2005,Central African Republic,CAF,44
1179,2006,Central African Republic,CAF,44
1180,2007,Central African Republic,CAF,45
1181,2008,Central African Republic,CAF,46
1182,2009,Central African Republic,CAF,46
1183,2010,Central African Republic,CAF,47
1184,2011,Central African Republic,CAF,48
1185,2012,Central African Republic,CAF,49
1186,2013,Central African Republic,CAF,49
1187,2014,Central African Republic,CAF,50
1188,2015,Central African Republic,CAF,51
1189,1980,Chad,TCD,44
1190,1981,Chad,TCD,44
1191,1982,Chad,TCD,45
1192,1983,Chad,TCD,45
1193,1984,Chad,TCD,45
1194,1985,Chad,TCD,46
1195,1986,Chad,TCD,46
1196,1987,Chad,TCD,46
1197,1988,Chad,TCD,46
1198,1989,Chad,TCD,46
1199,1990,Chad,TCD,46
1200,1991,Chad,TCD,47
1201,1992,Chad,TCD,47
1202,1993,Chad,TCD,47
1203,1994,Chad,TCD,47
1204,1995,Chad,TCD,47
1205,1996,Chad,TCD,47
1206,1997,Chad,TCD,47
1207,1998,Chad,TCD,47
1208,1999,Chad,TCD,47
1209,2000,Chad,TCD,47
1210,2001,Chad,TCD,47
1211,2002,Chad,TCD,47
1212,2003,Chad,TCD,47
1213,2004,Chad,TCD,47
1214,2005,Chad,TCD,48
1215,2006,Chad,TCD,48
1216,2007,Chad,TCD,48
1217,2008,Chad,TCD,49
1218,2009,Chad,TCD,49
1219,2010,Chad,TCD,50
1220,2011,Chad,TCD,50
1221,2012,Chad,TCD,51
1222,2013,Chad,TCD,51
1223,2014,Chad,TCD,52
1224,2015,Chad,TCD,52
1225,1980,Channel Islands,OWID_CIS,73
1226,1981,Channel Islands,OWID_CIS,73
1227,1982,Channel Islands,OWID_CIS,73
1228,1983,Channel Islands,OWID_CIS,74
1229,1984,Channel Islands,OWID_CIS,74
1230,1985,Channel Islands,OWID_CIS,74
1231,1986,Channel Islands,OWID_CIS,74
1232,1987,Channel Islands,OWID_CIS,74
1233,1988,Channel Islands,OWID_CIS,75
1234,1989,Channel Islands,OWID_CIS,75
1235,1990,Channel Islands,OWID_CIS,75
1236,1991,Channel Islands,OWID_CIS,75
1237,1992,Channel Islands,OWID_CIS,75
1238,1993,Channel Islands,OWID_CIS,76
1239,1994,Channel Islands,OWID_CIS,76
1240,1995,Channel Islands,OWID_CIS,76
1241,1996,Channel Islands,OWID_CIS,76
1242,1997,Channel Islands,OWID_CIS,76
1243,1998,Channel Islands,OWID_CIS,77
1244,1999,Channel Islands,OWID_CIS,77
1245,2000,Channel Islands,OWID_CIS,77
1246,2001,Channel Islands,OWID_CIS,77
1247,2002,Channel Islands,OWID_CIS,78
1248,2003,Channel Islands,OWID_CIS,78
1249,2004,Channel Islands,OWID_CIS,78
1250,2005,Channel Islands,OWID_CIS,78
1251,2006,Channel Islands,OWID_CIS,79
1252,2007,Channel Islands,OWID_CIS,79
1253,2008,Channel Islands,OWID_CIS,79
1254,2009,Channel Islands,OWID_CIS,79
1255,2010,Channel Islands,OWID_CIS,80
1256,2011,Channel Islands,OWID_CIS,80
1257,2012,Channel Islands,OWID_CIS,80
1258,2013,Channel Islands,OWID_CIS,80
1259,2014,Channel Islands,OWID_CIS,80
1260,2015,Channel Islands,OWID_CIS,80
1261,1980,Chile,CHL,69
1262,1981,Chile,CHL,69
1263,1982,Chile,CHL,70
1264,1983,Chile,CHL,70
1265,1984,Chile,CHL,71
1266,1985,Chile,CHL,71
1267,1986,Chile,CHL,72
1268,1987,Chile,CHL,72
1269,1988,Chile,CHL,72
1270,1989,Chile,CHL,73
1271,1990,Chile,CHL,73
1272,1991,Chile,CHL,74
1273,1992,Chile,CHL,74
1274,1993,Chile,CHL,74
1275,1994,Chile,CHL,75
1276,1995,Chile,CHL,75
1277,1996,Chile,CHL,75
1278,1997,Chile,CHL,75
1279,1998,Chile,CHL,76
1280,1999,Chile,CHL,76
1281,2000,Chile,CHL,76
1282,2001,Chile,CHL,77
1283,2002,Chile,CHL,77
1284,2003,Chile,CHL,77
1285,2004,Chile,CHL,77
1286,2005,Chile,CHL,77
1287,2006,Chile,CHL,77
1288,2007,Chile,CHL,78
1289,2008,Chile,CHL,78
1290,2009,Chile,CHL,78
1291,2010,Chile,CHL,78
1292,2011,Chile,CHL,78
1293,2012,Chile,CHL,78
1294,2013,Chile,CHL,78
1295,2014,Chile,CHL,79
1296,2015,Chile,CHL,79
1297,1980,China,CHN,66
1298,1981,China,CHN,67
1299,1982,China,CHN,67
1300,1983,China,CHN,67
1301,1984,China,CHN,68
1302,1985,China,CHN,68
1303,1986,China,CHN,68
1304,1987,China,CHN,68
1305,1988,China,CHN,69
1306,1989,China,CHN,69
1307,1990,China,CHN,69
1308,1991,China,CHN,69
1309,1992,China,CHN,69
1310,1993,China,CHN,69
1311,1994,China,CHN,69
1312,1995,China,CHN,70
1313,1996,China,CHN,70
1314,1997,China,CHN,70
1315,1998,China,CHN,71
1316,1999,China,CHN,71
1317,2000,China,CHN,71
1318,2001,China,CHN,72
1319,2002,China,CHN,72
1320,2003,China,CHN,73
1321,2004,China,CHN,73
1322,2005,China,CHN,73
1323,2006,China,CHN,74
1324,2007,China,CHN,74
1325,2008,China,CHN,74
1326,2009,China,CHN,75
1327,2010,China,CHN,75
1328,2011,China,CHN,75
1329,2012,China,CHN,75
1330,2013,China,CHN,75
1331,2014,China,CHN,75
1332,2015,China,CHN,76
1333,1980,Colombia,COL,65
1334,1981,Colombia,COL,66
1335,1982,Colombia,COL,66
1336,1983,Colombia,COL,66
1337,1984,Colombia,COL,67
1338,1985,Colombia,COL,67
1339,1986,Colombia,COL,67
1340,1987,Colombia,COL,67
1341,1988,Colombia,COL,68
1342,1989,Colombia,COL,68
1343,1990,Colombia,COL,68
1344,1991,Colombia,COL,68
1345,1992,Colombia,COL,68
1346,1993,Colombia,COL,68
1347,1994,Colombia,COL,69
1348,1995,Colombia,COL,69
1349,1996,Colombia,COL,69
1350,1997,Colombia,COL,70
1351,1998,Colombia,COL,70
1352,1999,Colombia,COL,70
1353,2000,Colombia,COL,71
1354,2001,Colombia,COL,71
1355,2002,Colombia,COL,71
1356,2003,Colombia,COL,71
1357,2004,Colombia,COL,72
1358,2005,Colombia,COL,72
1359,2006,Colombia,COL,72
1360,2007,Colombia,COL,72
1361,2008,Colombia,COL,72
1362,2009,Colombia,COL,73
1363,2010,Colombia,COL,73
1364,2011,Colombia,COL,73
1365,2012,Colombia,COL,73
1366,2013,Colombia,COL,73
1367,2014,Colombia,COL,74
1368,2015,Colombia,COL,74
1369,1980,Comoros,COM,50
1370,1981,Comoros,COM,51
1371,1982,Comoros,COM,51
1372,1983,Comoros,COM,52
1373,1984,Comoros,COM,53
1374,1985,Comoros,COM,53
1375,1986,Comoros,COM,54
1376,1987,Comoros,COM,55
1377,1988,Comoros,COM,55
1378,1989,Comoros,COM,56
1379,1990,Comoros,COM,56
1380,1991,Comoros,COM,57
1381,1992,Comoros,COM,57
1382,1993,Comoros,COM,58
1383,1994,Comoros,COM,58
1384,1995,Comoros,COM,58
1385,1996,Comoros,COM,58
1386,1997,Comoros,COM,59
1387,1998,Comoros,COM,59
1388,1999,Comoros,COM,59
1389,2000,Comoros,COM,59
1390,2001,Comoros,COM,59
1391,2002,Comoros,COM,59
1392,2003,Comoros,COM,59
1393,2004,Comoros,COM,59
1394,2005,Comoros,COM,60
1395,2006,Comoros,COM,60
1396,2007,Comoros,COM,60
1397,2008,Comoros,COM,61
1398,2009,Comoros,COM,61
1399,2010,Comoros,COM,61
1400,2011,Comoros,COM,62
1401,2012,Comoros,COM,62
1402,2013,Comoros,COM,62
1403,2014,Comoros,COM,63
1404,2015,Comoros,COM,63
1405,1980,Congo,COG,56
1406,1981,Congo,COG,56
1407,1982,Congo,COG,56
1408,1983,Congo,COG,56
1409,1984,Congo,COG,56
1410,1985,Congo,COG,56
1411,1986,Congo,COG,56
1412,1987,Congo,COG,56
1413,1988,Congo,COG,56
1414,1989,Congo,COG,56
1415,1990,Congo,COG,55
1416,1991,Congo,COG,55
1417,1992,Congo,COG,55
1418,1993,Congo,COG,54
1419,1994,Congo,COG,53
1420,1995,Congo,COG,53
1421,1996,Congo,COG,52
1422,1997,Congo,COG,52
1423,1998,Congo,COG,51
1424,1999,Congo,COG,51
1425,2000,Congo,COG,51
1426,2001,Congo,COG,51
1427,2002,Congo,COG,52
1428,2003,Congo,COG,52
1429,2004,Congo,COG,53
1430,2005,Congo,COG,54
1431,2006,Congo,COG,55
1432,2007,Congo,COG,57
1433,2008,Congo,COG,58
1434,2009,Congo,COG,59
1435,2010,Congo,COG,60
1436,2011,Congo,COG,61
1437,2012,Congo,COG,62
1438,2013,Congo,COG,62
1439,2014,Congo,COG,63
1440,2015,Congo,COG,64
1441,1980,Costa Rica,CRI,72
1442,1981,Costa Rica,CRI,72
1443,1982,Costa Rica,CRI,73
1444,1983,Costa Rica,CRI,73
1445,1984,Costa Rica,CRI,74
1446,1985,Costa Rica,CRI,74
1447,1986,Costa Rica,CRI,74
1448,1987,Costa Rica,CRI,74
1449,1988,Costa Rica,CRI,75
1450,1989,Costa Rica,CRI,75
1451,1990,Costa Rica,CRI,75
1452,1991,Costa Rica,CRI,75
1453,1992,Costa Rica,CRI,76
1454,1993,Costa Rica,CRI,76
1455,1994,Costa Rica,CRI,76
1456,1995,Costa Rica,CRI,76
1457,1996,Costa Rica,CRI,76
1458,1997,Costa Rica,CRI,76
1459,1998,Costa Rica,CRI,77
1460,1999,Costa Rica,CRI,77
1461,2000,Costa Rica,CRI,77
1462,2001,Costa Rica,CRI,77
1463,2002,Costa Rica,CRI,77
1464,2003,Costa Rica,CRI,77
1465,2004,Costa Rica,CRI,77
1466,2005,Costa Rica,CRI,78
1467,2006,Costa Rica,CRI,78
1468,2007,Costa Rica,CRI,78
1469,2008,Costa Rica,CRI,78
1470,2009,Costa Rica,CRI,78
1471,2010,Costa Rica,CRI,78
1472,2011,Costa Rica,CRI,78
1473,2012,Costa Rica,CRI,79
1474,2013,Costa Rica,CRI,79
1475,2014,Costa Rica,CRI,79
1476,2015,Costa Rica,CRI,79
1477,1980,Cote d'Ivoire,CIV,50
1478,1981,Cote d'Ivoire,CIV,51
1479,1982,Cote d'Ivoire,CIV,51
1480,1983,Cote d'Ivoire,CIV,51
1481,1984,Cote d'Ivoire,CIV,52
1482,1985,Cote d'Ivoire,CIV,52
1483,1986,Cote d'Ivoire,CIV,52
1484,1987,Cote d'Ivoire,CIV,52
1485,1988,Cote d'Ivoire,CIV,52
1486,1989,Cote d'Ivoire,CIV,52
1487,1990,Cote d'Ivoire,CIV,52
1488,1991,Cote d'Ivoire,CIV,52
1489,1992,Cote d'Ivoire,CIV,51
1490,1993,Cote d'Ivoire,CIV,50
1491,1994,Cote d'Ivoire,CIV,50
1492,1995,Cote d'Ivoire,CIV,49
1493,1996,Cote d'Ivoire,CIV,48
1494,1997,Cote d'Ivoire,CIV,48
1495,1998,Cote d'Ivoire,CIV,47
1496,1999,Cote d'Ivoire,CIV,46
1497,2000,Cote d'Ivoire,CIV,46
1498,2001,Cote d'Ivoire,CIV,46
1499,2002,Cote d'Ivoire,CIV,46
1500,2003,Cote d'Ivoire,CIV,46
1501,2004,Cote d'Ivoire,CIV,47
1502,2005,Cote d'Ivoire,CIV,47
1503,2006,Cote d'Ivoire,CIV,48
1504,2007,Cote d'Ivoire,CIV,48
1505,2008,Cote d'Ivoire,CIV,49
1506,2009,Cote d'Ivoire,CIV,49
1507,2010,Cote d'Ivoire,CIV,50
1508,2011,Cote d'Ivoire,CIV,50
1509,2012,Cote d'Ivoire,CIV,51
1510,2013,Cote d'Ivoire,CIV,51
1511,2014,Cote d'Ivoire,CIV,52
1512,2015,Cote d'Ivoire,CIV,53
1513,1980,Croatia,HRV,70
1514,1981,Croatia,HRV,70
1515,1982,Croatia,HRV,70
1516,1983,Croatia,HRV,70
1517,1984,Croatia,HRV,70
1518,1985,Croatia,HRV,71
1519,1986,Croatia,HRV,71
1520,1987,Croatia,HRV,71
1521,1988,Croatia,HRV,71
1522,1989,Croatia,HRV,72
1523,1990,Croatia,HRV,72
1524,1991,Croatia,HRV,72
1525,1992,Croatia,HRV,72
1526,1993,Croatia,HRV,73
1527,1994,Croatia,HRV,73
1528,1995,Croatia,HRV,73
1529,1996,Croatia,HRV,74
1530,1997,Croatia,HRV,74
1531,1998,Croatia,HRV,74
1532,1999,Croatia,HRV,74
1533,2000,Croatia,HRV,74
1534,2001,Croatia,HRV,74
1535,2002,Croatia,HRV,74
1536,2003,Croatia,HRV,75
1537,2004,Croatia,HRV,75
1538,2005,Croatia,HRV,75
1539,2006,Croatia,HRV,75
1540,2007,Croatia,HRV,75
1541,2008,Croatia,HRV,76
1542,2009,Croatia,HRV,76
1543,2010,Croatia,HRV,76
1544,2011,Croatia,HRV,76
1545,2012,Croatia,HRV,76
1546,2013,Croatia,HRV,77
1547,2014,Croatia,HRV,77
1548,2015,Croatia,HRV,77
1549,1980,Cuba,CUB,73
1550,1981,Cuba,CUB,74
1551,1982,Cuba,CUB,74
1552,1983,Cuba,CUB,74
1553,1984,Cuba,CUB,74
1554,1985,Cuba,CUB,74
1555,1986,Cuba,CUB,74
1556,1987,Cuba,CUB,74
1557,1988,Cuba,CUB,74
1558,1989,Cuba,CUB,74
1559,1990,Cuba,CUB,74
1560,1991,Cuba,CUB,74
1561,1992,Cuba,CUB,74
1562,1993,Cuba,CUB,74
1563,1994,Cuba,CUB,75
1564,1995,Cuba,CUB,75
1565,1996,Cuba,CUB,75
1566,1997,Cuba,CUB,75
1567,1998,Cuba,CUB,76
1568,1999,Cuba,CUB,76
1569,2000,Cuba,CUB,76
1570,2001,Cuba,CUB,76
1571,2002,Cuba,CUB,77
1572,2003,Cuba,CUB,77
1573,2004,Cuba,CUB,77
1574,2005,Cuba,CUB,77
1575,2006,Cuba,CUB,78
1576,2007,Cuba,CUB,78
1577,2008,Cuba,CUB,78
1578,2009,Cuba,CUB,78
1579,2010,Cuba,CUB,78
1580,2011,Cuba,CUB,79
1581,2012,Cuba,CUB,79
1582,2013,Cuba,CUB,79
1583,2014,Cuba,CUB,79
1584,2015,Cuba,CUB,79
1585,1980,Curacao,CUW,73
1586,1981,Curacao,CUW,73
1587,1982,Curacao,CUW,73
1588,1983,Curacao,CUW,73
1589,1984,Curacao,CUW,73
1590,1985,Curacao,CUW,74
1591,1986,Curacao,CUW,74
1592,1987,Curacao,CUW,74
1593,1988,Curacao,CUW,74
1594,1989,Curacao,CUW,74
1595,1990,Curacao,CUW,74
1596,1991,Curacao,CUW,74
1597,1992,Curacao,CUW,74
1598,1993,Curacao,CUW,74
1599,1994,Curacao,CUW,74
1600,1995,Curacao,CUW,74
1601,1996,Curacao,CUW,74
1602,1997,Curacao,CUW,74
1603,1998,Curacao,CUW,74
1604,1999,Curacao,CUW,74
1605,2000,Curacao,CUW,74
1606,2001,Curacao,CUW,74
1607,2002,Curacao,CUW,74
1608,2003,Curacao,CUW,75
1609,2004,Curacao,CUW,75
1610,2005,Curacao,CUW,75
1611,2006,Curacao,CUW,75
1612,2007,Curacao,CUW,75
1613,2008,Curacao,CUW,76
1614,2009,Curacao,CUW,76
1615,2010,Curacao,CUW,76
1616,2011,Curacao,CUW,77
1617,2012,Curacao,CUW,77
1618,2013,Curacao,CUW,77
1619,2014,Curacao,CUW,78
1620,2015,Curacao,CUW,78
1621,1980,Cyprus,CYP,74
1622,1981,Cyprus,CYP,74
1623,1982,Cyprus,CYP,75
1624,1983,Cyprus,CYP,75
1625,1984,Cyprus,CYP,75
1626,1985,Cyprus,CYP,75
1627,1986,Cyprus,CYP,75
1628,1987,Cyprus,CYP,76
1629,1988,Cyprus,CYP,76
1630,1989,Cyprus,CYP,76
1631,1990,Cyprus,CYP,76
1632,1991,Cyprus,CYP,76
1633,1992,Cyprus,CYP,76
1634,1993,Cyprus,CYP,77
1635,1994,Cyprus,CYP,77
1636,1995,Cyprus,CYP,77
1637,1996,Cyprus,CYP,77
1638,1997,Cyprus,CYP,77
1639,1998,Cyprus,CYP,77
1640,1999,Cyprus,CYP,77
1641,2000,Cyprus,CYP,78
1642,2001,Cyprus,CYP,78
1643,2002,Cyprus,CYP,78
1644,2003,Cyprus,CYP,78
1645,2004,Cyprus,CYP,78
1646,2005,Cyprus,CYP,78
1647,2006,Cyprus,CYP,78
1648,2007,Cyprus,CYP,78
1649,2008,Cyprus,CYP,79
1650,2009,Cyprus,CYP,79
1651,2010,Cyprus,CYP,79
1652,2011,Cyprus,CYP,79
1653,2012,Cyprus,CYP,79
1654,2013,Cyprus,CYP,79
1655,2014,Cyprus,CYP,80
1656,2015,Cyprus,CYP,80
1657,1980,Czech Republic,CZE,70
1658,1981,Czech Republic,CZE,70
1659,1982,Czech Republic,CZE,70
1660,1983,Czech Republic,CZE,70
1661,1984,Czech Republic,CZE,70
1662,1985,Czech Republic,CZE,71
1663,1986,Czech Republic,CZE,71
1664,1987,Czech Republic,CZE,71
1665,1988,Czech Republic,CZE,71
1666,1989,Czech Republic,CZE,71
1667,1990,Czech Republic,CZE,71
1668,1991,Czech Republic,CZE,72
1669,1992,Czech Republic,CZE,72
1670,1993,Czech Republic,CZE,72
1671,1994,Czech Republic,CZE,73
1672,1995,Czech Republic,CZE,73
1673,1996,Czech Republic,CZE,73
1674,1997,Czech Republic,CZE,74
1675,1998,Czech Republic,CZE,74
1676,1999,Czech Republic,CZE,74
1677,2000,Czech Republic,CZE,74
1678,2001,Czech Republic,CZE,75
1679,2002,Czech Republic,CZE,75
1680,2003,Czech Republic,CZE,75
1681,2004,Czech Republic,CZE,75
1682,2005,Czech Republic,CZE,76
1683,2006,Czech Republic,CZE,76
1684,2007,Czech Republic,CZE,76
1685,2008,Czech Republic,CZE,77
1686,2009,Czech Republic,CZE,77
1687,2010,Czech Republic,CZE,77
1688,2011,Czech Republic,CZE,77
1689,2012,Czech Republic,CZE,78
1690,2013,Czech Republic,CZE,78
1691,2014,Czech Republic,CZE,78
1692,2015,Czech Republic,CZE,78
1693,1980,Democratic Republic of Congo,COD,46
1694,1981,Democratic Republic of Congo,COD,46
1695,1982,Democratic Republic of Congo,COD,46
1696,1983,Democratic Republic of Congo,COD,47
1697,1984,Democratic Republic of Congo,COD,47
1698,1985,Democratic Republic of Congo,COD,47
1699,1986,Democratic Republic of Congo,COD,47
1700,1987,Democratic Republic of Congo,COD,48
1701,1988,Democratic Republic of Congo,COD,48
1702,1989,Democratic Republic of Congo,COD,48
1703,1990,Democratic Republic of Congo,COD,49
1704,1991,Democratic Republic of Congo,COD,49
1705,1992,Democratic Republic of Congo,COD,49
1706,1993,Democratic Republic of Congo,COD,49
1707,1994,Democratic Republic of Congo,COD,49
1708,1995,Democratic Republic of Congo,COD,49
1709,1996,Democratic Republic of Congo,COD,49
1710,1997,Democratic Republic of Congo,COD,49
1711,1998,Democratic Republic of Congo,COD,49
1712,1999,Democratic Republic of Congo,COD,49
1713,2000,Democratic Republic of Congo,COD,50
1714,2001,Democratic Republic of Congo,COD,50
1715,2002,Democratic Republic of Congo,COD,51
1716,2003,Democratic Republic of Congo,COD,52
1717,2004,Democratic Republic of Congo,COD,52
1718,2005,Democratic Republic of Congo,COD,53
1719,2006,Democratic Republic of Congo,COD,54
1720,2007,Democratic Republic of Congo,COD,55
1721,2008,Democratic Republic of Congo,COD,55
1722,2009,Democratic Republic of Congo,COD,56
1723,2010,Democratic Republic of Congo,COD,56
1724,2011,Democratic Republic of Congo,COD,57
1725,2012,Democratic Republic of Congo,COD,57
1726,2013,Democratic Republic of Congo,COD,58
1727,2014,Democratic Republic of Congo,COD,58
1728,2015,Democratic Republic of Congo,COD,59
1729,1980,Denmark,DNK,74
1730,1981,Denmark,DNK,74
1731,1982,Denmark,DNK,74
1732,1983,Denmark,DNK,74
1733,1984,Denmark,DNK,74
1734,1985,Denmark,DNK,74
1735,1986,Denmark,DNK,74
1736,1987,Denmark,DNK,74
1737,1988,Denmark,DNK,74
1738,1989,Denmark,DNK,74
1739,1990,Denmark,DNK,74
1740,1991,Denmark,DNK,75
1741,1992,Denmark,DNK,75
1742,1993,Denmark,DNK,75
1743,1994,Denmark,DNK,75
1744,1995,Denmark,DNK,75
1745,1996,Denmark,DNK,75
1746,1997,Denmark,DNK,76
1747,1998,Denmark,DNK,76
1748,1999,Denmark,DNK,76
1749,2000,Denmark,DNK,76
1750,2001,Denmark,DNK,76
1751,2002,Denmark,DNK,77
1752,2003,Denmark,DNK,77
1753,2004,Denmark,DNK,77
1754,2005,Denmark,DNK,77
1755,2006,Denmark,DNK,78
1756,2007,Denmark,DNK,78
1757,2008,Denmark,DNK,78
1758,2009,Denmark,DNK,79
1759,2010,Denmark,DNK,79
1760,2011,Denmark,DNK,79
1761,2012,Denmark,DNK,79
1762,2013,Denmark,DNK,80
1763,2014,Denmark,DNK,80
1764,2015,Denmark,DNK,80
1765,1980,Djibouti,DJI,53
1766,1981,Djibouti,DJI,54
1767,1982,Djibouti,DJI,54
1768,1983,Djibouti,DJI,54
1769,1984,Djibouti,DJI,55
1770,1985,Djibouti,DJI,55
1771,1986,Djibouti,DJI,55
1772,1987,Djibouti,DJI,56
1773,1988,Djibouti,DJI,56
1774,1989,Djibouti,DJI,56
1775,1990,Djibouti,DJI,56
1776,1991,Djibouti,DJI,56
1777,1992,Djibouti,DJI,56
1778,1993,Djibouti,DJI,57
1779,1994,Djibouti,DJI,57
1780,1995,Djibouti,DJI,57
1781,1996,Djibouti,DJI,57
1782,1997,Djibouti,DJI,57
1783,1998,Djibouti,DJI,56
1784,1999,Djibouti,DJI,56
1785,2000,Djibouti,DJI,57
1786,2001,Djibouti,DJI,57
1787,2002,Djibouti,DJI,57
1788,2003,Djibouti,DJI,57
1789,2004,Djibouti,DJI,57
1790,2005,Djibouti,DJI,57
1791,2006,Djibouti,DJI,58
1792,2007,Djibouti,DJI,58
1793,2008,Djibouti,DJI,59
1794,2009,Djibouti,DJI,59
1795,2010,Djibouti,DJI,60
1796,2011,Djibouti,DJI,60
1797,2012,Djibouti,DJI,61
1798,2013,Djibouti,DJI,61
1799,2014,Djibouti,DJI,62
1800,2015,Djibouti,DJI,62
1801,1980,Dominican Republic,DOM,62
1802,1981,Dominican Republic,DOM,63
1803,1982,Dominican Republic,DOM,63
1804,1983,Dominican Republic,DOM,64
1805,1984,Dominican Republic,DOM,64
1806,1985,Dominican Republic,DOM,65
1807,1986,Dominican Republic,DOM,65
1808,1987,Dominican Republic,DOM,66
1809,1988,Dominican Republic,DOM,66
1810,1989,Dominican Republic,DOM,67
1811,1990,Dominican Republic,DOM,67
1812,1991,Dominican Republic,DOM,68
1813,1992,Dominican Republic,DOM,68
1814,1993,Dominican Republic,DOM,69
1815,1994,Dominican Republic,DOM,69
1816,1995,Dominican Republic,DOM,69
1817,1996,Dominican Republic,DOM,69
1818,1997,Dominican Republic,DOM,70
1819,1998,Dominican Republic,DOM,70
1820,1999,Dominican Republic,DOM,70
1821,2000,Dominican Republic,DOM,70
1822,2001,Dominican Republic,DOM,70
1823,2002,Dominican Republic,DOM,70
1824,2003,Dominican Republic,DOM,71
1825,2004,Dominican Republic,DOM,71
1826,2005,Dominican Republic,DOM,71
1827,2006,Dominican Republic,DOM,71
1828,2007,Dominican Republic,DOM,72
1829,2008,Dominican Republic,DOM,72
1830,2009,Dominican Republic,DOM,72
1831,2010,Dominican Republic,DOM,72
1832,2011,Dominican Republic,DOM,72
1833,2012,Dominican Republic,DOM,73
1834,2013,Dominican Republic,DOM,73
1835,2014,Dominican Republic,DOM,73
1836,2015,Dominican Republic,DOM,73
1837,1980,Ecuador,ECU,63
1838,1981,Ecuador,ECU,63
1839,1982,Ecuador,ECU,64
1840,1983,Ecuador,ECU,64
1841,1984,Ecuador,ECU,65
1842,1985,Ecuador,ECU,66
1843,1986,Ecuador,ECU,66
1844,1987,Ecuador,ECU,67
1845,1988,Ecuador,ECU,67
1846,1989,Ecuador,ECU,68
1847,1990,Ecuador,ECU,68
1848,1991,Ecuador,ECU,69
1849,1992,Ecuador,ECU,69
1850,1993,Ecuador,ECU,70
1851,1994,Ecuador,ECU,70
1852,1995,Ecuador,ECU,71
1853,1996,Ecuador,ECU,71
1854,1997,Ecuador,ECU,71
1855,1998,Ecuador,ECU,72
1856,1999,Ecuador,ECU,72
1857,2000,Ecuador,ECU,72
1858,2001,Ecuador,ECU,73
1859,2002,Ecuador,ECU,73
1860,2003,Ecuador,ECU,73
1861,2004,Ecuador,ECU,73
1862,2005,Ecuador,ECU,74
1863,2006,Ecuador,ECU,74
1864,2007,Ecuador,ECU,74
1865,2008,Ecuador,ECU,74
1866,2009,Ecuador,ECU,74
1867,2010,Ecuador,ECU,75
1868,2011,Ecuador,ECU,75
1869,2012,Ecuador,ECU,75
1870,2013,Ecuador,ECU,75
1871,2014,Ecuador,ECU,75
1872,2015,Ecuador,ECU,76
1873,1980,Egypt,EGY,58
1874,1981,Egypt,EGY,59
1875,1982,Egypt,EGY,59
1876,1983,Egypt,EGY,60
1877,1984,Egypt,EGY,61
1878,1985,Egypt,EGY,61
1879,1986,Egypt,EGY,62
1880,1987,Egypt,EGY,63
1881,1988,Egypt,EGY,63
1882,1989,Egypt,EGY,64
1883,1990,Egypt,EGY,64
1884,1991,Egypt,EGY,64
1885,1992,Egypt,EGY,65
1886,1993,Egypt,EGY,65
1887,1994,Egypt,EGY,66
1888,1995,Egypt,EGY,66
1889,1996,Egypt,EGY,67
1890,1997,Egypt,EGY,67
1891,1998,Egypt,EGY,68
1892,1999,Egypt,EGY,68
1893,2000,Egypt,EGY,68
1894,2001,Egypt,EGY,68
1895,2002,Egypt,EGY,68
1896,2003,Egypt,EGY,69
1897,2004,Egypt,EGY,69
1898,2005,Egypt,EGY,69
1899,2006,Egypt,EGY,69
1900,2007,Egypt,EGY,69
1901,2008,Egypt,EGY,69
1902,2009,Egypt,EGY,70
1903,2010,Egypt,EGY,70
1904,2011,Egypt,EGY,70
1905,2012,Egypt,EGY,70
1906,2013,Egypt,EGY,70
1907,2014,Egypt,EGY,71
1908,2015,Egypt,EGY,71
1909,1980,El Salvador,SLV,56
1910,1981,El Salvador,SLV,56
1911,1982,El Salvador,SLV,57
1912,1983,El Salvador,SLV,57
1913,1984,El Salvador,SLV,58
1914,1985,El Salvador,SLV,59
1915,1986,El Salvador,SLV,60
1916,1987,El Salvador,SLV,61
1917,1988,El Salvador,SLV,62
1918,1989,El Salvador,SLV,63
1919,1990,El Salvador,SLV,63
1920,1991,El Salvador,SLV,64
1921,1992,El Salvador,SLV,65
1922,1993,El Salvador,SLV,66
1923,1994,El Salvador,SLV,66
1924,1995,El Salvador,SLV,67
1925,1996,El Salvador,SLV,67
1926,1997,El Salvador,SLV,67
1927,1998,El Salvador,SLV,68
1928,1999,El Salvador,SLV,68
1929,2000,El Salvador,SLV,68
1930,2001,El Salvador,SLV,69
1931,2002,El Salvador,SLV,69
1932,2003,El Salvador,SLV,69
1933,2004,El Salvador,SLV,70
1934,2005,El Salvador,SLV,70
1935,2006,El Salvador,SLV,70
1936,2007,El Salvador,SLV,70
1937,2008,El Salvador,SLV,71
1938,2009,El Salvador,SLV,71
1939,2010,El Salvador,SLV,71
1940,2011,El Salvador,SLV,72
1941,2012,El Salvador,SLV,72
1942,2013,El Salvador,SLV,72
1943,2014,El Salvador,SLV,73
1944,2015,El Salvador,SLV,73
1945,1980,Equatorial Guinea,GNQ,43
1946,1981,Equatorial Guinea,GNQ,44
1947,1982,Equatorial Guinea,GNQ,45
1948,1983,Equatorial Guinea,GNQ,45
1949,1984,Equatorial Guinea,GNQ,46
1950,1985,Equatorial Guinea,GNQ,46
1951,1986,Equatorial Guinea,GNQ,46
1952,1987,Equatorial Guinea,GNQ,47
1953,1988,Equatorial Guinea,GNQ,47
1954,1989,Equatorial Guinea,GNQ,47
1955,1990,Equatorial Guinea,GNQ,48
1956,1991,Equatorial Guinea,GNQ,48
1957,1992,Equatorial Guinea,GNQ,49
1958,1993,Equatorial Guinea,GNQ,49
1959,1994,Equatorial Guinea,GNQ,50
1960,1995,Equatorial Guinea,GNQ,50
1961,1996,Equatorial Guinea,GNQ,51
1962,1997,Equatorial Guinea,GNQ,51
1963,1998,Equatorial Guinea,GNQ,51
1964,1999,Equatorial Guinea,GNQ,52
1965,2000,Equatorial Guinea,GNQ,52
1966,2001,Equatorial Guinea,GNQ,53
1967,2002,Equatorial Guinea,GNQ,53
1968,2003,Equatorial Guinea,GNQ,53
1969,2004,Equatorial Guinea,GNQ,53
1970,2005,Equatorial Guinea,GNQ,54
1971,2006,Equatorial Guinea,GNQ,54
1972,2007,Equatorial Guinea,GNQ,54
1973,2008,Equatorial Guinea,GNQ,55
1974,2009,Equatorial Guinea,GNQ,55
1975,2010,Equatorial Guinea,GNQ,55
1976,2011,Equatorial Guinea,GNQ,56
1977,2012,Equatorial Guinea,GNQ,56
1978,2013,Equatorial Guinea,GNQ,56
1979,2014,Equatorial Guinea,GNQ,57
1980,2015,Equatorial Guinea,GNQ,57
1981,1980,Eritrea,ERI,46
1982,1981,Eritrea,ERI,46
1983,1982,Eritrea,ERI,47
1984,1983,Eritrea,ERI,47
1985,1984,Eritrea,ERI,47
1986,1985,Eritrea,ERI,47
1987,1986,Eritrea,ERI,48
1988,1987,Eritrea,ERI,48
1989,1988,Eritrea,ERI,48
1990,1989,Eritrea,ERI,49
1991,1990,Eritrea,ERI,49
1992,1991,Eritrea,ERI,50
1993,1992,Eritrea,ERI,50
1994,1993,Eritrea,ERI,51
1995,1994,Eritrea,ERI,51
1996,1995,Eritrea,ERI,52
1997,1996,Eritrea,ERI,52
1998,1997,Eritrea,ERI,53
1999,1998,Eritrea,ERI,54
2000,1999,Eritrea,ERI,54
2001,2000,Eritrea,ERI,55
2002,2001,Eritrea,ERI,55
2003,2002,Eritrea,ERI,56
2004,2003,Eritrea,ERI,57
2005,2004,Eritrea,ERI,57
2006,2005,Eritrea,ERI,58
2007,2006,Eritrea,ERI,59
2008,2007,Eritrea,ERI,60
2009,2008,Eritrea,ERI,60
2010,2009,Eritrea,ERI,61
2011,2010,Eritrea,ERI,62
2012,2011,Eritrea,ERI,62
2013,2012,Eritrea,ERI,63
2014,2013,Eritrea,ERI,63
2015,2014,Eritrea,ERI,64
2016,2015,Eritrea,ERI,64
2017,1980,Estonia,EST,69
2018,1981,Estonia,EST,69
2019,1982,Estonia,EST,69
2020,1983,Estonia,EST,69
2021,1984,Estonia,EST,69
2022,1985,Estonia,EST,69
2023,1986,Estonia,EST,70
2024,1987,Estonia,EST,70
2025,1988,Estonia,EST,69
2026,1989,Estonia,EST,69
2027,1990,Estonia,EST,69
2028,1991,Estonia,EST,69
2029,1992,Estonia,EST,68
2030,1993,Estonia,EST,68
2031,1994,Estonia,EST,68
2032,1995,Estonia,EST,68
2033,1996,Estonia,EST,68
2034,1997,Estonia,EST,69
2035,1998,Estonia,EST,69
2036,1999,Estonia,EST,69
2037,2000,Estonia,EST,70
2038,2001,Estonia,EST,70
2039,2002,Estonia,EST,71
2040,2003,Estonia,EST,71
2041,2004,Estonia,EST,72
2042,2005,Estonia,EST,72
2043,2006,Estonia,EST,73
2044,2007,Estonia,EST,73
2045,2008,Estonia,EST,74
2046,2009,Estonia,EST,74
2047,2010,Estonia,EST,75
2048,2011,Estonia,EST,75
2049,2012,Estonia,EST,76
2050,2013,Estonia,EST,76
2051,2014,Estonia,EST,77
2052,2015,Estonia,EST,77
2053,1980,Ethiopia,ETH,43
2054,1981,Ethiopia,ETH,43
2055,1982,Ethiopia,ETH,43
2056,1983,Ethiopia,ETH,43
2057,1984,Ethiopia,ETH,44
2058,1985,Ethiopia,ETH,44
2059,1986,Ethiopia,ETH,45
2060,1987,Ethiopia,ETH,45
2061,1988,Ethiopia,ETH,46
2062,1989,Ethiopia,ETH,46
2063,1990,Ethiopia,ETH,47
2064,1991,Ethiopia,ETH,47
2065,1992,Ethiopia,ETH,47
2066,1993,Ethiopia,ETH,48
2067,1994,Ethiopia,ETH,48
2068,1995,Ethiopia,ETH,49
2069,1996,Ethiopia,ETH,49
2070,1997,Ethiopia,ETH,50
2071,1998,Ethiopia,ETH,50
2072,1999,Ethiopia,ETH,51
2073,2000,Ethiopia,ETH,51
2074,2001,Ethiopia,ETH,52
2075,2002,Ethiopia,ETH,53
2076,2003,Ethiopia,ETH,54
2077,2004,Ethiopia,ETH,55
2078,2005,Ethiopia,ETH,56
2079,2006,Ethiopia,ETH,57
2080,2007,Ethiopia,ETH,58
2081,2008,Ethiopia,ETH,59
2082,2009,Ethiopia,ETH,60
2083,2010,Ethiopia,ETH,61
2084,2011,Ethiopia,ETH,62
2085,2012,Ethiopia,ETH,63
2086,2013,Ethiopia,ETH,63
2087,2014,Ethiopia,ETH,64
2088,2015,Ethiopia,ETH,65
2089,1980,Fiji,FJI,62
2090,1981,Fiji,FJI,63
2091,1982,Fiji,FJI,63
2092,1983,Fiji,FJI,63
2093,1984,Fiji,FJI,64
2094,1985,Fiji,FJI,64
2095,1986,Fiji,FJI,64
2096,1987,Fiji,FJI,64
2097,1988,Fiji,FJI,65
2098,1989,Fiji,FJI,65
2099,1990,Fiji,FJI,65
2100,1991,Fiji,FJI,65
2101,1992,Fiji,FJI,65
2102,1993,Fiji,FJI,66
2103,1994,Fiji,FJI,66
2104,1995,Fiji,FJI,66
2105,1996,Fiji,FJI,66
2106,1997,Fiji,FJI,66
2107,1998,Fiji,FJI,67
2108,1999,Fiji,FJI,67
2109,2000,Fiji,FJI,67
2110,2001,Fiji,FJI,67
2111,2002,Fiji,FJI,67
2112,2003,Fiji,FJI,68
2113,2004,Fiji,FJI,68
2114,2005,Fiji,FJI,68
2115,2006,Fiji,FJI,68
2116,2007,Fiji,FJI,68
2117,2008,Fiji,FJI,68
2118,2009,Fiji,FJI,69
2119,2010,Fiji,FJI,69
2120,2011,Fiji,FJI,69
2121,2012,Fiji,FJI,69
2122,2013,Fiji,FJI,69
2123,2014,Fiji,FJI,69
2124,2015,Fiji,FJI,70
2125,1980,Finland,FIN,73
2126,1981,Finland,FIN,73
2127,1982,Finland,FIN,74
2128,1983,Finland,FIN,74
2129,1984,Finland,FIN,74
2130,1985,Finland,FIN,74
2131,1986,Finland,FIN,74
2132,1987,Finland,FIN,74
2133,1988,Finland,FIN,74
2134,1989,Finland,FIN,75
2135,1990,Finland,FIN,75
2136,1991,Finland,FIN,75
2137,1992,Finland,FIN,75
2138,1993,Finland,FIN,75
2139,1994,Finland,FIN,76
2140,1995,Finland,FIN,76
2141,1996,Finland,FIN,76
2142,1997,Finland,FIN,76
2143,1998,Finland,FIN,77
2144,1999,Finland,FIN,77
2145,2000,Finland,FIN,77
2146,2001,Finland,FIN,78
2147,2002,Finland,FIN,78
2148,2003,Finland,FIN,78
2149,2004,Finland,FIN,78
2150,2005,Finland,FIN,78
2151,2006,Finland,FIN,79
2152,2007,Finland,FIN,79
2153,2008,Finland,FIN,79
2154,2009,Finland,FIN,79
2155,2010,Finland,FIN,80
2156,2011,Finland,FIN,80
2157,2012,Finland,FIN,80
2158,2013,Finland,FIN,80
2159,2014,Finland,FIN,80
2160,2015,Finland,FIN,81
2161,1980,France,FRA,74
2162,1981,France,FRA,74
2163,1982,France,FRA,74
2164,1983,France,FRA,74
2165,1984,France,FRA,75
2166,1985,France,FRA,75
2167,1986,France,FRA,75
2168,1987,France,FRA,75
2169,1988,France,FRA,76
2170,1989,France,FRA,76
2171,1990,France,FRA,76
2172,1991,France,FRA,76
2173,1992,France,FRA,77
2174,1993,France,FRA,77
2175,1994,France,FRA,77
2176,1995,France,FRA,77
2177,1996,France,FRA,77
2178,1997,France,FRA,78
2179,1998,France,FRA,78
2180,1999,France,FRA,78
2181,2000,France,FRA,78
2182,2001,France,FRA,79
2183,2002,France,FRA,79
2184,2003,France,FRA,79
2185,2004,France,FRA,79
2186,2005,France,FRA,80
2187,2006,France,FRA,80
2188,2007,France,FRA,80
2189,2008,France,FRA,80
2190,2009,France,FRA,81
2191,2010,France,FRA,81
2192,2011,France,FRA,81
2193,2012,France,FRA,81
2194,2013,France,FRA,81
2195,2014,France,FRA,82
2196,2015,France,FRA,82
2197,1980,French Guiana,GUF,67
2198,1981,French Guiana,GUF,68
2199,1982,French Guiana,GUF,68
2200,1983,French Guiana,GUF,69
2201,1984,French Guiana,GUF,69
2202,1985,French Guiana,GUF,70
2203,1986,French Guiana,GUF,70
2204,1987,French Guiana,GUF,70
2205,1988,French Guiana,GUF,71
2206,1989,French Guiana,GUF,71
2207,1990,French Guiana,GUF,71
2208,1991,French Guiana,GUF,72
2209,1992,French Guiana,GUF,72
2210,1993,French Guiana,GUF,72
2211,1994,French Guiana,GUF,73
2212,1995,French Guiana,GUF,73
2213,1996,French Guiana,GUF,73
2214,1997,French Guiana,GUF,74
2215,1998,French Guiana,GUF,74
2216,1999,French Guiana,GUF,74
2217,2000,French Guiana,GUF,75
2218,2001,French Guiana,GUF,75
2219,2002,French Guiana,GUF,75
2220,2003,French Guiana,GUF,76
2221,2004,French Guiana,GUF,76
2222,2005,French Guiana,GUF,77
2223,2006,French Guiana,GUF,77
2224,2007,French Guiana,GUF,77
2225,2008,French Guiana,GUF,78
2226,2009,French Guiana,GUF,78
2227,2010,French Guiana,GUF,78
2228,2011,French Guiana,GUF,78
2229,2012,French Guiana,GUF,79
2230,2013,French Guiana,GUF,79
2231,2014,French Guiana,GUF,79
2232,2015,French Guiana,GUF,79
2233,1980,French Polynesia,PYF,64
2234,1981,French Polynesia,PYF,65
2235,1982,French Polynesia,PYF,65
2236,1983,French Polynesia,PYF,66
2237,1984,French Polynesia,PYF,66
2238,1985,French Polynesia,PYF,67
2239,1986,French Polynesia,PYF,67
2240,1987,French Polynesia,PYF,67
2241,1988,French Polynesia,PYF,68
2242,1989,French Polynesia,PYF,68
2243,1990,French Polynesia,PYF,68
2244,1991,French Polynesia,PYF,69
2245,1992,French Polynesia,PYF,69
2246,1993,French Polynesia,PYF,69
2247,1994,French Polynesia,PYF,70
2248,1995,French Polynesia,PYF,70
2249,1996,French Polynesia,PYF,70
2250,1997,French Polynesia,PYF,71
2251,1998,French Polynesia,PYF,71
2252,1999,French Polynesia,PYF,71
2253,2000,French Polynesia,PYF,72
2254,2001,French Polynesia,PYF,72
2255,2002,French Polynesia,PYF,73
2256,2003,French Polynesia,PYF,73
2257,2004,French Polynesia,PYF,73
2258,2005,French Polynesia,PYF,74
2259,2006,French Polynesia,PYF,74
2260,2007,French Polynesia,PYF,74
2261,2008,French Polynesia,PYF,75
2262,2009,French Polynesia,PYF,75
2263,2010,French Polynesia,PYF,75
2264,2011,French Polynesia,PYF,75
2265,2012,French Polynesia,PYF,76
2266,2013,French Polynesia,PYF,76
2267,2014,French Polynesia,PYF,76
2268,2015,French Polynesia,PYF,76
2269,1980,Gabon,GAB,55
2270,1981,Gabon,GAB,55
2271,1982,Gabon,GAB,56
2272,1983,Gabon,GAB,57
2273,1984,Gabon,GAB,58
2274,1985,Gabon,GAB,59
2275,1986,Gabon,GAB,59
2276,1987,Gabon,GAB,60
2277,1988,Gabon,GAB,60
2278,1989,Gabon,GAB,61
2279,1990,Gabon,GAB,61
2280,1991,Gabon,GAB,61
2281,1992,Gabon,GAB,61
2282,1993,Gabon,GAB,61
2283,1994,Gabon,GAB,60
2284,1995,Gabon,GAB,60
2285,1996,Gabon,GAB,60
2286,1997,Gabon,GAB,60
2287,1998,Gabon,GAB,59
2288,1999,Gabon,GAB,59
2289,2000,Gabon,GAB,59
2290,2001,Gabon,GAB,59
2291,2002,Gabon,GAB,59
2292,2003,Gabon,GAB,59
2293,2004,Gabon,GAB,59
2294,2005,Gabon,GAB,59
2295,2006,Gabon,GAB,60
2296,2007,Gabon,GAB,60
2297,2008,Gabon,GAB,61
2298,2009,Gabon,GAB,62
2299,2010,Gabon,GAB,62
2300,2011,Gabon,GAB,63
2301,2012,Gabon,GAB,64
2302,2013,Gabon,GAB,64
2303,2014,Gabon,GAB,65
2304,2015,Gabon,GAB,65
2305,1980,Gambia,GMB,46
2306,1981,Gambia,GMB,47
2307,1982,Gambia,GMB,47
2308,1983,Gambia,GMB,48
2309,1984,Gambia,GMB,49
2310,1985,Gambia,GMB,49
2311,1986,Gambia,GMB,50
2312,1987,Gambia,GMB,51
2313,1988,Gambia,GMB,51
2314,1989,Gambia,GMB,51
2315,1990,Gambia,GMB,52
2316,1991,Gambia,GMB,52
2317,1992,Gambia,GMB,52
2318,1993,Gambia,GMB,53
2319,1994,Gambia,GMB,53
2320,1995,Gambia,GMB,53
2321,1996,Gambia,GMB,54
2322,1997,Gambia,GMB,54
2323,1998,Gambia,GMB,55
2324,1999,Gambia,GMB,55
2325,2000,Gambia,GMB,55
2326,2001,Gambia,GMB,56
2327,2002,Gambia,GMB,56
2328,2003,Gambia,GMB,57
2329,2004,Gambia,GMB,57
2330,2005,Gambia,GMB,57
2331,2006,Gambia,GMB,58
2332,2007,Gambia,GMB,58
2333,2008,Gambia,GMB,58
2334,2009,Gambia,GMB,59
2335,2010,Gambia,GMB,59
2336,2011,Gambia,GMB,59
2337,2012,Gambia,GMB,60
2338,2013,Gambia,GMB,60
2339,2014,Gambia,GMB,60
2340,2015,Gambia,GMB,60
2341,1980,Georgia,GEO,69
2342,1981,Georgia,GEO,69
2343,1982,Georgia,GEO,69
2344,1983,Georgia,GEO,69
2345,1984,Georgia,GEO,69
2346,1985,Georgia,GEO,70
2347,1986,Georgia,GEO,70
2348,1987,Georgia,GEO,70
2349,1988,Georgia,GEO,70
2350,1989,Georgia,GEO,70
2351,1990,Georgia,GEO,70
2352,1991,Georgia,GEO,70
2353,1992,Georgia,GEO,70
2354,1993,Georgia,GEO,70
2355,1994,Georgia,GEO,70
2356,1995,Georgia,GEO,70
2357,1996,Georgia,GEO,70
2358,1997,Georgia,GEO,70
2359,1998,Georgia,GEO,71
2360,1999,Georgia,GEO,71
2361,2000,Georgia,GEO,71
2362,2001,Georgia,GEO,72
2363,2002,Georgia,GEO,72
2364,2003,Georgia,GEO,72
2365,2004,Georgia,GEO,72
2366,2005,Georgia,GEO,72
2367,2006,Georgia,GEO,72
2368,2007,Georgia,GEO,72
2369,2008,Georgia,GEO,72
2370,2009,Georgia,GEO,72
2371,2010,Georgia,GEO,72
2372,2011,Georgia,GEO,72
2373,2012,Georgia,GEO,72
2374,2013,Georgia,GEO,72
2375,2014,Georgia,GEO,72
2376,2015,Georgia,GEO,73
2377,1980,Germany,DEU,72
2378,1981,Germany,DEU,73
2379,1982,Germany,DEU,73
2380,1983,Germany,DEU,73
2381,1984,Germany,DEU,74
2382,1985,Germany,DEU,74
2383,1986,Germany,DEU,74
2384,1987,Germany,DEU,74
2385,1988,Germany,DEU,75
2386,1989,Germany,DEU,75
2387,1990,Germany,DEU,75
2388,1991,Germany,DEU,75
2389,1992,Germany,DEU,75
2390,1993,Germany,DEU,76
2391,1994,Germany,DEU,76
2392,1995,Germany,DEU,76
2393,1996,Germany,DEU,76
2394,1997,Germany,DEU,77
2395,1998,Germany,DEU,77
2396,1999,Germany,DEU,77
2397,2000,Germany,DEU,77
2398,2001,Germany,DEU,78
2399,2002,Germany,DEU,78
2400,2003,Germany,DEU,78
2401,2004,Germany,DEU,78
2402,2005,Germany,DEU,79
2403,2006,Germany,DEU,79
2404,2007,Germany,DEU,79
2405,2008,Germany,DEU,79
2406,2009,Germany,DEU,79
2407,2010,Germany,DEU,80
2408,2011,Germany,DEU,80
2409,2012,Germany,DEU,80
2410,2013,Germany,DEU,80
2411,2014,Germany,DEU,80
2412,2015,Germany,DEU,80
2413,1980,Ghana,GHA,52
2414,1981,Ghana,GHA,52
2415,1982,Ghana,GHA,52
2416,1983,Ghana,GHA,53
2417,1984,Ghana,GHA,53
2418,1985,Ghana,GHA,54
2419,1986,Ghana,GHA,54
2420,1987,Ghana,GHA,55
2421,1988,Ghana,GHA,55
2422,1989,Ghana,GHA,56
2423,1990,Ghana,GHA,56
2424,1991,Ghana,GHA,57
2425,1992,Ghana,GHA,57
2426,1993,Ghana,GHA,57
2427,1994,Ghana,GHA,57
2428,1995,Ghana,GHA,57
2429,1996,Ghana,GHA,57
2430,1997,Ghana,GHA,57
2431,1998,Ghana,GHA,57
2432,1999,Ghana,GHA,56
2433,2000,Ghana,GHA,56
2434,2001,Ghana,GHA,57
2435,2002,Ghana,GHA,57
2436,2003,Ghana,GHA,57
2437,2004,Ghana,GHA,58
2438,2005,Ghana,GHA,58
2439,2006,Ghana,GHA,59
2440,2007,Ghana,GHA,59
2441,2008,Ghana,GHA,60
2442,2009,Ghana,GHA,60
2443,2010,Ghana,GHA,60
2444,2011,Ghana,GHA,61
2445,2012,Ghana,GHA,61
2446,2013,Ghana,GHA,61
2447,2014,Ghana,GHA,62
2448,2015,Ghana,GHA,62
2449,1980,Greece,GRC,73
2450,1981,Greece,GRC,73
2451,1982,Greece,GRC,74
2452,1983,Greece,GRC,74
2453,1984,Greece,GRC,74
2454,1985,Greece,GRC,75
2455,1986,Greece,GRC,75
2456,1987,Greece,GRC,75
2457,1988,Greece,GRC,75
2458,1989,Greece,GRC,76
2459,1990,Greece,GRC,76
2460,1991,Greece,GRC,76
2461,1992,Greece,GRC,77
2462,1993,Greece,GRC,77
2463,1994,Greece,GRC,77
2464,1995,Greece,GRC,77
2465,1996,Greece,GRC,77
2466,1997,Greece,GRC,78
2467,1998,Greece,GRC,78
2468,1999,Greece,GRC,78
2469,2000,Greece,GRC,78
2470,2001,Greece,GRC,78
2471,2002,Greece,GRC,79
2472,2003,Greece,GRC,79
2473,2004,Greece,GRC,79
2474,2005,Greece,GRC,79
2475,2006,Greece,GRC,79
2476,2007,Greece,GRC,79
2477,2008,Greece,GRC,80
2478,2009,Greece,GRC,80
2479,2010,Greece,GRC,80
2480,2011,Greece,GRC,80
2481,2012,Greece,GRC,80
2482,2013,Greece,GRC,80
2483,2014,Greece,GRC,80
2484,2015,Greece,GRC,81
2485,1980,Grenada,GRD,66
2486,1981,Grenada,GRD,66
2487,1982,Grenada,GRD,67
2488,1983,Grenada,GRD,67
2489,1984,Grenada,GRD,67
2490,1985,Grenada,GRD,67
2491,1986,Grenada,GRD,67
2492,1987,Grenada,GRD,68
2493,1988,Grenada,GRD,68
2494,1989,Grenada,GRD,68
2495,1990,Grenada,GRD,68
2496,1991,Grenada,GRD,68
2497,1992,Grenada,GRD,68
2498,1993,Grenada,GRD,69
2499,1994,Grenada,GRD,69
2500,1995,Grenada,GRD,69
2501,1996,Grenada,GRD,69
2502,1997,Grenada,GRD,69
2503,1998,Grenada,GRD,69
2504,1999,Grenada,GRD,70
2505,2000,Grenada,GRD,70
2506,2001,Grenada,GRD,70
2507,2002,Grenada,GRD,70
2508,2003,Grenada,GRD,70
2509,2004,Grenada,GRD,71
2510,2005,Grenada,GRD,71
2511,2006,Grenada,GRD,71
2512,2007,Grenada,GRD,71
2513,2008,Grenada,GRD,72
2514,2009,Grenada,GRD,72
2515,2010,Grenada,GRD,72
2516,2011,Grenada,GRD,72
2517,2012,Grenada,GRD,73
2518,2013,Grenada,GRD,73
2519,2014,Grenada,GRD,73
2520,2015,Grenada,GRD,73
2521,1980,Guadeloupe,GLP,69
2522,1981,Guadeloupe,GLP,70
2523,1982,Guadeloupe,GLP,70
2524,1983,Guadeloupe,GLP,71
2525,1984,Guadeloupe,GLP,71
2526,1985,Guadeloupe,GLP,71
2527,1986,Guadeloupe,GLP,72
2528,1987,Guadeloupe,GLP,72
2529,1988,Guadeloupe,GLP,72
2530,1989,Guadeloupe,GLP,73
2531,1990,Guadeloupe,GLP,73
2532,1991,Guadeloupe,GLP,74
2533,1992,Guadeloupe,GLP,74
2534,1993,Guadeloupe,GLP,74
2535,1994,Guadeloupe,GLP,75
2536,1995,Guadeloupe,GLP,75
2537,1996,Guadeloupe,GLP,75
2538,1997,Guadeloupe,GLP,76
2539,1998,Guadeloupe,GLP,76
2540,1999,Guadeloupe,GLP,76
2541,2000,Guadeloupe,GLP,77
2542,2001,Guadeloupe,GLP,77
2543,2002,Guadeloupe,GLP,77
2544,2003,Guadeloupe,GLP,78
2545,2004,Guadeloupe,GLP,78
2546,2005,Guadeloupe,GLP,78
2547,2006,Guadeloupe,GLP,78
2548,2007,Guadeloupe,GLP,79
2549,2008,Guadeloupe,GLP,79
2550,2009,Guadeloupe,GLP,79
2551,2010,Guadeloupe,GLP,79
2552,2011,Guadeloupe,GLP,80
2553,2012,Guadeloupe,GLP,80
2554,2013,Guadeloupe,GLP,80
2555,2014,Guadeloupe,GLP,80
2556,2015,Guadeloupe,GLP,81
2557,1980,Guam,GUM,69
2558,1981,Guam,GUM,69
2559,1982,Guam,GUM,69
2560,1983,Guam,GUM,70
2561,1984,Guam,GUM,70
2562,1985,Guam,GUM,70
2563,1986,Guam,GUM,70
2564,1987,Guam,GUM,71
2565,1988,Guam,GUM,71
2566,1989,Guam,GUM,71
2567,1990,Guam,GUM,71
2568,1991,Guam,GUM,72
2569,1992,Guam,GUM,72
2570,1993,Guam,GUM,72
2571,1994,Guam,GUM,72
2572,1995,Guam,GUM,73
2573,1996,Guam,GUM,73
2574,1997,Guam,GUM,73
2575,1998,Guam,GUM,74
2576,1999,Guam,GUM,74
2577,2000,Guam,GUM,75
2578,2001,Guam,GUM,75
2579,2002,Guam,GUM,75
2580,2003,Guam,GUM,76
2581,2004,Guam,GUM,76
2582,2005,Guam,GUM,76
2583,2006,Guam,GUM,76
2584,2007,Guam,GUM,77
2585,2008,Guam,GUM,77
2586,2009,Guam,GUM,77
2587,2010,Guam,GUM,78
2588,2011,Guam,GUM,78
2589,2012,Guam,GUM,78
2590,2013,Guam,GUM,78
2591,2014,Guam,GUM,79
2592,2015,Guam,GUM,79
2593,1980,Guatemala,GTM,57
2594,1981,Guatemala,GTM,57
2595,1982,Guatemala,GTM,58
2596,1983,Guatemala,GTM,58
2597,1984,Guatemala,GTM,59
2598,1985,Guatemala,GTM,59
2599,1986,Guatemala,GTM,60
2600,1987,Guatemala,GTM,60
2601,1988,Guatemala,GTM,61
2602,1989,Guatemala,GTM,61
2603,1990,Guatemala,GTM,62
2604,1991,Guatemala,GTM,62
2605,1992,Guatemala,GTM,63
2606,1993,Guatemala,GTM,63
2607,1994,Guatemala,GTM,64
2608,1995,Guatemala,GTM,65
2609,1996,Guatemala,GTM,65
2610,1997,Guatemala,GTM,66
2611,1998,Guatemala,GTM,66
2612,1999,Guatemala,GTM,67
2613,2000,Guatemala,GTM,67
2614,2001,Guatemala,GTM,68
2615,2002,Guatemala,GTM,68
2616,2003,Guatemala,GTM,69
2617,2004,Guatemala,GTM,69
2618,2005,Guatemala,GTM,69
2619,2006,Guatemala,GTM,70
2620,2007,Guatemala,GTM,70
2621,2008,Guatemala,GTM,70
2622,2009,Guatemala,GTM,71
2623,2010,Guatemala,GTM,71
2624,2011,Guatemala,GTM,71
2625,2012,Guatemala,GTM,72
2626,2013,Guatemala,GTM,72
2627,2014,Guatemala,GTM,72
2628,2015,Guatemala,GTM,73
2629,1980,Guinea,GIN,41
2630,1981,Guinea,GIN,41
2631,1982,Guinea,GIN,42
2632,1983,Guinea,GIN,43
2633,1984,Guinea,GIN,44
2634,1985,Guinea,GIN,45
2635,1986,Guinea,GIN,46
2636,1987,Guinea,GIN,47
2637,1988,Guinea,GIN,48
2638,1989,Guinea,GIN,49
2639,1990,Guinea,GIN,49
2640,1991,Guinea,GIN,50
2641,1992,Guinea,GIN,51
2642,1993,Guinea,GIN,51
2643,1994,Guinea,GIN,51
2644,1995,Guinea,GIN,51
2645,1996,Guinea,GIN,51
2646,1997,Guinea,GIN,51
2647,1998,Guinea,GIN,51
2648,1999,Guinea,GIN,51
2649,2000,Guinea,GIN,51
2650,2001,Guinea,GIN,51
2651,2002,Guinea,GIN,51
2652,2003,Guinea,GIN,51
2653,2004,Guinea,GIN,52
2654,2005,Guinea,GIN,53
2655,2006,Guinea,GIN,53
2656,2007,Guinea,GIN,54
2657,2008,Guinea,GIN,55
2658,2009,Guinea,GIN,56
2659,2010,Guinea,GIN,56
2660,2011,Guinea,GIN,57
2661,2012,Guinea,GIN,57
2662,2013,Guinea,GIN,58
2663,2014,Guinea,GIN,58
2664,2015,Guinea,GIN,59
2665,1980,Guinea-Bissau,GNB,45
2666,1981,Guinea-Bissau,GNB,45
2667,1982,Guinea-Bissau,GNB,46
2668,1983,Guinea-Bissau,GNB,46
2669,1984,Guinea-Bissau,GNB,47
2670,1985,Guinea-Bissau,GNB,47
2671,1986,Guinea-Bissau,GNB,47
2672,1987,Guinea-Bissau,GNB,48
2673,1988,Guinea-Bissau,GNB,48
2674,1989,Guinea-Bissau,GNB,48
2675,1990,Guinea-Bissau,GNB,49
2676,1991,Guinea-Bissau,GNB,49
2677,1992,Guinea-Bissau,GNB,49
2678,1993,Guinea-Bissau,GNB,50
2679,1994,Guinea-Bissau,GNB,50
2680,1995,Guinea-Bissau,GNB,50
2681,1996,Guinea-Bissau,GNB,51
2682,1997,Guinea-Bissau,GNB,51
2683,1998,Guinea-Bissau,GNB,51
2684,1999,Guinea-Bissau,GNB,52
2685,2000,Guinea-Bissau,GNB,52
2686,2001,Guinea-Bissau,GNB,52
2687,2002,Guinea-Bissau,GNB,52
2688,2003,Guinea-Bissau,GNB,52
2689,2004,Guinea-Bissau,GNB,53
2690,2005,Guinea-Bissau,GNB,53
2691,2006,Guinea-Bissau,GNB,53
2692,2007,Guinea-Bissau,GNB,53
2693,2008,Guinea-Bissau,GNB,54
2694,2009,Guinea-Bissau,GNB,54
2695,2010,Guinea-Bissau,GNB,55
2696,2011,Guinea-Bissau,GNB,55
2697,2012,Guinea-Bissau,GNB,55
2698,2013,Guinea-Bissau,GNB,56
2699,2014,Guinea-Bissau,GNB,56
2700,2015,Guinea-Bissau,GNB,57
2701,1980,Guyana,GUY,62
2702,1981,Guyana,GUY,62
2703,1982,Guyana,GUY,62
2704,1983,Guyana,GUY,62
2705,1984,Guyana,GUY,62
2706,1985,Guyana,GUY,62
2707,1986,Guyana,GUY,62
2708,1987,Guyana,GUY,62
2709,1988,Guyana,GUY,63
2710,1989,Guyana,GUY,63
2711,1990,Guyana,GUY,63
2712,1991,Guyana,GUY,63
2713,1992,Guyana,GUY,63
2714,1993,Guyana,GUY,63
2715,1994,Guyana,GUY,63
2716,1995,Guyana,GUY,64
2717,1996,Guyana,GUY,64
2718,1997,Guyana,GUY,64
2719,1998,Guyana,GUY,64
2720,1999,Guyana,GUY,64
2721,2000,Guyana,GUY,64
2722,2001,Guyana,GUY,65
2723,2002,Guyana,GUY,65
2724,2003,Guyana,GUY,65
2725,2004,Guyana,GUY,65
2726,2005,Guyana,GUY,65
2727,2006,Guyana,GUY,65
2728,2007,Guyana,GUY,65
2729,2008,Guyana,GUY,65
2730,2009,Guyana,GUY,65
2731,2010,Guyana,GUY,66
2732,2011,Guyana,GUY,66
2733,2012,Guyana,GUY,66
2734,2013,Guyana,GUY,66
2735,2014,Guyana,GUY,66
2736,2015,Guyana,GUY,66
2737,1980,Haiti,HTI,50
2738,1981,Haiti,HTI,51
2739,1982,Haiti,HTI,51
2740,1983,Haiti,HTI,51
2741,1984,Haiti,HTI,52
2742,1985,Haiti,HTI,52
2743,1986,Haiti,HTI,53
2744,1987,Haiti,HTI,53
2745,1988,Haiti,HTI,53
2746,1989,Haiti,HTI,54
2747,1990,Haiti,HTI,54
2748,1991,Haiti,HTI,54
2749,1992,Haiti,HTI,55
2750,1993,Haiti,HTI,55
2751,1994,Haiti,HTI,55
2752,1995,Haiti,HTI,56
2753,1996,Haiti,HTI,56
2754,1997,Haiti,HTI,56
2755,1998,Haiti,HTI,57
2756,1999,Haiti,HTI,57
2757,2000,Haiti,HTI,57
2758,2001,Haiti,HTI,57
2759,2002,Haiti,HTI,58
2760,2003,Haiti,HTI,58
2761,2004,Haiti,HTI,58
2762,2005,Haiti,HTI,59
2763,2006,Haiti,HTI,59
2764,2007,Haiti,HTI,60
2765,2008,Haiti,HTI,60
2766,2009,Haiti,HTI,60
2767,2010,Haiti,HTI,61
2768,2011,Haiti,HTI,61
2769,2012,Haiti,HTI,62
2770,2013,Haiti,HTI,62
2771,2014,Haiti,HTI,62
2772,2015,Haiti,HTI,63
2773,1980,Honduras,HND,59
2774,1981,Honduras,HND,60
2775,1982,Honduras,HND,61
2776,1983,Honduras,HND,62
2777,1984,Honduras,HND,62
2778,1985,Honduras,HND,63
2779,1986,Honduras,HND,64
2780,1987,Honduras,HND,65
2781,1988,Honduras,HND,65
2782,1989,Honduras,HND,66
2783,1990,Honduras,HND,66
2784,1991,Honduras,HND,67
2785,1992,Honduras,HND,67
2786,1993,Honduras,HND,68
2787,1994,Honduras,HND,68
2788,1995,Honduras,HND,68
2789,1996,Honduras,HND,69
2790,1997,Honduras,HND,69
2791,1998,Honduras,HND,70
2792,1999,Honduras,HND,70
2793,2000,Honduras,HND,70
2794,2001,Honduras,HND,70
2795,2002,Honduras,HND,70
2796,2003,Honduras,HND,71
2797,2004,Honduras,HND,71
2798,2005,Honduras,HND,71
2799,2006,Honduras,HND,71
2800,2007,Honduras,HND,71
2801,2008,Honduras,HND,72
2802,2009,Honduras,HND,72
2803,2010,Honduras,HND,72
2804,2011,Honduras,HND,72
2805,2012,Honduras,HND,72
2806,2013,Honduras,HND,72
2807,2014,Honduras,HND,73
2808,2015,Honduras,HND,73
2809,1980,Hong Kong,HKG,74
2810,1981,Hong Kong,HKG,75
2811,1982,Hong Kong,HKG,75
2812,1983,Hong Kong,HKG,75
2813,1984,Hong Kong,HKG,76
2814,1985,Hong Kong,HKG,76
2815,1986,Hong Kong,HKG,76
2816,1987,Hong Kong,HKG,76
2817,1988,Hong Kong,HKG,77
2818,1989,Hong Kong,HKG,77
2819,1990,Hong Kong,HKG,77
2820,1991,Hong Kong,HKG,77
2821,1992,Hong Kong,HKG,77
2822,1993,Hong Kong,HKG,78
2823,1994,Hong Kong,HKG,78
2824,1995,Hong Kong,HKG,78
2825,1996,Hong Kong,HKG,79
2826,1997,Hong Kong,HKG,79
2827,1998,Hong Kong,HKG,80
2828,1999,Hong Kong,HKG,80
2829,2000,Hong Kong,HKG,80
2830,2001,Hong Kong,HKG,81
2831,2002,Hong Kong,HKG,81
2832,2003,Hong Kong,HKG,81
2833,2004,Hong Kong,HKG,81
2834,2005,Hong Kong,HKG,81
2835,2006,Hong Kong,HKG,82
2836,2007,Hong Kong,HKG,82
2837,2008,Hong Kong,HKG,82
2838,2009,Hong Kong,HKG,82
2839,2010,Hong Kong,HKG,82
2840,2011,Hong Kong,HKG,83
2841,2012,Hong Kong,HKG,83
2842,2013,Hong Kong,HKG,83
2843,2014,Hong Kong,HKG,83
2844,2015,Hong Kong,HKG,83
2845,1980,Hungary,HUN,69
2846,1981,Hungary,HUN,69
2847,1982,Hungary,HUN,69
2848,1983,Hungary,HUN,69
2849,1984,Hungary,HUN,69
2850,1985,Hungary,HUN,69
2851,1986,Hungary,HUN,69
2852,1987,Hungary,HUN,69
2853,1988,Hungary,HUN,69
2854,1989,Hungary,HUN,69
2855,1990,Hungary,HUN,69
2856,1991,Hungary,HUN,69
2857,1992,Hungary,HUN,69
2858,1993,Hungary,HUN,69
2859,1994,Hungary,HUN,69
2860,1995,Hungary,HUN,70
2861,1996,Hungary,HUN,70
2862,1997,Hungary,HUN,70
2863,1998,Hungary,HUN,71
2864,1999,Hungary,HUN,71
2865,2000,Hungary,HUN,71
2866,2001,Hungary,HUN,72
2867,2002,Hungary,HUN,72
2868,2003,Hungary,HUN,72
2869,2004,Hungary,HUN,72
2870,2005,Hungary,HUN,73
2871,2006,Hungary,HUN,73
2872,2007,Hungary,HUN,73
2873,2008,Hungary,HUN,73
2874,2009,Hungary,HUN,74
2875,2010,Hungary,HUN,74
2876,2011,Hungary,HUN,74
2877,2012,Hungary,HUN,75
2878,2013,Hungary,HUN,75
2879,2014,Hungary,HUN,75
2880,2015,Hungary,HUN,75
2881,1980,Iceland,ISL,76
2882,1981,Iceland,ISL,76
2883,1982,Iceland,ISL,76
2884,1983,Iceland,ISL,76
2885,1984,Iceland,ISL,77
2886,1985,Iceland,ISL,77
2887,1986,Iceland,ISL,77
2888,1987,Iceland,ISL,77
2889,1988,Iceland,ISL,77
2890,1989,Iceland,ISL,77
2891,1990,Iceland,ISL,78
2892,1991,Iceland,ISL,78
2893,1992,Iceland,ISL,78
2894,1993,Iceland,ISL,78
2895,1994,Iceland,ISL,78
2896,1995,Iceland,ISL,78
2897,1996,Iceland,ISL,78
2898,1997,Iceland,ISL,79
2899,1998,Iceland,ISL,79
2900,1999,Iceland,ISL,79
2901,2000,Iceland,ISL,79
2902,2001,Iceland,ISL,80
2903,2002,Iceland,ISL,80
2904,2003,Iceland,ISL,80
2905,2004,Iceland,ISL,80
2906,2005,Iceland,ISL,81
2907,2006,Iceland,ISL,81
2908,2007,Iceland,ISL,81
2909,2008,Iceland,ISL,81
2910,2009,Iceland,ISL,81
2911,2010,Iceland,ISL,81
2912,2011,Iceland,ISL,81
2913,2012,Iceland,ISL,82
2914,2013,Iceland,ISL,82
2915,2014,Iceland,ISL,82
2916,2015,Iceland,ISL,82
2917,1980,India,IND,53
2918,1981,India,IND,54
2919,1982,India,IND,54
2920,1983,India,IND,55
2921,1984,India,IND,55
2922,1985,India,IND,55
2923,1986,India,IND,56
2924,1987,India,IND,56
2925,1988,India,IND,57
2926,1989,India,IND,57
2927,1990,India,IND,57
2928,1991,India,IND,58
2929,1992,India,IND,58
2930,1993,India,IND,59
2931,1994,India,IND,59
2932,1995,India,IND,60
2933,1996,India,IND,60
2934,1997,India,IND,61
2935,1998,India,IND,61
2936,1999,India,IND,62
2937,2000,India,IND,62
2938,2001,India,IND,62
2939,2002,India,IND,63
2940,2003,India,IND,63
2941,2004,India,IND,64
2942,2005,India,IND,64
2943,2006,India,IND,64
2944,2007,India,IND,65
2945,2008,India,IND,65
2946,2009,India,IND,66
2947,2010,India,IND,66
2948,2011,India,IND,67
2949,2012,India,IND,67
2950,2013,India,IND,67
2951,2014,India,IND,68
2952,2015,India,IND,68
2953,1980,Indonesia,IDN,59
2954,1981,Indonesia,IDN,60
2955,1982,Indonesia,IDN,60
2956,1983,Indonesia,IDN,60
2957,1984,Indonesia,IDN,61
2958,1985,Indonesia,IDN,61
2959,1986,Indonesia,IDN,61
2960,1987,Indonesia,IDN,62
2961,1988,Indonesia,IDN,62
2962,1989,Indonesia,IDN,62
2963,1990,Indonesia,IDN,63
2964,1991,Indonesia,IDN,63
2965,1992,Indonesia,IDN,63
2966,1993,Indonesia,IDN,64
2967,1994,Indonesia,IDN,64
2968,1995,Indonesia,IDN,65
2969,1996,Indonesia,IDN,65
2970,1997,Indonesia,IDN,65
2971,1998,Indonesia,IDN,65
2972,1999,Indonesia,IDN,66
2973,2000,Indonesia,IDN,66
2974,2001,Indonesia,IDN,66
2975,2002,Indonesia,IDN,66
2976,2003,Indonesia,IDN,66
2977,2004,Indonesia,IDN,67
2978,2005,Indonesia,IDN,67
2979,2006,Indonesia,IDN,67
2980,2007,Indonesia,IDN,67
2981,2008,Indonesia,IDN,67
2982,2009,Indonesia,IDN,67
2983,2010,Indonesia,IDN,68
2984,2011,Indonesia,IDN,68
2985,2012,Indonesia,IDN,68
2986,2013,Indonesia,IDN,68
2987,2014,Indonesia,IDN,68
2988,2015,Indonesia,IDN,69
2989,1980,Iran,IRN,54
2990,1981,Iran,IRN,53
2991,1982,Iran,IRN,53
2992,1983,Iran,IRN,53
2993,1984,Iran,IRN,53
2994,1985,Iran,IRN,55
2995,1986,Iran,IRN,56
2996,1987,Iran,IRN,58
2997,1988,Iran,IRN,60
2998,1989,Iran,IRN,62
2999,1990,Iran,IRN,63
3000,1991,Iran,IRN,65
3001,1992,Iran,IRN,66
3002,1993,Iran,IRN,67
3003,1994,Iran,IRN,67
3004,1995,Iran,IRN,68
3005,1996,Iran,IRN,68
3006,1997,Iran,IRN,69
3007,1998,Iran,IRN,69
3008,1999,Iran,IRN,69
3009,2000,Iran,IRN,70
3010,2001,Iran,IRN,70
3011,2002,Iran,IRN,70
3012,2003,Iran,IRN,71
3013,2004,Iran,IRN,71
3014,2005,Iran,IRN,71
3015,2006,Iran,IRN,72
3016,2007,Iran,IRN,72
3017,2008,Iran,IRN,73
3018,2009,Iran,IRN,73
3019,2010,Iran,IRN,73
3020,2011,Iran,IRN,74
3021,2012,Iran,IRN,74
3022,2013,Iran,IRN,75
3023,2014,Iran,IRN,75
3024,2015,Iran,IRN,75
3025,1980,Iraq,IRQ,60
3026,1981,Iraq,IRQ,59
3027,1982,Iraq,IRQ,59
3028,1983,Iraq,IRQ,59
3029,1984,Iraq,IRQ,60
3030,1985,Iraq,IRQ,61
3031,1986,Iraq,IRQ,62
3032,1987,Iraq,IRQ,63
3033,1988,Iraq,IRQ,64
3034,1989,Iraq,IRQ,65
3035,1990,Iraq,IRQ,66
3036,1991,Iraq,IRQ,66
3037,1992,Iraq,IRQ,67
3038,1993,Iraq,IRQ,67
3039,1994,Iraq,IRQ,68
3040,1995,Iraq,IRQ,68
3041,1996,Iraq,IRQ,68
3042,1997,Iraq,IRQ,68
3043,1998,Iraq,IRQ,69
3044,1999,Iraq,IRQ,69
3045,2000,Iraq,IRQ,69
3046,2001,Iraq,IRQ,69
3047,2002,Iraq,IRQ,68
3048,2003,Iraq,IRQ,68
3049,2004,Iraq,IRQ,68
3050,2005,Iraq,IRQ,68
3051,2006,Iraq,IRQ,68
3052,2007,Iraq,IRQ,68
3053,2008,Iraq,IRQ,68
3054,2009,Iraq,IRQ,68
3055,2010,Iraq,IRQ,68
3056,2011,Iraq,IRQ,68
3057,2012,Iraq,IRQ,68
3058,2013,Iraq,IRQ,69
3059,2014,Iraq,IRQ,69
3060,2015,Iraq,IRQ,69
3061,1980,Ireland,IRL,72
3062,1981,Ireland,IRL,72
3063,1982,Ireland,IRL,73
3064,1983,Ireland,IRL,73
3065,1984,Ireland,IRL,73
3066,1985,Ireland,IRL,73
3067,1986,Ireland,IRL,73
3068,1987,Ireland,IRL,74
3069,1988,Ireland,IRL,74
3070,1989,Ireland,IRL,74
3071,1990,Ireland,IRL,74
3072,1991,Ireland,IRL,75
3073,1992,Ireland,IRL,75
3074,1993,Ireland,IRL,75
3075,1994,Ireland,IRL,75
3076,1995,Ireland,IRL,75
3077,1996,Ireland,IRL,75
3078,1997,Ireland,IRL,75
3079,1998,Ireland,IRL,76
3080,1999,Ireland,IRL,76
3081,2000,Ireland,IRL,76
3082,2001,Ireland,IRL,77
3083,2002,Ireland,IRL,77
3084,2003,Ireland,IRL,78
3085,2004,Ireland,IRL,78
3086,2005,Ireland,IRL,78
3087,2006,Ireland,IRL,79
3088,2007,Ireland,IRL,79
3089,2008,Ireland,IRL,79
3090,2009,Ireland,IRL,80
3091,2010,Ireland,IRL,80
3092,2011,Ireland,IRL,80
3093,2012,Ireland,IRL,80
3094,2013,Ireland,IRL,80
3095,2014,Ireland,IRL,81
3096,2015,Ireland,IRL,81
3097,1980,Israel,ISR,74
3098,1981,Israel,ISR,74
3099,1982,Israel,ISR,74
3100,1983,Israel,ISR,74
3101,1984,Israel,ISR,75
3102,1985,Israel,ISR,75
3103,1986,Israel,ISR,75
3104,1987,Israel,ISR,75
3105,1988,Israel,ISR,76
3106,1989,Israel,ISR,76
3107,1990,Israel,ISR,76
3108,1991,Israel,ISR,76
3109,1992,Israel,ISR,77
3110,1993,Israel,ISR,77
3111,1994,Israel,ISR,77
3112,1995,Israel,ISR,77
3113,1996,Israel,ISR,77
3114,1997,Israel,ISR,78
3115,1998,Israel,ISR,78
3116,1999,Israel,ISR,78
3117,2000,Israel,ISR,78
3118,2001,Israel,ISR,79
3119,2002,Israel,ISR,79
3120,2003,Israel,ISR,79
3121,2004,Israel,ISR,79
3122,2005,Israel,ISR,80
3123,2006,Israel,ISR,80
3124,2007,Israel,ISR,80
3125,2008,Israel,ISR,81
3126,2009,Israel,ISR,81
3127,2010,Israel,ISR,81
3128,2011,Israel,ISR,81
3129,2012,Israel,ISR,81
3130,2013,Israel,ISR,82
3131,2014,Israel,ISR,82
3132,2015,Israel,ISR,82
3133,1980,Italy,ITA,74
3134,1981,Italy,ITA,74
3135,1982,Italy,ITA,74
3136,1983,Italy,ITA,75
3137,1984,Italy,ITA,75
3138,1985,Italy,ITA,75
3139,1986,Italy,ITA,75
3140,1987,Italy,ITA,76
3141,1988,Italy,ITA,76
3142,1989,Italy,ITA,76
3143,1990,Italy,ITA,76
3144,1991,Italy,ITA,77
3145,1992,Italy,ITA,77
3146,1993,Italy,ITA,77
3147,1994,Italy,ITA,77
3148,1995,Italy,ITA,78
3149,1996,Italy,ITA,78
3150,1997,Italy,ITA,78
3151,1998,Italy,ITA,78
3152,1999,Italy,ITA,79
3153,2000,Italy,ITA,79
3154,2001,Italy,ITA,79
3155,2002,Italy,ITA,80
3156,2003,Italy,ITA,80
3157,2004,Italy,ITA,80
3158,2005,Italy,ITA,80
3159,2006,Italy,ITA,81
3160,2007,Italy,ITA,81
3161,2008,Italy,ITA,81
3162,2009,Italy,ITA,81
3163,2010,Italy,ITA,81
3164,2011,Italy,ITA,82
3165,2012,Italy,ITA,82
3166,2013,Italy,ITA,82
3167,2014,Italy,ITA,82
3168,2015,Italy,ITA,82
3169,1980,Jamaica,JAM,71
3170,1981,Jamaica,JAM,71
3171,1982,Jamaica,JAM,71
3172,1983,Jamaica,JAM,72
3173,1984,Jamaica,JAM,72
3174,1985,Jamaica,JAM,72
3175,1986,Jamaica,JAM,72
3176,1987,Jamaica,JAM,72
3177,1988,Jamaica,JAM,72
3178,1989,Jamaica,JAM,72
3179,1990,Jamaica,JAM,72
3180,1991,Jamaica,JAM,72
3181,1992,Jamaica,JAM,72
3182,1993,Jamaica,JAM,71
3183,1994,Jamaica,JAM,71
3184,1995,Jamaica,JAM,71
3185,1996,Jamaica,JAM,72
3186,1997,Jamaica,JAM,72
3187,1998,Jamaica,JAM,72
3188,1999,Jamaica,JAM,72
3189,2000,Jamaica,JAM,72
3190,2001,Jamaica,JAM,72
3191,2002,Jamaica,JAM,72
3192,2003,Jamaica,JAM,72
3193,2004,Jamaica,JAM,73
3194,2005,Jamaica,JAM,73
3195,2006,Jamaica,JAM,73
3196,2007,Jamaica,JAM,74
3197,2008,Jamaica,JAM,74
3198,2009,Jamaica,JAM,74
3199,2010,Jamaica,JAM,74
3200,2011,Jamaica,JAM,75
3201,2012,Jamaica,JAM,75
3202,2013,Jamaica,JAM,75
3203,2014,Jamaica,JAM,75
3204,2015,Jamaica,JAM,75
3205,1980,Japan,JPN,76
3206,1981,Japan,JPN,76
3207,1982,Japan,JPN,76
3208,1983,Japan,JPN,77
3209,1984,Japan,JPN,77
3210,1985,Japan,JPN,77
3211,1986,Japan,JPN,78
3212,1987,Japan,JPN,78
3213,1988,Japan,JPN,78
3214,1989,Japan,JPN,78
3215,1990,Japan,JPN,79
3216,1991,Japan,JPN,79
3217,1992,Japan,JPN,79
3218,1993,Japan,JPN,79
3219,1994,Japan,JPN,79
3220,1995,Japan,JPN,79
3221,1996,Japan,JPN,80
3222,1997,Japan,JPN,80
3223,1998,Japan,JPN,80
3224,1999,Japan,JPN,80
3225,2000,Japan,JPN,81
3226,2001,Japan,JPN,81
3227,2002,Japan,JPN,81
3228,2003,Japan,JPN,81
3229,2004,Japan,JPN,82
3230,2005,Japan,JPN,82
3231,2006,Japan,JPN,82
3232,2007,Japan,JPN,82
3233,2008,Japan,JPN,82
3234,2009,Japan,JPN,82
3235,2010,Japan,JPN,82
3236,2011,Japan,JPN,83
3237,2012,Japan,JPN,83
3238,2013,Japan,JPN,83
3239,2014,Japan,JPN,83
3240,2015,Japan,JPN,83
3241,1980,Jordan,JOR,66
3242,1981,Jordan,JOR,66
3243,1982,Jordan,JOR,67
3244,1983,Jordan,JOR,67
3245,1984,Jordan,JOR,67
3246,1985,Jordan,JOR,68
3247,1986,Jordan,JOR,68
3248,1987,Jordan,JOR,68
3249,1988,Jordan,JOR,69
3250,1989,Jordan,JOR,69
3251,1990,Jordan,JOR,69
3252,1991,Jordan,JOR,70
3253,1992,Jordan,JOR,70
3254,1993,Jordan,JOR,70
3255,1994,Jordan,JOR,70
3256,1995,Jordan,JOR,70
3257,1996,Jordan,JOR,71
3258,1997,Jordan,JOR,71
3259,1998,Jordan,JOR,71
3260,1999,Jordan,JOR,71
3261,2000,Jordan,JOR,71
3262,2001,Jordan,JOR,71
3263,2002,Jordan,JOR,72
3264,2003,Jordan,JOR,72
3265,2004,Jordan,JOR,72
3266,2005,Jordan,JOR,72
3267,2006,Jordan,JOR,72
3268,2007,Jordan,JOR,72
3269,2008,Jordan,JOR,73
3270,2009,Jordan,JOR,73
3271,2010,Jordan,JOR,73
3272,2011,Jordan,JOR,73
3273,2012,Jordan,JOR,73
3274,2013,Jordan,JOR,73
3275,2014,Jordan,JOR,74
3276,2015,Jordan,JOR,74
3277,1980,Kazakhstan,KAZ,65
3278,1981,Kazakhstan,KAZ,65
3279,1982,Kazakhstan,KAZ,65
3280,1983,Kazakhstan,KAZ,66
3281,1984,Kazakhstan,KAZ,66
3282,1985,Kazakhstan,KAZ,66
3283,1986,Kazakhstan,KAZ,67
3284,1987,Kazakhstan,KAZ,67
3285,1988,Kazakhstan,KAZ,67
3286,1989,Kazakhstan,KAZ,67
3287,1990,Kazakhstan,KAZ,66
3288,1991,Kazakhstan,KAZ,66
3289,1992,Kazakhstan,KAZ,65
3290,1993,Kazakhstan,KAZ,65
3291,1994,Kazakhstan,KAZ,64
3292,1995,Kazakhstan,KAZ,63
3293,1996,Kazakhstan,KAZ,63
3294,1997,Kazakhstan,KAZ,63
3295,1998,Kazakhstan,KAZ,63
3296,1999,Kazakhstan,KAZ,63
3297,2000,Kazakhstan,KAZ,63
3298,2001,Kazakhstan,KAZ,63
3299,2002,Kazakhstan,KAZ,64
3300,2003,Kazakhstan,KAZ,64
3301,2004,Kazakhstan,KAZ,64
3302,2005,Kazakhstan,KAZ,65
3303,2006,Kazakhstan,KAZ,65
3304,2007,Kazakhstan,KAZ,66
3305,2008,Kazakhstan,KAZ,66
3306,2009,Kazakhstan,KAZ,67
3307,2010,Kazakhstan,KAZ,67
3308,2011,Kazakhstan,KAZ,68
3309,2012,Kazakhstan,KAZ,68
3310,2013,Kazakhstan,KAZ,69
3311,2014,Kazakhstan,KAZ,69
3312,2015,Kazakhstan,KAZ,69
3313,1980,Kenya,KEN,57
3314,1981,Kenya,KEN,58
3315,1982,Kenya,KEN,58
3316,1983,Kenya,KEN,58
3317,1984,Kenya,KEN,59
3318,1985,Kenya,KEN,59
3319,1986,Kenya,KEN,58
3320,1987,Kenya,KEN,58
3321,1988,Kenya,KEN,58
3322,1989,Kenya,KEN,58
3323,1990,Kenya,KEN,57
3324,1991,Kenya,KEN,56
3325,1992,Kenya,KEN,56
3326,1993,Kenya,KEN,55
3327,1994,Kenya,KEN,54
3328,1995,Kenya,KEN,53
3329,1996,Kenya,KEN,53
3330,1997,Kenya,KEN,52
3331,1998,Kenya,KEN,52
3332,1999,Kenya,KEN,51
3333,2000,Kenya,KEN,51
3334,2001,Kenya,KEN,52
3335,2002,Kenya,KEN,52
3336,2003,Kenya,KEN,53
3337,2004,Kenya,KEN,54
3338,2005,Kenya,KEN,55
3339,2006,Kenya,KEN,57
3340,2007,Kenya,KEN,58
3341,2008,Kenya,KEN,60
3342,2009,Kenya,KEN,61
3343,2010,Kenya,KEN,62
3344,2011,Kenya,KEN,64
3345,2012,Kenya,KEN,64
3346,2013,Kenya,KEN,65
3347,2014,Kenya,KEN,66
3348,2015,Kenya,KEN,66
3349,1980,Kiribati,KIR,56
3350,1981,Kiribati,KIR,57
3351,1982,Kiribati,KIR,57
3352,1983,Kiribati,KIR,57
3353,1984,Kiribati,KIR,57
3354,1985,Kiribati,KIR,58
3355,1986,Kiribati,KIR,58
3356,1987,Kiribati,KIR,58
3357,1988,Kiribati,KIR,59
3358,1989,Kiribati,KIR,59
3359,1990,Kiribati,KIR,60
3360,1991,Kiribati,KIR,60
3361,1992,Kiribati,KIR,61
3362,1993,Kiribati,KIR,61
3363,1994,Kiribati,KIR,62
3364,1995,Kiribati,KIR,62
3365,1996,Kiribati,KIR,62
3366,1997,Kiribati,KIR,63
3367,1998,Kiribati,KIR,63
3368,1999,Kiribati,KIR,63
3369,2000,Kiribati,KIR,64
3370,2001,Kiribati,KIR,64
3371,2002,Kiribati,KIR,64
3372,2003,Kiribati,KIR,64
3373,2004,Kiribati,KIR,64
3374,2005,Kiribati,KIR,64
3375,2006,Kiribati,KIR,64
3376,2007,Kiribati,KIR,65
3377,2008,Kiribati,KIR,65
3378,2009,Kiribati,KIR,65
3379,2010,Kiribati,KIR,65
3380,2011,Kiribati,KIR,65
3381,2012,Kiribati,KIR,65
3382,2013,Kiribati,KIR,65
3383,2014,Kiribati,KIR,65
3384,2015,Kiribati,KIR,66
3385,1980,Kuwait,KWT,69
3386,1981,Kuwait,KWT,69
3387,1982,Kuwait,KWT,70
3388,1983,Kuwait,KWT,70
3389,1984,Kuwait,KWT,70
3390,1985,Kuwait,KWT,71
3391,1986,Kuwait,KWT,71
3392,1987,Kuwait,KWT,71
3393,1988,Kuwait,KWT,71
3394,1989,Kuwait,KWT,71
3395,1990,Kuwait,KWT,72
3396,1991,Kuwait,KWT,72
3397,1992,Kuwait,KWT,72
3398,1993,Kuwait,KWT,72
3399,1994,Kuwait,KWT,72
3400,1995,Kuwait,KWT,72
3401,1996,Kuwait,KWT,72
3402,1997,Kuwait,KWT,72
3403,1998,Kuwait,KWT,73
3404,1999,Kuwait,KWT,73
3405,2000,Kuwait,KWT,73
3406,2001,Kuwait,KWT,73
3407,2002,Kuwait,KWT,73
3408,2003,Kuwait,KWT,73
3409,2004,Kuwait,KWT,73
3410,2005,Kuwait,KWT,73
3411,2006,Kuwait,KWT,73
3412,2007,Kuwait,KWT,73
3413,2008,Kuwait,KWT,73
3414,2009,Kuwait,KWT,73
3415,2010,Kuwait,KWT,73
3416,2011,Kuwait,KWT,74
3417,2012,Kuwait,KWT,74
3418,2013,Kuwait,KWT,74
3419,2014,Kuwait,KWT,74
3420,2015,Kuwait,KWT,74
3421,1980,Kyrgyzstan,KGZ,63
3422,1981,Kyrgyzstan,KGZ,63
3423,1982,Kyrgyzstan,KGZ,63
3424,1983,Kyrgyzstan,KGZ,64
3425,1984,Kyrgyzstan,KGZ,64
3426,1985,Kyrgyzstan,KGZ,65
3427,1986,Kyrgyzstan,KGZ,65
3428,1987,Kyrgyzstan,KGZ,65
3429,1988,Kyrgyzstan,KGZ,66
3430,1989,Kyrgyzstan,KGZ,66
3431,1990,Kyrgyzstan,KGZ,66
3432,1991,Kyrgyzstan,KGZ,66
3433,1992,Kyrgyzstan,KGZ,66
3434,1993,Kyrgyzstan,KGZ,66
3435,1994,Kyrgyzstan,KGZ,66
3436,1995,Kyrgyzstan,KGZ,66
3437,1996,Kyrgyzstan,KGZ,65
3438,1997,Kyrgyzstan,KGZ,66
3439,1998,Kyrgyzstan,KGZ,66
3440,1999,Kyrgyzstan,KGZ,66
3441,2000,Kyrgyzstan,KGZ,66
3442,2001,Kyrgyzstan,KGZ,66
3443,2002,Kyrgyzstan,KGZ,66
3444,2003,Kyrgyzstan,KGZ,66
3445,2004,Kyrgyzstan,KGZ,66
3446,2005,Kyrgyzstan,KGZ,67
3447,2006,Kyrgyzstan,KGZ,67
3448,2007,Kyrgyzstan,KGZ,67
3449,2008,Kyrgyzstan,KGZ,67
3450,2009,Kyrgyzstan,KGZ,68
3451,2010,Kyrgyzstan,KGZ,68
3452,2011,Kyrgyzstan,KGZ,69
3453,2012,Kyrgyzstan,KGZ,69
3454,2013,Kyrgyzstan,KGZ,70
3455,2014,Kyrgyzstan,KGZ,70
3456,2015,Kyrgyzstan,KGZ,70
3457,1980,Laos,LAO,49
3458,1981,Laos,LAO,49
3459,1982,Laos,LAO,49
3460,1983,Laos,LAO,50
3461,1984,Laos,LAO,50
3462,1985,Laos,LAO,51
3463,1986,Laos,LAO,51
3464,1987,Laos,LAO,52
3465,1988,Laos,LAO,52
3466,1989,Laos,LAO,53
3467,1990,Laos,LAO,53
3468,1991,Laos,LAO,54
3469,1992,Laos,LAO,54
3470,1993,Laos,LAO,55
3471,1994,Laos,LAO,55
3472,1995,Laos,LAO,56
3473,1996,Laos,LAO,56
3474,1997,Laos,LAO,57
3475,1998,Laos,LAO,57
3476,1999,Laos,LAO,58
3477,2000,Laos,LAO,58
3478,2001,Laos,LAO,59
3479,2002,Laos,LAO,60
3480,2003,Laos,LAO,60
3481,2004,Laos,LAO,61
3482,2005,Laos,LAO,61
3483,2006,Laos,LAO,62
3484,2007,Laos,LAO,62
3485,2008,Laos,LAO,63
3486,2009,Laos,LAO,63
3487,2010,Laos,LAO,64
3488,2011,Laos,LAO,64
3489,2012,Laos,LAO,65
3490,2013,Laos,LAO,65
3491,2014,Laos,LAO,65
3492,2015,Laos,LAO,66
3493,1980,Latvia,LVA,68
3494,1981,Latvia,LVA,68
3495,1982,Latvia,LVA,69
3496,1983,Latvia,LVA,69
3497,1984,Latvia,LVA,69
3498,1985,Latvia,LVA,69
3499,1986,Latvia,LVA,70
3500,1987,Latvia,LVA,70
3501,1988,Latvia,LVA,69
3502,1989,Latvia,LVA,69
3503,1990,Latvia,LVA,69
3504,1991,Latvia,LVA,68
3505,1992,Latvia,LVA,68
3506,1993,Latvia,LVA,67
3507,1994,Latvia,LVA,67
3508,1995,Latvia,LVA,67
3509,1996,Latvia,LVA,68
3510,1997,Latvia,LVA,68
3511,1998,Latvia,LVA,68
3512,1999,Latvia,LVA,69
3513,2000,Latvia,LVA,69
3514,2001,Latvia,LVA,70
3515,2002,Latvia,LVA,70
3516,2003,Latvia,LVA,70
3517,2004,Latvia,LVA,70
3518,2005,Latvia,LVA,71
3519,2006,Latvia,LVA,71
3520,2007,Latvia,LVA,71
3521,2008,Latvia,LVA,71
3522,2009,Latvia,LVA,72
3523,2010,Latvia,LVA,72
3524,2011,Latvia,LVA,73
3525,2012,Latvia,LVA,73
3526,2013,Latvia,LVA,73
3527,2014,Latvia,LVA,74
3528,2015,Latvia,LVA,74
3529,1980,Lebanon,LBN,67
3530,1981,Lebanon,LBN,68
3531,1982,Lebanon,LBN,68
3532,1983,Lebanon,LBN,68
3533,1984,Lebanon,LBN,68
3534,1985,Lebanon,LBN,68
3535,1986,Lebanon,LBN,69
3536,1987,Lebanon,LBN,69
3537,1988,Lebanon,LBN,69
3538,1989,Lebanon,LBN,69
3539,1990,Lebanon,LBN,70
3540,1991,Lebanon,LBN,70
3541,1992,Lebanon,LBN,70
3542,1993,Lebanon,LBN,71
3543,1994,Lebanon,LBN,71
3544,1995,Lebanon,LBN,72
3545,1996,Lebanon,LBN,72
3546,1997,Lebanon,LBN,72
3547,1998,Lebanon,LBN,73
3548,1999,Lebanon,LBN,73
3549,2000,Lebanon,LBN,74
3550,2001,Lebanon,LBN,74
3551,2002,Lebanon,LBN,75
3552,2003,Lebanon,LBN,75
3553,2004,Lebanon,LBN,76
3554,2005,Lebanon,LBN,76
3555,2006,Lebanon,LBN,77
3556,2007,Lebanon,LBN,77
3557,2008,Lebanon,LBN,77
3558,2009,Lebanon,LBN,78
3559,2010,Lebanon,LBN,78
3560,2011,Lebanon,LBN,78
3561,2012,Lebanon,LBN,78
3562,2013,Lebanon,LBN,79
3563,2014,Lebanon,LBN,79
3564,2015,Lebanon,LBN,79
3565,1980,Lesotho,LSO,53
3566,1981,Lesotho,LSO,54
3567,1982,Lesotho,LSO,54
3568,1983,Lesotho,LSO,55
3569,1984,Lesotho,LSO,55
3570,1985,Lesotho,LSO,56
3571,1986,Lesotho,LSO,56
3572,1987,Lesotho,LSO,57
3573,1988,Lesotho,LSO,58
3574,1989,Lesotho,LSO,58
3575,1990,Lesotho,LSO,59
3576,1991,Lesotho,LSO,59
3577,1992,Lesotho,LSO,59
3578,1993,Lesotho,LSO,58
3579,1994,Lesotho,LSO,58
3580,1995,Lesotho,LSO,56
3581,1996,Lesotho,LSO,55
3582,1997,Lesotho,LSO,53
3583,1998,Lesotho,LSO,51
3584,1999,Lesotho,LSO,49
3585,2000,Lesotho,LSO,48
3586,2001,Lesotho,LSO,47
3587,2002,Lesotho,LSO,46
3588,2003,Lesotho,LSO,46
3589,2004,Lesotho,LSO,46
3590,2005,Lesotho,LSO,46
3591,2006,Lesotho,LSO,47
3592,2007,Lesotho,LSO,48
3593,2008,Lesotho,LSO,49
3594,2009,Lesotho,LSO,50
3595,2010,Lesotho,LSO,50
3596,2011,Lesotho,LSO,51
3597,2012,Lesotho,LSO,52
3598,2013,Lesotho,LSO,52
3599,2014,Lesotho,LSO,53
3600,2015,Lesotho,LSO,53
3601,1980,Liberia,LBR,45
3602,1981,Liberia,LBR,46
3603,1982,Liberia,LBR,46
3604,1983,Liberia,LBR,47
3605,1984,Liberia,LBR,47
3606,1985,Liberia,LBR,47
3607,1986,Liberia,LBR,47
3608,1987,Liberia,LBR,47
3609,1988,Liberia,LBR,47
3610,1989,Liberia,LBR,47
3611,1990,Liberia,LBR,47
3612,1991,Liberia,LBR,47
3613,1992,Liberia,LBR,47
3614,1993,Liberia,LBR,48
3615,1994,Liberia,LBR,49
3616,1995,Liberia,LBR,50
3617,1996,Liberia,LBR,50
3618,1997,Liberia,LBR,51
3619,1998,Liberia,LBR,52
3620,1999,Liberia,LBR,52
3621,2000,Liberia,LBR,52
3622,2001,Liberia,LBR,52
3623,2002,Liberia,LBR,52
3624,2003,Liberia,LBR,53
3625,2004,Liberia,LBR,54
3626,2005,Liberia,LBR,55
3627,2006,Liberia,LBR,56
3628,2007,Liberia,LBR,57
3629,2008,Liberia,LBR,58
3630,2009,Liberia,LBR,58
3631,2010,Liberia,LBR,59
3632,2011,Liberia,LBR,60
3633,2012,Liberia,LBR,60
3634,2013,Liberia,LBR,61
3635,2014,Liberia,LBR,61
3636,2015,Liberia,LBR,62
3637,1980,Libya,LBY,64
3638,1981,Libya,LBY,64
3639,1982,Libya,LBY,65
3640,1983,Libya,LBY,65
3641,1984,Libya,LBY,66
3642,1985,Libya,LBY,66
3643,1986,Libya,LBY,67
3644,1987,Libya,LBY,67
3645,1988,Libya,LBY,67
3646,1989,Libya,LBY,68
3647,1990,Libya,LBY,68
3648,1991,Libya,LBY,68
3649,1992,Libya,LBY,69
3650,1993,Libya,LBY,69
3651,1994,Libya,LBY,69
3652,1995,Libya,LBY,69
3653,1996,Libya,LBY,70
3654,1997,Libya,LBY,70
3655,1998,Libya,LBY,70
3656,1999,Libya,LBY,70
3657,2000,Libya,LBY,70
3658,2001,Libya,LBY,70
3659,2002,Libya,LBY,70
3660,2003,Libya,LBY,70
3661,2004,Libya,LBY,71
3662,2005,Libya,LBY,71
3663,2006,Libya,LBY,71
3664,2007,Libya,LBY,71
3665,2008,Libya,LBY,71
3666,2009,Libya,LBY,71
3667,2010,Libya,LBY,71
3668,2011,Libya,LBY,71
3669,2012,Libya,LBY,71
3670,2013,Libya,LBY,71
3671,2014,Libya,LBY,71
3672,2015,Libya,LBY,71
3673,1980,Lithuania,LTU,70
3674,1981,Lithuania,LTU,70
3675,1982,Lithuania,LTU,70
3676,1983,Lithuania,LTU,70
3677,1984,Lithuania,LTU,70
3678,1985,Lithuania,LTU,71
3679,1986,Lithuania,LTU,71
3680,1987,Lithuania,LTU,71
3681,1988,Lithuania,LTU,71
3682,1989,Lithuania,LTU,70
3683,1990,Lithuania,LTU,70
3684,1991,Lithuania,LTU,70
3685,1992,Lithuania,LTU,70
3686,1993,Lithuania,LTU,69
3687,1994,Lithuania,LTU,69
3688,1995,Lithuania,LTU,69
3689,1996,Lithuania,LTU,69
3690,1997,Lithuania,LTU,70
3691,1998,Lithuania,LTU,70
3692,1999,Lithuania,LTU,70
3693,2000,Lithuania,LTU,70
3694,2001,Lithuania,LTU,71
3695,2002,Lithuania,LTU,71
3696,2003,Lithuania,LTU,71
3697,2004,Lithuania,LTU,71
3698,2005,Lithuania,LTU,71
3699,2006,Lithuania,LTU,71
3700,2007,Lithuania,LTU,71
3701,2008,Lithuania,LTU,72
3702,2009,Lithuania,LTU,72
3703,2010,Lithuania,LTU,72
3704,2011,Lithuania,LTU,73
3705,2012,Lithuania,LTU,73
3706,2013,Lithuania,LTU,74
3707,2014,Lithuania,LTU,74
3708,2015,Lithuania,LTU,74
3709,1980,Luxembourg,LUX,72
3710,1981,Luxembourg,LUX,72
3711,1982,Luxembourg,LUX,72
3712,1983,Luxembourg,LUX,73
3713,1984,Luxembourg,LUX,73
3714,1985,Luxembourg,LUX,73
3715,1986,Luxembourg,LUX,74
3716,1987,Luxembourg,LUX,74
3717,1988,Luxembourg,LUX,74
3718,1989,Luxembourg,LUX,74
3719,1990,Luxembourg,LUX,75
3720,1991,Luxembourg,LUX,75
3721,1992,Luxembourg,LUX,75
3722,1993,Luxembourg,LUX,75
3723,1994,Luxembourg,LUX,76
3724,1995,Luxembourg,LUX,76
3725,1996,Luxembourg,LUX,76
3726,1997,Luxembourg,LUX,76
3727,1998,Luxembourg,LUX,77
3728,1999,Luxembourg,LUX,77
3729,2000,Luxembourg,LUX,77
3730,2001,Luxembourg,LUX,77
3731,2002,Luxembourg,LUX,78
3732,2003,Luxembourg,LUX,78
3733,2004,Luxembourg,LUX,78
3734,2005,Luxembourg,LUX,78
3735,2006,Luxembourg,LUX,79
3736,2007,Luxembourg,LUX,79
3737,2008,Luxembourg,LUX,79
3738,2009,Luxembourg,LUX,80
3739,2010,Luxembourg,LUX,80
3740,2011,Luxembourg,LUX,80
3741,2012,Luxembourg,LUX,80
3742,2013,Luxembourg,LUX,81
3743,2014,Luxembourg,LUX,81
3744,2015,Luxembourg,LUX,81
3745,1980,Macao,MAC,73
3746,1981,Macao,MAC,74
3747,1982,Macao,MAC,74
3748,1983,Macao,MAC,75
3749,1984,Macao,MAC,75
3750,1985,Macao,MAC,75
3751,1986,Macao,MAC,76
3752,1987,Macao,MAC,76
3753,1988,Macao,MAC,76
3754,1989,Macao,MAC,76
3755,1990,Macao,MAC,77
3756,1991,Macao,MAC,77
3757,1992,Macao,MAC,77
3758,1993,Macao,MAC,78
3759,1994,Macao,MAC,78
3760,1995,Macao,MAC,78
3761,1996,Macao,MAC,79
3762,1997,Macao,MAC,79
3763,1998,Macao,MAC,79
3764,1999,Macao,MAC,80
3765,2000,Macao,MAC,80
3766,2001,Macao,MAC,80
3767,2002,Macao,MAC,80
3768,2003,Macao,MAC,81
3769,2004,Macao,MAC,81
3770,2005,Macao,MAC,81
3771,2006,Macao,MAC,81
3772,2007,Macao,MAC,81
3773,2008,Macao,MAC,82
3774,2009,Macao,MAC,82
3775,2010,Macao,MAC,82
3776,2011,Macao,MAC,82
3777,2012,Macao,MAC,83
3778,2013,Macao,MAC,83
3779,2014,Macao,MAC,83
3780,2015,Macao,MAC,83
3781,1980,Macedonia,MKD,68
3782,1981,Macedonia,MKD,68
3783,1982,Macedonia,MKD,68
3784,1983,Macedonia,MKD,69
3785,1984,Macedonia,MKD,69
3786,1985,Macedonia,MKD,69
3787,1986,Macedonia,MKD,70
3788,1987,Macedonia,MKD,70
3789,1988,Macedonia,MKD,70
3790,1989,Macedonia,MKD,70
3791,1990,Macedonia,MKD,71
3792,1991,Macedonia,MKD,71
3793,1992,Macedonia,MKD,71
3794,1993,Macedonia,MKD,71
3795,1994,Macedonia,MKD,71
3796,1995,Macedonia,MKD,72
3797,1996,Macedonia,MKD,72
3798,1997,Macedonia,MKD,72
3799,1998,Macedonia,MKD,72
3800,1999,Macedonia,MKD,73
3801,2000,Macedonia,MKD,73
3802,2001,Macedonia,MKD,73
3803,2002,Macedonia,MKD,73
3804,2003,Macedonia,MKD,73
3805,2004,Macedonia,MKD,73
3806,2005,Macedonia,MKD,73
3807,2006,Macedonia,MKD,74
3808,2007,Macedonia,MKD,74
3809,2008,Macedonia,MKD,74
3810,2009,Macedonia,MKD,74
3811,2010,Macedonia,MKD,74
3812,2011,Macedonia,MKD,74
3813,2012,Macedonia,MKD,75
3814,2013,Macedonia,MKD,75
3815,2014,Macedonia,MKD,75
3816,2015,Macedonia,MKD,75
3817,1980,Madagascar,MDG,49
3818,1981,Madagascar,MDG,49
3819,1982,Madagascar,MDG,49
3820,1983,Madagascar,MDG,49
3821,1984,Madagascar,MDG,49
3822,1985,Madagascar,MDG,49
3823,1986,Madagascar,MDG,49
3824,1987,Madagascar,MDG,49
3825,1988,Madagascar,MDG,50
3826,1989,Madagascar,MDG,50
3827,1990,Madagascar,MDG,51
3828,1991,Madagascar,MDG,51
3829,1992,Madagascar,MDG,52
3830,1993,Madagascar,MDG,53
3831,1994,Madagascar,MDG,53
3832,1995,Madagascar,MDG,54
3833,1996,Madagascar,MDG,55
3834,1997,Madagascar,MDG,56
3835,1998,Madagascar,MDG,57
3836,1999,Madagascar,MDG,57
3837,2000,Madagascar,MDG,58
3838,2001,Madagascar,MDG,59
3839,2002,Madagascar,MDG,59
3840,2003,Madagascar,MDG,60
3841,2004,Madagascar,MDG,60
3842,2005,Madagascar,MDG,61
3843,2006,Madagascar,MDG,61
3844,2007,Madagascar,MDG,62
3845,2008,Madagascar,MDG,62
3846,2009,Madagascar,MDG,62
3847,2010,Madagascar,MDG,63
3848,2011,Madagascar,MDG,63
3849,2012,Madagascar,MDG,64
3850,2013,Madagascar,MDG,64
3851,2014,Madagascar,MDG,65
3852,2015,Madagascar,MDG,65
3853,1980,Malawi,MWI,44
3854,1981,Malawi,MWI,45
3855,1982,Malawi,MWI,45
3856,1983,Malawi,MWI,45
3857,1984,Malawi,MWI,45
3858,1985,Malawi,MWI,46
3859,1986,Malawi,MWI,46
3860,1987,Malawi,MWI,46
3861,1988,Malawi,MWI,46
3862,1989,Malawi,MWI,46
3863,1990,Malawi,MWI,46
3864,1991,Malawi,MWI,46
3865,1992,Malawi,MWI,46
3866,1993,Malawi,MWI,46
3867,1994,Malawi,MWI,46
3868,1995,Malawi,MWI,46
3869,1996,Malawi,MWI,46
3870,1997,Malawi,MWI,46
3871,1998,Malawi,MWI,46
3872,1999,Malawi,MWI,46
3873,2000,Malawi,MWI,46
3874,2001,Malawi,MWI,46
3875,2002,Malawi,MWI,47
3876,2003,Malawi,MWI,47
3877,2004,Malawi,MWI,48
3878,2005,Malawi,MWI,49
3879,2006,Malawi,MWI,51
3880,2007,Malawi,MWI,52
3881,2008,Malawi,MWI,54
3882,2009,Malawi,MWI,55
3883,2010,Malawi,MWI,57
3884,2011,Malawi,MWI,58
3885,2012,Malawi,MWI,59
3886,2013,Malawi,MWI,61
3887,2014,Malawi,MWI,61
3888,2015,Malawi,MWI,62
3889,1980,Malaysia,MYS,68
3890,1981,Malaysia,MYS,68
3891,1982,Malaysia,MYS,68
3892,1983,Malaysia,MYS,68
3893,1984,Malaysia,MYS,69
3894,1985,Malaysia,MYS,69
3895,1986,Malaysia,MYS,69
3896,1987,Malaysia,MYS,70
3897,1988,Malaysia,MYS,70
3898,1989,Malaysia,MYS,70
3899,1990,Malaysia,MYS,70
3900,1991,Malaysia,MYS,70
3901,1992,Malaysia,MYS,71
3902,1993,Malaysia,MYS,71
3903,1994,Malaysia,MYS,71
3904,1995,Malaysia,MYS,71
3905,1996,Malaysia,MYS,72
3906,1997,Malaysia,MYS,72
3907,1998,Malaysia,MYS,72
3908,1999,Malaysia,MYS,72
3909,2000,Malaysia,MYS,72
3910,2001,Malaysia,MYS,72
3911,2002,Malaysia,MYS,73
3912,2003,Malaysia,MYS,73
3913,2004,Malaysia,MYS,73
3914,2005,Malaysia,MYS,73
3915,2006,Malaysia,MYS,73
3916,2007,Malaysia,MYS,73
3917,2008,Malaysia,MYS,73
3918,2009,Malaysia,MYS,74
3919,2010,Malaysia,MYS,74
3920,2011,Malaysia,MYS,74
3921,2012,Malaysia,MYS,74
3922,2013,Malaysia,MYS,74
3923,2014,Malaysia,MYS,74
3924,2015,Malaysia,MYS,75
3925,1980,Maldives,MDV,53
3926,1981,Maldives,MDV,54
3927,1982,Maldives,MDV,54
3928,1983,Maldives,MDV,55
3929,1984,Maldives,MDV,56
3930,1985,Maldives,MDV,57
3931,1986,Maldives,MDV,58
3932,1987,Maldives,MDV,58
3933,1988,Maldives,MDV,59
3934,1989,Maldives,MDV,60
3935,1990,Maldives,MDV,61
3936,1991,Maldives,MDV,62
3937,1992,Maldives,MDV,63
3938,1993,Maldives,MDV,63
3939,1994,Maldives,MDV,64
3940,1995,Maldives,MDV,65
3941,1996,Maldives,MDV,66
3942,1997,Maldives,MDV,67
3943,1998,Maldives,MDV,68
3944,1999,Maldives,MDV,69
3945,2000,Maldives,MDV,69
3946,2001,Maldives,MDV,70
3947,2002,Maldives,MDV,71
3948,2003,Maldives,MDV,72
3949,2004,Maldives,MDV,73
3950,2005,Maldives,MDV,74
3951,2006,Maldives,MDV,74
3952,2007,Maldives,MDV,75
3953,2008,Maldives,MDV,75
3954,2009,Maldives,MDV,75
3955,2010,Maldives,MDV,76
3956,2011,Maldives,MDV,76
3957,2012,Maldives,MDV,76
3958,2013,Maldives,MDV,76
3959,2014,Maldives,MDV,76
3960,2015,Maldives,MDV,77
3961,1980,Mali,MLI,39
3962,1981,Mali,MLI,40
3963,1982,Mali,MLI,41
3964,1983,Mali,MLI,41
3965,1984,Mali,MLI,42
3966,1985,Mali,MLI,43
3967,1986,Mali,MLI,43
3968,1987,Mali,MLI,44
3969,1988,Mali,MLI,44
3970,1989,Mali,MLI,45
3971,1990,Mali,MLI,45
3972,1991,Mali,MLI,46
3973,1992,Mali,MLI,46
3974,1993,Mali,MLI,46
3975,1994,Mali,MLI,46
3976,1995,Mali,MLI,46
3977,1996,Mali,MLI,46
3978,1997,Mali,MLI,46
3979,1998,Mali,MLI,47
3980,1999,Mali,MLI,47
3981,2000,Mali,MLI,48
3982,2001,Mali,MLI,48
3983,2002,Mali,MLI,49
3984,2003,Mali,MLI,50
3985,2004,Mali,MLI,51
3986,2005,Mali,MLI,52
3987,2006,Mali,MLI,52
3988,2007,Mali,MLI,53
3989,2008,Mali,MLI,54
3990,2009,Mali,MLI,54
3991,2010,Mali,MLI,55
3992,2011,Mali,MLI,55
3993,2012,Mali,MLI,56
3994,2013,Mali,MLI,56
3995,2014,Mali,MLI,57
3996,2015,Mali,MLI,57
3997,1980,Malta,MLT,73
3998,1981,Malta,MLT,74
3999,1982,Malta,MLT,74
4000,1983,Malta,MLT,74
4001,1984,Malta,MLT,74
4002,1985,Malta,MLT,74
4003,1986,Malta,MLT,75
4004,1987,Malta,MLT,75
4005,1988,Malta,MLT,75
4006,1989,Malta,MLT,75
4007,1990,Malta,MLT,76
4008,1991,Malta,MLT,76
4009,1992,Malta,MLT,76
4010,1993,Malta,MLT,76
4011,1994,Malta,MLT,76
4012,1995,Malta,MLT,77
4013,1996,Malta,MLT,77
4014,1997,Malta,MLT,77
4015,1998,Malta,MLT,77
4016,1999,Malta,MLT,77
4017,2000,Malta,MLT,78
4018,2001,Malta,MLT,78
4019,2002,Malta,MLT,78
4020,2003,Malta,MLT,78
4021,2004,Malta,MLT,78
4022,2005,Malta,MLT,78
4023,2006,Malta,MLT,79
4024,2007,Malta,MLT,79
4025,2008,Malta,MLT,79
4026,2009,Malta,MLT,79
4027,2010,Malta,MLT,79
4028,2011,Malta,MLT,80
4029,2012,Malta,MLT,80
4030,2013,Malta,MLT,80
4031,2014,Malta,MLT,80
4032,2015,Malta,MLT,80
4033,1980,Martinique,MTQ,70
4034,1981,Martinique,MTQ,71
4035,1982,Martinique,MTQ,71
4036,1983,Martinique,MTQ,72
4037,1984,Martinique,MTQ,72
4038,1985,Martinique,MTQ,72
4039,1986,Martinique,MTQ,73
4040,1987,Martinique,MTQ,73
4041,1988,Martinique,MTQ,74
4042,1989,Martinique,MTQ,74
4043,1990,Martinique,MTQ,74
4044,1991,Martinique,MTQ,75
4045,1992,Martinique,MTQ,75
4046,1993,Martinique,MTQ,75
4047,1994,Martinique,MTQ,76
4048,1995,Martinique,MTQ,76
4049,1996,Martinique,MTQ,76
4050,1997,Martinique,MTQ,77
4051,1998,Martinique,MTQ,77
4052,1999,Martinique,MTQ,77
4053,2000,Martinique,MTQ,78
4054,2001,Martinique,MTQ,78
4055,2002,Martinique,MTQ,78
4056,2003,Martinique,MTQ,79
4057,2004,Martinique,MTQ,79
4058,2005,Martinique,MTQ,79
4059,2006,Martinique,MTQ,79
4060,2007,Martinique,MTQ,80
4061,2008,Martinique,MTQ,80
4062,2009,Martinique,MTQ,80
4063,2010,Martinique,MTQ,80
4064,2011,Martinique,MTQ,80
4065,2012,Martinique,MTQ,81
4066,2013,Martinique,MTQ,81
4067,2014,Martinique,MTQ,81
4068,2015,Martinique,MTQ,81
4069,1980,Mauritania,MRT,54
4070,1981,Mauritania,MRT,54
4071,1982,Mauritania,MRT,55
4072,1983,Mauritania,MRT,55
4073,1984,Mauritania,MRT,56
4074,1985,Mauritania,MRT,56
4075,1986,Mauritania,MRT,57
4076,1987,Mauritania,MRT,57
4077,1988,Mauritania,MRT,57
4078,1989,Mauritania,MRT,58
4079,1990,Mauritania,MRT,58
4080,1991,Mauritania,MRT,58
4081,1992,Mauritania,MRT,58
4082,1993,Mauritania,MRT,59
4083,1994,Mauritania,MRT,59
4084,1995,Mauritania,MRT,59
4085,1996,Mauritania,MRT,59
4086,1997,Mauritania,MRT,59
4087,1998,Mauritania,MRT,59
4088,1999,Mauritania,MRT,59
4089,2000,Mauritania,MRT,60
4090,2001,Mauritania,MRT,60
4091,2002,Mauritania,MRT,60
4092,2003,Mauritania,MRT,60
4093,2004,Mauritania,MRT,60
4094,2005,Mauritania,MRT,60
4095,2006,Mauritania,MRT,60
4096,2007,Mauritania,MRT,61
4097,2008,Mauritania,MRT,61
4098,2009,Mauritania,MRT,61
4099,2010,Mauritania,MRT,61
4100,2011,Mauritania,MRT,62
4101,2012,Mauritania,MRT,62
4102,2013,Mauritania,MRT,62
4103,2014,Mauritania,MRT,62
4104,2015,Mauritania,MRT,63
4105,1980,Mauritius,MUS,67
4106,1981,Mauritius,MUS,67
4107,1982,Mauritius,MUS,67
4108,1983,Mauritius,MUS,68
4109,1984,Mauritius,MUS,68
4110,1985,Mauritius,MUS,68
4111,1986,Mauritius,MUS,68
4112,1987,Mauritius,MUS,68
4113,1988,Mauritius,MUS,68
4114,1989,Mauritius,MUS,69
4115,1990,Mauritius,MUS,69
4116,1991,Mauritius,MUS,69
4117,1992,Mauritius,MUS,69
4118,1993,Mauritius,MUS,70
4119,1994,Mauritius,MUS,70
4120,1995,Mauritius,MUS,70
4121,1996,Mauritius,MUS,70
4122,1997,Mauritius,MUS,70
4123,1998,Mauritius,MUS,70
4124,1999,Mauritius,MUS,70
4125,2000,Mauritius,MUS,71
4126,2001,Mauritius,MUS,71
4127,2002,Mauritius,MUS,71
4128,2003,Mauritius,MUS,72
4129,2004,Mauritius,MUS,72
4130,2005,Mauritius,MUS,72
4131,2006,Mauritius,MUS,72
4132,2007,Mauritius,MUS,72
4133,2008,Mauritius,MUS,72
4134,2009,Mauritius,MUS,73
4135,2010,Mauritius,MUS,73
4136,2011,Mauritius,MUS,73
4137,2012,Mauritius,MUS,73
4138,2013,Mauritius,MUS,74
4139,2014,Mauritius,MUS,74
4140,2015,Mauritius,MUS,74
4141,1980,Mayotte,MYT,67
4142,1981,Mayotte,MYT,68
4143,1982,Mayotte,MYT,68
4144,1983,Mayotte,MYT,69
4145,1984,Mayotte,MYT,69
4146,1985,Mayotte,MYT,70
4147,1986,Mayotte,MYT,70
4148,1987,Mayotte,MYT,70
4149,1988,Mayotte,MYT,71
4150,1989,Mayotte,MYT,71
4151,1990,Mayotte,MYT,72
4152,1991,Mayotte,MYT,72
4153,1992,Mayotte,MYT,72
4154,1993,Mayotte,MYT,73
4155,1994,Mayotte,MYT,73
4156,1995,Mayotte,MYT,74
4157,1996,Mayotte,MYT,74
4158,1997,Mayotte,MYT,74
4159,1998,Mayotte,MYT,75
4160,1999,Mayotte,MYT,75
4161,2000,Mayotte,MYT,75
4162,2001,Mayotte,MYT,76
4163,2002,Mayotte,MYT,76
4164,2003,Mayotte,MYT,76
4165,2004,Mayotte,MYT,76
4166,2005,Mayotte,MYT,77
4167,2006,Mayotte,MYT,77
4168,2007,Mayotte,MYT,77
4169,2008,Mayotte,MYT,78
4170,2009,Mayotte,MYT,78
4171,2010,Mayotte,MYT,78
4172,2011,Mayotte,MYT,78
4173,2012,Mayotte,MYT,79
4174,2013,Mayotte,MYT,79
4175,2014,Mayotte,MYT,79
4176,2015,Mayotte,MYT,79
4177,1980,Melanesia,OWID_MNS,57
4178,1981,Melanesia,OWID_MNS,57
4179,1982,Melanesia,OWID_MNS,58
4180,1983,Melanesia,OWID_MNS,58
4181,1984,Melanesia,OWID_MNS,58
4182,1985,Melanesia,OWID_MNS,58
4183,1986,Melanesia,OWID_MNS,59
4184,1987,Melanesia,OWID_MNS,59
4185,1988,Melanesia,OWID_MNS,59
4186,1989,Melanesia,OWID_MNS,59
4187,1990,Melanesia,OWID_MNS,59
4188,1991,Melanesia,OWID_MNS,60
4189,1992,Melanesia,OWID_MNS,60
4190,1993,Melanesia,OWID_MNS,60
4191,1994,Melanesia,OWID_MNS,61
4192,1995,Melanesia,OWID_MNS,61
4193,1996,Melanesia,OWID_MNS,61
4194,1997,Melanesia,OWID_MNS,62
4195,1998,Melanesia,OWID_MNS,62
4196,1999,Melanesia,OWID_MNS,62
4197,2000,Melanesia,OWID_MNS,62
4198,2001,Melanesia,OWID_MNS,63
4199,2002,Melanesia,OWID_MNS,63
4200,2003,Melanesia,OWID_MNS,63
4201,2004,Melanesia,OWID_MNS,64
4202,2005,Melanesia,OWID_MNS,64
4203,2006,Melanesia,OWID_MNS,64
4204,2007,Melanesia,OWID_MNS,65
4205,2008,Melanesia,OWID_MNS,65
4206,2009,Melanesia,OWID_MNS,65
4207,2010,Melanesia,OWID_MNS,65
4208,2011,Melanesia,OWID_MNS,65
4209,2012,Melanesia,OWID_MNS,66
4210,2013,Melanesia,OWID_MNS,66
4211,2014,Melanesia,OWID_MNS,66
4212,2015,Melanesia,OWID_MNS,66
4213,1980,Mexico,MEX,66
4214,1981,Mexico,MEX,67
4215,1982,Mexico,MEX,67
4216,1983,Mexico,MEX,67
4217,1984,Mexico,MEX,68
4218,1985,Mexico,MEX,68
4219,1986,Mexico,MEX,69
4220,1987,Mexico,MEX,69
4221,1988,Mexico,MEX,70
4222,1989,Mexico,MEX,70
4223,1990,Mexico,MEX,70
4224,1991,Mexico,MEX,71
4225,1992,Mexico,MEX,71
4226,1993,Mexico,MEX,72
4227,1994,Mexico,MEX,72
4228,1995,Mexico,MEX,72
4229,1996,Mexico,MEX,73
4230,1997,Mexico,MEX,73
4231,1998,Mexico,MEX,73
4232,1999,Mexico,MEX,74
4233,2000,Mexico,MEX,74
4234,2001,Mexico,MEX,74
4235,2002,Mexico,MEX,74
4236,2003,Mexico,MEX,75
4237,2004,Mexico,MEX,75
4238,2005,Mexico,MEX,75
4239,2006,Mexico,MEX,75
4240,2007,Mexico,MEX,75
4241,2008,Mexico,MEX,75
4242,2009,Mexico,MEX,75
4243,2010,Mexico,MEX,76
4244,2011,Mexico,MEX,76
4245,2012,Mexico,MEX,76
4246,2013,Mexico,MEX,76
4247,2014,Mexico,MEX,76
4248,2015,Mexico,MEX,76
4249,1980,Micronesia (country),FSM,65
4250,1981,Micronesia (country),FSM,65
4251,1982,Micronesia (country),FSM,65
4252,1983,Micronesia (country),FSM,65
4253,1984,Micronesia (country),FSM,65
4254,1985,Micronesia (country),FSM,65
4255,1986,Micronesia (country),FSM,65
4256,1987,Micronesia (country),FSM,65
4257,1988,Micronesia (country),FSM,65
4258,1989,Micronesia (country),FSM,66
4259,1990,Micronesia (country),FSM,66
4260,1991,Micronesia (country),FSM,66
4261,1992,Micronesia (country),FSM,66
4262,1993,Micronesia (country),FSM,66
4263,1994,Micronesia (country),FSM,66
4264,1995,Micronesia (country),FSM,66
4265,1996,Micronesia (country),FSM,66
4266,1997,Micronesia (country),FSM,66
4267,1998,Micronesia (country),FSM,67
4268,1999,Micronesia (country),FSM,67
4269,2000,Micronesia (country),FSM,67
4270,2001,Micronesia (country),FSM,67
4271,2002,Micronesia (country),FSM,67
4272,2003,Micronesia (country),FSM,67
4273,2004,Micronesia (country),FSM,67
4274,2005,Micronesia (country),FSM,67
4275,2006,Micronesia (country),FSM,68
4276,2007,Micronesia (country),FSM,68
4277,2008,Micronesia (country),FSM,68
4278,2009,Micronesia (country),FSM,68
4279,2010,Micronesia (country),FSM,68
4280,2011,Micronesia (country),FSM,68
4281,2012,Micronesia (country),FSM,68
4282,2013,Micronesia (country),FSM,68
4283,2014,Micronesia (country),FSM,68
4284,2015,Micronesia (country),FSM,69
4285,1980,Moldova,MDA,64
4286,1981,Moldova,MDA,65
4287,1982,Moldova,MDA,65
4288,1983,Moldova,MDA,65
4289,1984,Moldova,MDA,65
4290,1985,Moldova,MDA,66
4291,1986,Moldova,MDA,66
4292,1987,Moldova,MDA,67
4293,1988,Moldova,MDA,67
4294,1989,Moldova,MDA,67
4295,1990,Moldova,MDA,67
4296,1991,Moldova,MDA,67
4297,1992,Moldova,MDA,67
4298,1993,Moldova,MDA,67
4299,1994,Moldova,MDA,67
4300,1995,Moldova,MDA,66
4301,1996,Moldova,MDA,66
4302,1997,Moldova,MDA,66
4303,1998,Moldova,MDA,66
4304,1999,Moldova,MDA,66
4305,2000,Moldova,MDA,67
4306,2001,Moldova,MDA,67
4307,2002,Moldova,MDA,67
4308,2003,Moldova,MDA,67
4309,2004,Moldova,MDA,67
4310,2005,Moldova,MDA,67
4311,2006,Moldova,MDA,68
4312,2007,Moldova,MDA,68
4313,2008,Moldova,MDA,68
4314,2009,Moldova,MDA,69
4315,2010,Moldova,MDA,69
4316,2011,Moldova,MDA,70
4317,2012,Moldova,MDA,70
4318,2013,Moldova,MDA,70
4319,2014,Moldova,MDA,71
4320,2015,Moldova,MDA,71
4321,1980,Mongolia,MNG,56
4322,1981,Mongolia,MNG,57
4323,1982,Mongolia,MNG,57
4324,1983,Mongolia,MNG,57
4325,1984,Mongolia,MNG,57
4326,1985,Mongolia,MNG,58
4327,1986,Mongolia,MNG,58
4328,1987,Mongolia,MNG,59
4329,1988,Mongolia,MNG,59
4330,1989,Mongolia,MNG,59
4331,1990,Mongolia,MNG,60
4332,1991,Mongolia,MNG,60
4333,1992,Mongolia,MNG,60
4334,1993,Mongolia,MNG,60
4335,1994,Mongolia,MNG,61
4336,1995,Mongolia,MNG,61
4337,1996,Mongolia,MNG,61
4338,1997,Mongolia,MNG,61
4339,1998,Mongolia,MNG,62
4340,1999,Mongolia,MNG,62
4341,2000,Mongolia,MNG,62
4342,2001,Mongolia,MNG,63
4343,2002,Mongolia,MNG,63
4344,2003,Mongolia,MNG,64
4345,2004,Mongolia,MNG,64
4346,2005,Mongolia,MNG,65
4347,2006,Mongolia,MNG,65
4348,2007,Mongolia,MNG,65
4349,2008,Mongolia,MNG,66
4350,2009,Mongolia,MNG,66
4351,2010,Mongolia,MNG,67
4352,2011,Mongolia,MNG,67
4353,2012,Mongolia,MNG,68
4354,2013,Mongolia,MNG,68
4355,2014,Mongolia,MNG,68
4356,2015,Mongolia,MNG,69
4357,1980,Montenegro,MNE,73
4358,1981,Montenegro,MNE,73
4359,1982,Montenegro,MNE,73
4360,1983,Montenegro,MNE,73
4361,1984,Montenegro,MNE,73
4362,1985,Montenegro,MNE,73
4363,1986,Montenegro,MNE,74
4364,1987,Montenegro,MNE,74
4365,1988,Montenegro,MNE,74
4366,1989,Montenegro,MNE,74
4367,1990,Montenegro,MNE,74
4368,1991,Montenegro,MNE,74
4369,1992,Montenegro,MNE,74
4370,1993,Montenegro,MNE,74
4371,1994,Montenegro,MNE,74
4372,1995,Montenegro,MNE,74
4373,1996,Montenegro,MNE,73
4374,1997,Montenegro,MNE,73
4375,1998,Montenegro,MNE,73
4376,1999,Montenegro,MNE,73
4377,2000,Montenegro,MNE,73
4378,2001,Montenegro,MNE,73
4379,2002,Montenegro,MNE,73
4380,2003,Montenegro,MNE,73
4381,2004,Montenegro,MNE,73
4382,2005,Montenegro,MNE,73
4383,2006,Montenegro,MNE,73
4384,2007,Montenegro,MNE,74
4385,2008,Montenegro,MNE,74
4386,2009,Montenegro,MNE,74
4387,2010,Montenegro,MNE,75
4388,2011,Montenegro,MNE,75
4389,2012,Montenegro,MNE,76
4390,2013,Montenegro,MNE,76
4391,2014,Montenegro,MNE,76
4392,2015,Montenegro,MNE,76
4393,1980,Morocco,MAR,57
4394,1981,Morocco,MAR,58
4395,1982,Morocco,MAR,59
4396,1983,Morocco,MAR,59
4397,1984,Morocco,MAR,60
4398,1985,Morocco,MAR,61
4399,1986,Morocco,MAR,62
4400,1987,Morocco,MAR,62
4401,1988,Morocco,MAR,63
4402,1989,Morocco,MAR,64
4403,1990,Morocco,MAR,64
4404,1991,Morocco,MAR,65
4405,1992,Morocco,MAR,65
4406,1993,Morocco,MAR,66
4407,1994,Morocco,MAR,66
4408,1995,Morocco,MAR,66
4409,1996,Morocco,MAR,67
4410,1997,Morocco,MAR,67
4411,1998,Morocco,MAR,67
4412,1999,Morocco,MAR,68
4413,2000,Morocco,MAR,68
4414,2001,Morocco,MAR,69
4415,2002,Morocco,MAR,69
4416,2003,Morocco,MAR,70
4417,2004,Morocco,MAR,70
4418,2005,Morocco,MAR,71
4419,2006,Morocco,MAR,72
4420,2007,Morocco,MAR,72
4421,2008,Morocco,MAR,73
4422,2009,Morocco,MAR,73
4423,2010,Morocco,MAR,73
4424,2011,Morocco,MAR,74
4425,2012,Morocco,MAR,74
4426,2013,Morocco,MAR,75
4427,2014,Morocco,MAR,75
4428,2015,Morocco,MAR,75
4429,1980,Mozambique,MOZ,41
4430,1981,Mozambique,MOZ,41
4431,1982,Mozambique,MOZ,41
4432,1983,Mozambique,MOZ,41
4433,1984,Mozambique,MOZ,41
4434,1985,Mozambique,MOZ,41
4435,1986,Mozambique,MOZ,41
4436,1987,Mozambique,MOZ,42
4437,1988,Mozambique,MOZ,42
4438,1989,Mozambique,MOZ,42
4439,1990,Mozambique,MOZ,42
4440,1991,Mozambique,MOZ,43
4441,1992,Mozambique,MOZ,43
4442,1993,Mozambique,MOZ,44
4443,1994,Mozambique,MOZ,44
4444,1995,Mozambique,MOZ,45
4445,1996,Mozambique,MOZ,46
4446,1997,Mozambique,MOZ,46
4447,1998,Mozambique,MOZ,47
4448,1999,Mozambique,MOZ,47
4449,2000,Mozambique,MOZ,48
4450,2001,Mozambique,MOZ,48
4451,2002,Mozambique,MOZ,49
4452,2003,Mozambique,MOZ,50
4453,2004,Mozambique,MOZ,50
4454,2005,Mozambique,MOZ,51
4455,2006,Mozambique,MOZ,52
4456,2007,Mozambique,MOZ,52
4457,2008,Mozambique,MOZ,53
4458,2009,Mozambique,MOZ,54
4459,2010,Mozambique,MOZ,54
4460,2011,Mozambique,MOZ,55
4461,2012,Mozambique,MOZ,55
4462,2013,Mozambique,MOZ,56
4463,2014,Mozambique,MOZ,57
4464,2015,Mozambique,MOZ,57
4465,1980,Myanmar,MMR,54
4466,1981,Myanmar,MMR,55
4467,1982,Myanmar,MMR,55
4468,1983,Myanmar,MMR,56
4469,1984,Myanmar,MMR,56
4470,1985,Myanmar,MMR,56
4471,1986,Myanmar,MMR,57
4472,1987,Myanmar,MMR,57
4473,1988,Myanmar,MMR,58
4474,1989,Myanmar,MMR,58
4475,1990,Myanmar,MMR,58
4476,1991,Myanmar,MMR,59
4477,1992,Myanmar,MMR,59
4478,1993,Myanmar,MMR,59
4479,1994,Myanmar,MMR,60
4480,1995,Myanmar,MMR,60
4481,1996,Myanmar,MMR,60
4482,1997,Myanmar,MMR,61
4483,1998,Myanmar,MMR,61
4484,1999,Myanmar,MMR,61
4485,2000,Myanmar,MMR,62
4486,2001,Myanmar,MMR,62
4487,2002,Myanmar,MMR,62
4488,2003,Myanmar,MMR,63
4489,2004,Myanmar,MMR,63
4490,2005,Myanmar,MMR,63
4491,2006,Myanmar,MMR,63
4492,2007,Myanmar,MMR,64
4493,2008,Myanmar,MMR,64
4494,2009,Myanmar,MMR,64
4495,2010,Myanmar,MMR,65
4496,2011,Myanmar,MMR,65
4497,2012,Myanmar,MMR,65
4498,2013,Myanmar,MMR,66
4499,2014,Myanmar,MMR,66
4500,2015,Myanmar,MMR,66
4501,1980,Namibia,NAM,57
4502,1981,Namibia,NAM,57
4503,1982,Namibia,NAM,58
4504,1983,Namibia,NAM,58
4505,1984,Namibia,NAM,59
4506,1985,Namibia,NAM,59
4507,1986,Namibia,NAM,60
4508,1987,Namibia,NAM,60
4509,1988,Namibia,NAM,60
4510,1989,Namibia,NAM,61
4511,1990,Namibia,NAM,61
4512,1991,Namibia,NAM,61
4513,1992,Namibia,NAM,61
4514,1993,Namibia,NAM,61
4515,1994,Namibia,NAM,60
4516,1995,Namibia,NAM,60
4517,1996,Namibia,NAM,59
4518,1997,Namibia,NAM,58
4519,1998,Namibia,NAM,57
4520,1999,Namibia,NAM,56
4521,2000,Namibia,NAM,55
4522,2001,Namibia,NAM,54
4523,2002,Namibia,NAM,54
4524,2003,Namibia,NAM,53
4525,2004,Namibia,NAM,53
4526,2005,Namibia,NAM,53
4527,2006,Namibia,NAM,53
4528,2007,Namibia,NAM,54
4529,2008,Namibia,NAM,55
4530,2009,Namibia,NAM,56
4531,2010,Namibia,NAM,58
4532,2011,Namibia,NAM,59
4533,2012,Namibia,NAM,60
4534,2013,Namibia,NAM,61
4535,2014,Namibia,NAM,62
4536,2015,Namibia,NAM,63
4537,1980,Nepal,NPL,46
4538,1981,Nepal,NPL,47
4539,1982,Nepal,NPL,47
4540,1983,Nepal,NPL,48
4541,1984,Nepal,NPL,49
4542,1985,Nepal,NPL,50
4543,1986,Nepal,NPL,50
4544,1987,Nepal,NPL,51
4545,1988,Nepal,NPL,52
4546,1989,Nepal,NPL,53
4547,1990,Nepal,NPL,54
4548,1991,Nepal,NPL,55
4549,1992,Nepal,NPL,55
4550,1993,Nepal,NPL,56
4551,1994,Nepal,NPL,57
4552,1995,Nepal,NPL,58
4553,1996,Nepal,NPL,59
4554,1997,Nepal,NPL,60
4555,1998,Nepal,NPL,60
4556,1999,Nepal,NPL,61
4557,2000,Nepal,NPL,62
4558,2001,Nepal,NPL,63
4559,2002,Nepal,NPL,63
4560,2003,Nepal,NPL,64
4561,2004,Nepal,NPL,64
4562,2005,Nepal,NPL,65
4563,2006,Nepal,NPL,66
4564,2007,Nepal,NPL,66
4565,2008,Nepal,NPL,67
4566,2009,Nepal,NPL,67
4567,2010,Nepal,NPL,67
4568,2011,Nepal,NPL,68
4569,2012,Nepal,NPL,68
4570,2013,Nepal,NPL,69
4571,2014,Nepal,NPL,69
4572,2015,Nepal,NPL,69
4573,1980,Netherlands,NLD,75
4574,1981,Netherlands,NLD,75
4575,1982,Netherlands,NLD,76
4576,1983,Netherlands,NLD,76
4577,1984,Netherlands,NLD,76
4578,1985,Netherlands,NLD,76
4579,1986,Netherlands,NLD,76
4580,1987,Netherlands,NLD,76
4581,1988,Netherlands,NLD,76
4582,1989,Netherlands,NLD,76
4583,1990,Netherlands,NLD,76
4584,1991,Netherlands,NLD,77
4585,1992,Netherlands,NLD,77
4586,1993,Netherlands,NLD,77
4587,1994,Netherlands,NLD,77
4588,1995,Netherlands,NLD,77
4589,1996,Netherlands,NLD,77
4590,1997,Netherlands,NLD,77
4591,1998,Netherlands,NLD,77
4592,1999,Netherlands,NLD,78
4593,2000,Netherlands,NLD,78
4594,2001,Netherlands,NLD,78
4595,2002,Netherlands,NLD,78
4596,2003,Netherlands,NLD,78
4597,2004,Netherlands,NLD,79
4598,2005,Netherlands,NLD,79
4599,2006,Netherlands,NLD,79
4600,2007,Netherlands,NLD,80
4601,2008,Netherlands,NLD,80
4602,2009,Netherlands,NLD,80
4603,2010,Netherlands,NLD,80
4604,2011,Netherlands,NLD,81
4605,2012,Netherlands,NLD,81
4606,2013,Netherlands,NLD,81
4607,2014,Netherlands,NLD,81
4608,2015,Netherlands,NLD,81
4609,1980,New Caledonia,NCL,67
4610,1981,New Caledonia,NCL,67
4611,1982,New Caledonia,NCL,67
4612,1983,New Caledonia,NCL,68
4613,1984,New Caledonia,NCL,68
4614,1985,New Caledonia,NCL,69
4615,1986,New Caledonia,NCL,69
4616,1987,New Caledonia,NCL,69
4617,1988,New Caledonia,NCL,70
4618,1989,New Caledonia,NCL,70
4619,1990,New Caledonia,NCL,70
4620,1991,New Caledonia,NCL,71
4621,1992,New Caledonia,NCL,71
4622,1993,New Caledonia,NCL,71
4623,1994,New Caledonia,NCL,71
4624,1995,New Caledonia,NCL,72
4625,1996,New Caledonia,NCL,72
4626,1997,New Caledonia,NCL,72
4627,1998,New Caledonia,NCL,72
4628,1999,New Caledonia,NCL,73
4629,2000,New Caledonia,NCL,73
4630,2001,New Caledonia,NCL,73
4631,2002,New Caledonia,NCL,73
4632,2003,New Caledonia,NCL,74
4633,2004,New Caledonia,NCL,74
4634,2005,New Caledonia,NCL,74
4635,2006,New Caledonia,NCL,74
4636,2007,New Caledonia,NCL,75
4637,2008,New Caledonia,NCL,75
4638,2009,New Caledonia,NCL,75
4639,2010,New Caledonia,NCL,75
4640,2011,New Caledonia,NCL,75
4641,2012,New Caledonia,NCL,76
4642,2013,New Caledonia,NCL,76
4643,2014,New Caledonia,NCL,76
4644,2015,New Caledonia,NCL,76
4645,1980,New Zealand,NZL,73
4646,1981,New Zealand,NZL,73
4647,1982,New Zealand,NZL,73
4648,1983,New Zealand,NZL,73
4649,1984,New Zealand,NZL,73
4650,1985,New Zealand,NZL,74
4651,1986,New Zealand,NZL,74
4652,1987,New Zealand,NZL,74
4653,1988,New Zealand,NZL,74
4654,1989,New Zealand,NZL,75
4655,1990,New Zealand,NZL,75
4656,1991,New Zealand,NZL,75
4657,1992,New Zealand,NZL,76
4658,1993,New Zealand,NZL,76
4659,1994,New Zealand,NZL,76
4660,1995,New Zealand,NZL,76
4661,1996,New Zealand,NZL,77
4662,1997,New Zealand,NZL,77
4663,1998,New Zealand,NZL,77
4664,1999,New Zealand,NZL,78
4665,2000,New Zealand,NZL,78
4666,2001,New Zealand,NZL,78
4667,2002,New Zealand,NZL,78
4668,2003,New Zealand,NZL,79
4669,2004,New Zealand,NZL,79
4670,2005,New Zealand,NZL,79
4671,2006,New Zealand,NZL,79
4672,2007,New Zealand,NZL,80
4673,2008,New Zealand,NZL,80
4674,2009,New Zealand,NZL,80
4675,2010,New Zealand,NZL,80
4676,2011,New Zealand,NZL,81
4677,2012,New Zealand,NZL,81
4678,2013,New Zealand,NZL,81
4679,2014,New Zealand,NZL,81
4680,2015,New Zealand,NZL,81
4681,1980,Nicaragua,NIC,58
4682,1981,Nicaragua,NIC,58
4683,1982,Nicaragua,NIC,59
4684,1983,Nicaragua,NIC,59
4685,1984,Nicaragua,NIC,60
4686,1985,Nicaragua,NIC,60
4687,1986,Nicaragua,NIC,61
4688,1987,Nicaragua,NIC,61
4689,1988,Nicaragua,NIC,62
4690,1989,Nicaragua,NIC,63
4691,1990,Nicaragua,NIC,64
4692,1991,Nicaragua,NIC,64
4693,1992,Nicaragua,NIC,65
4694,1993,Nicaragua,NIC,66
4695,1994,Nicaragua,NIC,66
4696,1995,Nicaragua,NIC,67
4697,1996,Nicaragua,NIC,67
4698,1997,Nicaragua,NIC,68
4699,1998,Nicaragua,NIC,68
4700,1999,Nicaragua,NIC,69
4701,2000,Nicaragua,NIC,69
4702,2001,Nicaragua,NIC,70
4703,2002,Nicaragua,NIC,70
4704,2003,Nicaragua,NIC,71
4705,2004,Nicaragua,NIC,71
4706,2005,Nicaragua,NIC,71
4707,2006,Nicaragua,NIC,72
4708,2007,Nicaragua,NIC,72
4709,2008,Nicaragua,NIC,73
4710,2009,Nicaragua,NIC,73
4711,2010,Nicaragua,NIC,73
4712,2011,Nicaragua,NIC,74
4713,2012,Nicaragua,NIC,74
4714,2013,Nicaragua,NIC,74
4715,2014,Nicaragua,NIC,74
4716,2015,Nicaragua,NIC,75
4717,1980,Niger,NER,38
4718,1981,Niger,NER,39
4719,1982,Niger,NER,39
4720,1983,Niger,NER,40
4721,1984,Niger,NER,40
4722,1985,Niger,NER,41
4723,1986,Niger,NER,41
4724,1987,Niger,NER,42
4725,1988,Niger,NER,42
4726,1989,Niger,NER,43
4727,1990,Niger,NER,43
4728,1991,Niger,NER,44
4729,1992,Niger,NER,44
4730,1993,Niger,NER,45
4731,1994,Niger,NER,45
4732,1995,Niger,NER,46
4733,1996,Niger,NER,47
4734,1997,Niger,NER,47
4735,1998,Niger,NER,48
4736,1999,Niger,NER,49
4737,2000,Niger,NER,49
4738,2001,Niger,NER,50
4739,2002,Niger,NER,51
4740,2003,Niger,NER,51
4741,2004,Niger,NER,52
4742,2005,Niger,NER,53
4743,2006,Niger,NER,53
4744,2007,Niger,NER,54
4745,2008,Niger,NER,55
4746,2009,Niger,NER,56
4747,2010,Niger,NER,56
4748,2011,Niger,NER,57
4749,2012,Niger,NER,58
4750,2013,Niger,NER,58
4751,2014,Niger,NER,59
4752,2015,Niger,NER,59
4753,1980,Nigeria,NGA,45
4754,1981,Nigeria,NGA,45
4755,1982,Nigeria,NGA,45
4756,1983,Nigeria,NGA,46
4757,1984,Nigeria,NGA,46
4758,1985,Nigeria,NGA,46
4759,1986,Nigeria,NGA,46
4760,1987,Nigeria,NGA,46
4761,1988,Nigeria,NGA,45
4762,1989,Nigeria,NGA,45
4763,1990,Nigeria,NGA,45
4764,1991,Nigeria,NGA,45
4765,1992,Nigeria,NGA,45
4766,1993,Nigeria,NGA,45
4767,1994,Nigeria,NGA,45
4768,1995,Nigeria,NGA,45
4769,1996,Nigeria,NGA,45
4770,1997,Nigeria,NGA,45
4771,1998,Nigeria,NGA,45
4772,1999,Nigeria,NGA,46
4773,2000,Nigeria,NGA,46
4774,2001,Nigeria,NGA,46
4775,2002,Nigeria,NGA,46
4776,2003,Nigeria,NGA,47
4777,2004,Nigeria,NGA,47
4778,2005,Nigeria,NGA,48
4779,2006,Nigeria,NGA,48
4780,2007,Nigeria,NGA,49
4781,2008,Nigeria,NGA,49
4782,2009,Nigeria,NGA,50
4783,2010,Nigeria,NGA,50
4784,2011,Nigeria,NGA,51
4785,2012,Nigeria,NGA,51
4786,2013,Nigeria,NGA,52
4787,2014,Nigeria,NGA,52
4788,2015,Nigeria,NGA,52
4789,1980,North Korea,PRK,66
4790,1981,North Korea,PRK,66
4791,1982,North Korea,PRK,66
4792,1983,North Korea,PRK,67
4793,1984,North Korea,PRK,67
4794,1985,North Korea,PRK,67
4795,1986,North Korea,PRK,68
4796,1987,North Korea,PRK,68
4797,1988,North Korea,PRK,69
4798,1989,North Korea,PRK,69
4799,1990,North Korea,PRK,69
4800,1991,North Korea,PRK,69
4801,1992,North Korea,PRK,69
4802,1993,North Korea,PRK,68
4803,1994,North Korea,PRK,67
4804,1995,North Korea,PRK,66
4805,1996,North Korea,PRK,65
4806,1997,North Korea,PRK,64
4807,1998,North Korea,PRK,64
4808,1999,North Korea,PRK,64
4809,2000,North Korea,PRK,65
4810,2001,North Korea,PRK,66
4811,2002,North Korea,PRK,66
4812,2003,North Korea,PRK,67
4813,2004,North Korea,PRK,68
4814,2005,North Korea,PRK,68
4815,2006,North Korea,PRK,68
4816,2007,North Korea,PRK,68
4817,2008,North Korea,PRK,68
4818,2009,North Korea,PRK,69
4819,2010,North Korea,PRK,69
4820,2011,North Korea,PRK,70
4821,2012,North Korea,PRK,70
4822,2013,North Korea,PRK,70
4823,2014,North Korea,PRK,71
4824,2015,North Korea,PRK,71
4825,1980,Norway,NOR,75
4826,1981,Norway,NOR,75
4827,1982,Norway,NOR,75
4828,1983,Norway,NOR,75
4829,1984,Norway,NOR,76
4830,1985,Norway,NOR,76
4831,1986,Norway,NOR,76
4832,1987,Norway,NOR,76
4833,1988,Norway,NOR,76
4834,1989,Norway,NOR,76
4835,1990,Norway,NOR,76
4836,1991,Norway,NOR,76
4837,1992,Norway,NOR,77
4838,1993,Norway,NOR,77
4839,1994,Norway,NOR,77
4840,1995,Norway,NOR,77
4841,1996,Norway,NOR,77
4842,1997,Norway,NOR,78
4843,1998,Norway,NOR,78
4844,1999,Norway,NOR,78
4845,2000,Norway,NOR,78
4846,2001,Norway,NOR,79
4847,2002,Norway,NOR,79
4848,2003,Norway,NOR,79
4849,2004,Norway,NOR,79
4850,2005,Norway,NOR,79
4851,2006,Norway,NOR,80
4852,2007,Norway,NOR,80
4853,2008,Norway,NOR,80
4854,2009,Norway,NOR,80
4855,2010,Norway,NOR,81
4856,2011,Norway,NOR,81
4857,2012,Norway,NOR,81
4858,2013,Norway,NOR,81
4859,2014,Norway,NOR,81
4860,2015,Norway,NOR,82
4861,1980,Oman,OMN,59
4862,1981,Oman,OMN,60
4863,1982,Oman,OMN,61
4864,1983,Oman,OMN,62
4865,1984,Oman,OMN,63
4866,1985,Oman,OMN,63
4867,1986,Oman,OMN,64
4868,1987,Oman,OMN,65
4869,1988,Oman,OMN,65
4870,1989,Oman,OMN,66
4871,1990,Oman,OMN,67
4872,1991,Oman,OMN,67
4873,1992,Oman,OMN,68
4874,1993,Oman,OMN,68
4875,1994,Oman,OMN,69
4876,1995,Oman,OMN,69
4877,1996,Oman,OMN,70
4878,1997,Oman,OMN,70
4879,1998,Oman,OMN,71
4880,1999,Oman,OMN,71
4881,2000,Oman,OMN,72
4882,2001,Oman,OMN,72
4883,2002,Oman,OMN,73
4884,2003,Oman,OMN,73
4885,2004,Oman,OMN,73
4886,2005,Oman,OMN,74
4887,2006,Oman,OMN,74
4888,2007,Oman,OMN,74
4889,2008,Oman,OMN,75
4890,2009,Oman,OMN,75
4891,2010,Oman,OMN,75
4892,2011,Oman,OMN,75
4893,2012,Oman,OMN,76
4894,2013,Oman,OMN,76
4895,2014,Oman,OMN,76
4896,2015,Oman,OMN,76
4897,1980,Pakistan,PAK,56
4898,1981,Pakistan,PAK,57
4899,1982,Pakistan,PAK,57
4900,1983,Pakistan,PAK,57
4901,1984,Pakistan,PAK,58
4902,1985,Pakistan,PAK,58
4903,1986,Pakistan,PAK,58
4904,1987,Pakistan,PAK,59
4905,1988,Pakistan,PAK,59
4906,1989,Pakistan,PAK,59
4907,1990,Pakistan,PAK,60
4908,1991,Pakistan,PAK,60
4909,1992,Pakistan,PAK,60
4910,1993,Pakistan,PAK,60
4911,1994,Pakistan,PAK,61
4912,1995,Pakistan,PAK,61
4913,1996,Pakistan,PAK,61
4914,1997,Pakistan,PAK,61
4915,1998,Pakistan,PAK,62
4916,1999,Pakistan,PAK,62
4917,2000,Pakistan,PAK,62
4918,2001,Pakistan,PAK,62
4919,2002,Pakistan,PAK,63
4920,2003,Pakistan,PAK,63
4921,2004,Pakistan,PAK,63
4922,2005,Pakistan,PAK,63
4923,2006,Pakistan,PAK,64
4924,2007,Pakistan,PAK,64
4925,2008,Pakistan,PAK,64
4926,2009,Pakistan,PAK,64
4927,2010,Pakistan,PAK,65
4928,2011,Pakistan,PAK,65
4929,2012,Pakistan,PAK,65
4930,2013,Pakistan,PAK,65
4931,2014,Pakistan,PAK,66
4932,2015,Pakistan,PAK,66
4933,1980,Palestine,PSE,62
4934,1981,Palestine,PSE,63
4935,1982,Palestine,PSE,64
4936,1983,Palestine,PSE,64
4937,1984,Palestine,PSE,65
4938,1985,Palestine,PSE,65
4939,1986,Palestine,PSE,66
4940,1987,Palestine,PSE,66
4941,1988,Palestine,PSE,67
4942,1989,Palestine,PSE,67
4943,1990,Palestine,PSE,68
4944,1991,Palestine,PSE,68
4945,1992,Palestine,PSE,68
4946,1993,Palestine,PSE,69
4947,1994,Palestine,PSE,69
4948,1995,Palestine,PSE,69
4949,1996,Palestine,PSE,69
4950,1997,Palestine,PSE,70
4951,1998,Palestine,PSE,70
4952,1999,Palestine,PSE,70
4953,2000,Palestine,PSE,70
4954,2001,Palestine,PSE,70
4955,2002,Palestine,PSE,71
4956,2003,Palestine,PSE,71
4957,2004,Palestine,PSE,71
4958,2005,Palestine,PSE,71
4959,2006,Palestine,PSE,71
4960,2007,Palestine,PSE,71
4961,2008,Palestine,PSE,72
4962,2009,Palestine,PSE,72
4963,2010,Palestine,PSE,72
4964,2011,Palestine,PSE,72
4965,2012,Palestine,PSE,72
4966,2013,Palestine,PSE,72
4967,2014,Palestine,PSE,73
4968,2015,Palestine,PSE,73
4969,1980,Panama,PAN,70
4970,1981,Panama,PAN,70
4971,1982,Panama,PAN,70
4972,1983,Panama,PAN,71
4973,1984,Panama,PAN,71
4974,1985,Panama,PAN,71
4975,1986,Panama,PAN,72
4976,1987,Panama,PAN,72
4977,1988,Panama,PAN,72
4978,1989,Panama,PAN,72
4979,1990,Panama,PAN,72
4980,1991,Panama,PAN,73
4981,1992,Panama,PAN,73
4982,1993,Panama,PAN,73
4983,1994,Panama,PAN,73
4984,1995,Panama,PAN,74
4985,1996,Panama,PAN,74
4986,1997,Panama,PAN,74
4987,1998,Panama,PAN,74
4988,1999,Panama,PAN,74
4989,2000,Panama,PAN,75
4990,2001,Panama,PAN,75
4991,2002,Panama,PAN,75
4992,2003,Panama,PAN,75
4993,2004,Panama,PAN,75
4994,2005,Panama,PAN,75
4995,2006,Panama,PAN,76
4996,2007,Panama,PAN,76
4997,2008,Panama,PAN,76
4998,2009,Panama,PAN,76
4999,2010,Panama,PAN,76
5000,2011,Panama,PAN,77
5001,2012,Panama,PAN,77
5002,2013,Panama,PAN,77
5003,2014,Panama,PAN,77
5004,2015,Panama,PAN,77
5005,1980,Papua New Guinea,PNG,55
5006,1981,Papua New Guinea,PNG,56
5007,1982,Papua New Guinea,PNG,56
5008,1983,Papua New Guinea,PNG,57
5009,1984,Papua New Guinea,PNG,57
5010,1985,Papua New Guinea,PNG,57
5011,1986,Papua New Guinea,PNG,57
5012,1987,Papua New Guinea,PNG,58
5013,1988,Papua New Guinea,PNG,58
5014,1989,Papua New Guinea,PNG,58
5015,1990,Papua New Guinea,PNG,58
5016,1991,Papua New Guinea,PNG,59
5017,1992,Papua New Guinea,PNG,59
5018,1993,Papua New Guinea,PNG,59
5019,1994,Papua New Guinea,PNG,60
5020,1995,Papua New Guinea,PNG,60
5021,1996,Papua New Guinea,PNG,60
5022,1997,Papua New Guinea,PNG,60
5023,1998,Papua New Guinea,PNG,61
5024,1999,Papua New Guinea,PNG,61
5025,2000,Papua New Guinea,PNG,61
5026,2001,Papua New Guinea,PNG,62
5027,2002,Papua New Guinea,PNG,62
5028,2003,Papua New Guinea,PNG,62
5029,2004,Papua New Guinea,PNG,63
5030,2005,Papua New Guinea,PNG,63
5031,2006,Papua New Guinea,PNG,63
5032,2007,Papua New Guinea,PNG,64
5033,2008,Papua New Guinea,PNG,64
5034,2009,Papua New Guinea,PNG,64
5035,2010,Papua New Guinea,PNG,64
5036,2011,Papua New Guinea,PNG,64
5037,2012,Papua New Guinea,PNG,64
5038,2013,Papua New Guinea,PNG,65
5039,2014,Papua New Guinea,PNG,65
5040,2015,Papua New Guinea,PNG,65
5041,1980,Paraguay,PRY,66
5042,1981,Paraguay,PRY,66
5043,1982,Paraguay,PRY,67
5044,1983,Paraguay,PRY,67
5045,1984,Paraguay,PRY,67
5046,1985,Paraguay,PRY,67
5047,1986,Paraguay,PRY,67
5048,1987,Paraguay,PRY,67
5049,1988,Paraguay,PRY,67
5050,1989,Paraguay,PRY,67
5051,1990,Paraguay,PRY,68
5052,1991,Paraguay,PRY,68
5053,1992,Paraguay,PRY,68
5054,1993,Paraguay,PRY,68
5055,1994,Paraguay,PRY,68
5056,1995,Paraguay,PRY,68
5057,1996,Paraguay,PRY,69
5058,1997,Paraguay,PRY,69
5059,1998,Paraguay,PRY,69
5060,1999,Paraguay,PRY,69
5061,2000,Paraguay,PRY,70
5062,2001,Paraguay,PRY,70
5063,2002,Paraguay,PRY,70
5064,2003,Paraguay,PRY,70
5065,2004,Paraguay,PRY,71
5066,2005,Paraguay,PRY,71
5067,2006,Paraguay,PRY,71
5068,2007,Paraguay,PRY,71
5069,2008,Paraguay,PRY,71
5070,2009,Paraguay,PRY,72
5071,2010,Paraguay,PRY,72
5072,2011,Paraguay,PRY,72
5073,2012,Paraguay,PRY,72
5074,2013,Paraguay,PRY,72
5075,2014,Paraguay,PRY,72
5076,2015,Paraguay,PRY,73
5077,1980,Peru,PER,60
5078,1981,Peru,PER,60
5079,1982,Peru,PER,61
5080,1983,Peru,PER,61
5081,1984,Peru,PER,62
5082,1985,Peru,PER,62
5083,1986,Peru,PER,63
5084,1987,Peru,PER,64
5085,1988,Peru,PER,64
5086,1989,Peru,PER,65
5087,1990,Peru,PER,65
5088,1991,Peru,PER,66
5089,1992,Peru,PER,66
5090,1993,Peru,PER,67
5091,1994,Peru,PER,67
5092,1995,Peru,PER,68
5093,1996,Peru,PER,68
5094,1997,Peru,PER,69
5095,1998,Peru,PER,69
5096,1999,Peru,PER,70
5097,2000,Peru,PER,70
5098,2001,Peru,PER,70
5099,2002,Peru,PER,71
5100,2003,Peru,PER,71
5101,2004,Peru,PER,72
5102,2005,Peru,PER,72
5103,2006,Peru,PER,72
5104,2007,Peru,PER,73
5105,2008,Peru,PER,73
5106,2009,Peru,PER,73
5107,2010,Peru,PER,73
5108,2011,Peru,PER,73
5109,2012,Peru,PER,74
5110,2013,Peru,PER,74
5111,2014,Peru,PER,74
5112,2015,Peru,PER,74
5113,1980,Philippines,PHL,62
5114,1981,Philippines,PHL,62
5115,1982,Philippines,PHL,62
5116,1983,Philippines,PHL,63
5117,1984,Philippines,PHL,63
5118,1985,Philippines,PHL,63
5119,1986,Philippines,PHL,64
5120,1987,Philippines,PHL,64
5121,1988,Philippines,PHL,64
5122,1989,Philippines,PHL,65
5123,1990,Philippines,PHL,65
5124,1991,Philippines,PHL,65
5125,1992,Philippines,PHL,65
5126,1993,Philippines,PHL,65
5127,1994,Philippines,PHL,66
5128,1995,Philippines,PHL,66
5129,1996,Philippines,PHL,66
5130,1997,Philippines,PHL,66
5131,1998,Philippines,PHL,66
5132,1999,Philippines,PHL,67
5133,2000,Philippines,PHL,67
5134,2001,Philippines,PHL,67
5135,2002,Philippines,PHL,67
5136,2003,Philippines,PHL,67
5137,2004,Philippines,PHL,67
5138,2005,Philippines,PHL,67
5139,2006,Philippines,PHL,67
5140,2007,Philippines,PHL,68
5141,2008,Philippines,PHL,68
5142,2009,Philippines,PHL,68
5143,2010,Philippines,PHL,68
5144,2011,Philippines,PHL,68
5145,2012,Philippines,PHL,68
5146,2013,Philippines,PHL,68
5147,2014,Philippines,PHL,68
5148,2015,Philippines,PHL,68
5149,1980,Poland,POL,70
5150,1981,Poland,POL,70
5151,1982,Poland,POL,70
5152,1983,Poland,POL,70
5153,1984,Poland,POL,70
5154,1985,Poland,POL,70
5155,1986,Poland,POL,70
5156,1987,Poland,POL,70
5157,1988,Poland,POL,70
5158,1989,Poland,POL,70
5159,1990,Poland,POL,70
5160,1991,Poland,POL,70
5161,1992,Poland,POL,71
5162,1993,Poland,POL,71
5163,1994,Poland,POL,71
5164,1995,Poland,POL,71
5165,1996,Poland,POL,72
5166,1997,Poland,POL,72
5167,1998,Poland,POL,72
5168,1999,Poland,POL,73
5169,2000,Poland,POL,73
5170,2001,Poland,POL,74
5171,2002,Poland,POL,74
5172,2003,Poland,POL,74
5173,2004,Poland,POL,74
5174,2005,Poland,POL,75
5175,2006,Poland,POL,75
5176,2007,Poland,POL,75
5177,2008,Poland,POL,75
5178,2009,Poland,POL,76
5179,2010,Poland,POL,76
5180,2011,Poland,POL,76
5181,2012,Poland,POL,76
5182,2013,Poland,POL,77
5183,2014,Poland,POL,77
5184,2015,Poland,POL,77
5185,1980,Polynesia,OWID_PYA,63
5186,1981,Polynesia,OWID_PYA,64
5187,1982,Polynesia,OWID_PYA,64
5188,1983,Polynesia,OWID_PYA,64
5189,1984,Polynesia,OWID_PYA,65
5190,1985,Polynesia,OWID_PYA,65
5191,1986,Polynesia,OWID_PYA,66
5192,1987,Polynesia,OWID_PYA,66
5193,1988,Polynesia,OWID_PYA,66
5194,1989,Polynesia,OWID_PYA,67
5195,1990,Polynesia,OWID_PYA,67
5196,1991,Polynesia,OWID_PYA,67
5197,1992,Polynesia,OWID_PYA,68
5198,1993,Polynesia,OWID_PYA,68
5199,1994,Polynesia,OWID_PYA,69
5200,1995,Polynesia,OWID_PYA,69
5201,1996,Polynesia,OWID_PYA,69
5202,1997,Polynesia,OWID_PYA,69
5203,1998,Polynesia,OWID_PYA,70
5204,1999,Polynesia,OWID_PYA,70
5205,2000,Polynesia,OWID_PYA,70
5206,2001,Polynesia,OWID_PYA,71
5207,2002,Polynesia,OWID_PYA,71
5208,2003,Polynesia,OWID_PYA,71
5209,2004,Polynesia,OWID_PYA,72
5210,2005,Polynesia,OWID_PYA,72
5211,2006,Polynesia,OWID_PYA,72
5212,2007,Polynesia,OWID_PYA,73
5213,2008,Polynesia,OWID_PYA,73
5214,2009,Polynesia,OWID_PYA,73
5215,2010,Polynesia,OWID_PYA,73
5216,2011,Polynesia,OWID_PYA,74
5217,2012,Polynesia,OWID_PYA,74
5218,2013,Polynesia,OWID_PYA,74
5219,2014,Polynesia,OWID_PYA,74
5220,2015,Polynesia,OWID_PYA,75
5221,1980,Portugal,PRT,71
5222,1981,Portugal,PRT,71
5223,1982,Portugal,PRT,72
5224,1983,Portugal,PRT,72
5225,1984,Portugal,PRT,73
5226,1985,Portugal,PRT,73
5227,1986,Portugal,PRT,73
5228,1987,Portugal,PRT,73
5229,1988,Portugal,PRT,74
5230,1989,Portugal,PRT,74
5231,1990,Portugal,PRT,74
5232,1991,Portugal,PRT,74
5233,1992,Portugal,PRT,74
5234,1993,Portugal,PRT,74
5235,1994,Portugal,PRT,75
5236,1995,Portugal,PRT,75
5237,1996,Portugal,PRT,75
5238,1997,Portugal,PRT,75
5239,1998,Portugal,PRT,76
5240,1999,Portugal,PRT,76
5241,2000,Portugal,PRT,76
5242,2001,Portugal,PRT,77
5243,2002,Portugal,PRT,77
5244,2003,Portugal,PRT,77
5245,2004,Portugal,PRT,78
5246,2005,Portugal,PRT,78
5247,2006,Portugal,PRT,78
5248,2007,Portugal,PRT,79
5249,2008,Portugal,PRT,79
5250,2009,Portugal,PRT,79
5251,2010,Portugal,PRT,79
5252,2011,Portugal,PRT,80
5253,2012,Portugal,PRT,80
5254,2013,Portugal,PRT,80
5255,2014,Portugal,PRT,80
5256,2015,Portugal,PRT,81
5257,1980,Puerto Rico,PRI,73
5258,1981,Puerto Rico,PRI,73
5259,1982,Puerto Rico,PRI,73
5260,1983,Puerto Rico,PRI,74
5261,1984,Puerto Rico,PRI,74
5262,1985,Puerto Rico,PRI,74
5263,1986,Puerto Rico,PRI,74
5264,1987,Puerto Rico,PRI,74
5265,1988,Puerto Rico,PRI,74
5266,1989,Puerto Rico,PRI,74
5267,1990,Puerto Rico,PRI,74
5268,1991,Puerto Rico,PRI,74
5269,1992,Puerto Rico,PRI,73
5270,1993,Puerto Rico,PRI,73
5271,1994,Puerto Rico,PRI,74
5272,1995,Puerto Rico,PRI,74
5273,1996,Puerto Rico,PRI,74
5274,1997,Puerto Rico,PRI,74
5275,1998,Puerto Rico,PRI,75
5276,1999,Puerto Rico,PRI,75
5277,2000,Puerto Rico,PRI,75
5278,2001,Puerto Rico,PRI,76
5279,2002,Puerto Rico,PRI,76
5280,2003,Puerto Rico,PRI,76
5281,2004,Puerto Rico,PRI,77
5282,2005,Puerto Rico,PRI,77
5283,2006,Puerto Rico,PRI,77
5284,2007,Puerto Rico,PRI,77
5285,2008,Puerto Rico,PRI,78
5286,2009,Puerto Rico,PRI,78
5287,2010,Puerto Rico,PRI,78
5288,2011,Puerto Rico,PRI,78
5289,2012,Puerto Rico,PRI,79
5290,2013,Puerto Rico,PRI,79
5291,2014,Puerto Rico,PRI,79
5292,2015,Puerto Rico,PRI,79
5293,1980,Qatar,QAT,72
5294,1981,Qatar,QAT,72
5295,1982,Qatar,QAT,73
5296,1983,Qatar,QAT,73
5297,1984,Qatar,QAT,73
5298,1985,Qatar,QAT,74
5299,1986,Qatar,QAT,74
5300,1987,Qatar,QAT,74
5301,1988,Qatar,QAT,74
5302,1989,Qatar,QAT,74
5303,1990,Qatar,QAT,74
5304,1991,Qatar,QAT,75
5305,1992,Qatar,QAT,75
5306,1993,Qatar,QAT,75
5307,1994,Qatar,QAT,75
5308,1995,Qatar,QAT,75
5309,1996,Qatar,QAT,75
5310,1997,Qatar,QAT,75
5311,1998,Qatar,QAT,76
5312,1999,Qatar,QAT,76
5313,2000,Qatar,QAT,76
5314,2001,Qatar,QAT,76
5315,2002,Qatar,QAT,76
5316,2003,Qatar,QAT,76
5317,2004,Qatar,QAT,76
5318,2005,Qatar,QAT,76
5319,2006,Qatar,QAT,76
5320,2007,Qatar,QAT,76
5321,2008,Qatar,QAT,77
5322,2009,Qatar,QAT,77
5323,2010,Qatar,QAT,77
5324,2011,Qatar,QAT,77
5325,2012,Qatar,QAT,77
5326,2013,Qatar,QAT,77
5327,2014,Qatar,QAT,77
5328,2015,Qatar,QAT,78
5329,1980,Reunion,REU,68
5330,1981,Reunion,REU,68
5331,1982,Reunion,REU,69
5332,1983,Reunion,REU,69
5333,1984,Reunion,REU,70
5334,1985,Reunion,REU,70
5335,1986,Reunion,REU,71
5336,1987,Reunion,REU,71
5337,1988,Reunion,REU,71
5338,1989,Reunion,REU,72
5339,1990,Reunion,REU,72
5340,1991,Reunion,REU,73
5341,1992,Reunion,REU,73
5342,1993,Reunion,REU,73
5343,1994,Reunion,REU,74
5344,1995,Reunion,REU,74
5345,1996,Reunion,REU,74
5346,1997,Reunion,REU,75
5347,1998,Reunion,REU,75
5348,1999,Reunion,REU,75
5349,2000,Reunion,REU,76
5350,2001,Reunion,REU,76
5351,2002,Reunion,REU,76
5352,2003,Reunion,REU,76
5353,2004,Reunion,REU,77
5354,2005,Reunion,REU,77
5355,2006,Reunion,REU,77
5356,2007,Reunion,REU,78
5357,2008,Reunion,REU,78
5358,2009,Reunion,REU,78
5359,2010,Reunion,REU,78
5360,2011,Reunion,REU,79
5361,2012,Reunion,REU,79
5362,2013,Reunion,REU,79
5363,2014,Reunion,REU,79
5364,2015,Reunion,REU,80
5365,1980,Romania,ROU,69
5366,1981,Romania,ROU,69
5367,1982,Romania,ROU,69
5368,1983,Romania,ROU,69
5369,1984,Romania,ROU,69
5370,1985,Romania,ROU,69
5371,1986,Romania,ROU,69
5372,1987,Romania,ROU,69
5373,1988,Romania,ROU,69
5374,1989,Romania,ROU,69
5375,1990,Romania,ROU,69
5376,1991,Romania,ROU,69
5377,1992,Romania,ROU,69
5378,1993,Romania,ROU,69
5379,1994,Romania,ROU,69
5380,1995,Romania,ROU,69
5381,1996,Romania,ROU,69
5382,1997,Romania,ROU,69
5383,1998,Romania,ROU,69
5384,1999,Romania,ROU,70
5385,2000,Romania,ROU,70
5386,2001,Romania,ROU,70
5387,2002,Romania,ROU,71
5388,2003,Romania,ROU,71
5389,2004,Romania,ROU,71
5390,2005,Romania,ROU,72
5391,2006,Romania,ROU,72
5392,2007,Romania,ROU,72
5393,2008,Romania,ROU,73
5394,2009,Romania,ROU,73
5395,2010,Romania,ROU,74
5396,2011,Romania,ROU,74
5397,2012,Romania,ROU,74
5398,2013,Romania,ROU,74
5399,2014,Romania,ROU,75
5400,2015,Romania,ROU,75
5401,1980,Russia,RUS,67
5402,1981,Russia,RUS,67
5403,1982,Russia,RUS,67
5404,1983,Russia,RUS,67
5405,1984,Russia,RUS,68
5406,1985,Russia,RUS,68
5407,1986,Russia,RUS,68
5408,1987,Russia,RUS,68
5409,1988,Russia,RUS,68
5410,1989,Russia,RUS,68
5411,1990,Russia,RUS,68
5412,1991,Russia,RUS,67
5413,1992,Russia,RUS,67
5414,1993,Russia,RUS,66
5415,1994,Russia,RUS,66
5416,1995,Russia,RUS,66
5417,1996,Russia,RUS,65
5418,1997,Russia,RUS,65
5419,1998,Russia,RUS,65
5420,1999,Russia,RUS,65
5421,2000,Russia,RUS,65
5422,2001,Russia,RUS,64
5423,2002,Russia,RUS,65
5424,2003,Russia,RUS,65
5425,2004,Russia,RUS,65
5426,2005,Russia,RUS,65
5427,2006,Russia,RUS,66
5428,2007,Russia,RUS,66
5429,2008,Russia,RUS,67
5430,2009,Russia,RUS,68
5431,2010,Russia,RUS,68
5432,2011,Russia,RUS,69
5433,2012,Russia,RUS,69
5434,2013,Russia,RUS,70
5435,2014,Russia,RUS,70
5436,2015,Russia,RUS,70
5437,1980,Rwanda,RWA,48
5438,1981,Rwanda,RWA,49
5439,1982,Rwanda,RWA,49
5440,1983,Rwanda,RWA,50
5441,1984,Rwanda,RWA,51
5442,1985,Rwanda,RWA,50
5443,1986,Rwanda,RWA,49
5444,1987,Rwanda,RWA,46
5445,1988,Rwanda,RWA,43
5446,1989,Rwanda,RWA,38
5447,1990,Rwanda,RWA,34
5448,1991,Rwanda,RWA,30
5449,1992,Rwanda,RWA,28
5450,1993,Rwanda,RWA,27
5451,1994,Rwanda,RWA,29
5452,1995,Rwanda,RWA,31
5453,1996,Rwanda,RWA,35
5454,1997,Rwanda,RWA,40
5455,1998,Rwanda,RWA,43
5456,1999,Rwanda,RWA,46
5457,2000,Rwanda,RWA,48
5458,2001,Rwanda,RWA,49
5459,2002,Rwanda,RWA,50
5460,2003,Rwanda,RWA,52
5461,2004,Rwanda,RWA,53
5462,2005,Rwanda,RWA,55
5463,2006,Rwanda,RWA,57
5464,2007,Rwanda,RWA,58
5465,2008,Rwanda,RWA,60
5466,2009,Rwanda,RWA,61
5467,2010,Rwanda,RWA,63
5468,2011,Rwanda,RWA,64
5469,2012,Rwanda,RWA,64
5470,2013,Rwanda,RWA,65
5471,2014,Rwanda,RWA,66
5472,2015,Rwanda,RWA,66
5473,1980,Saint Lucia,LCA,68
5474,1981,Saint Lucia,LCA,69
5475,1982,Saint Lucia,LCA,69
5476,1983,Saint Lucia,LCA,70
5477,1984,Saint Lucia,LCA,70
5478,1985,Saint Lucia,LCA,70
5479,1986,Saint Lucia,LCA,70
5480,1987,Saint Lucia,LCA,70
5481,1988,Saint Lucia,LCA,70
5482,1989,Saint Lucia,LCA,71
5483,1990,Saint Lucia,LCA,71
5484,1991,Saint Lucia,LCA,71
5485,1992,Saint Lucia,LCA,71
5486,1993,Saint Lucia,LCA,71
5487,1994,Saint Lucia,LCA,71
5488,1995,Saint Lucia,LCA,71
5489,1996,Saint Lucia,LCA,71
5490,1997,Saint Lucia,LCA,71
5491,1998,Saint Lucia,LCA,71
5492,1999,Saint Lucia,LCA,71
5493,2000,Saint Lucia,LCA,71
5494,2001,Saint Lucia,LCA,71
5495,2002,Saint Lucia,LCA,71
5496,2003,Saint Lucia,LCA,72
5497,2004,Saint Lucia,LCA,72
5498,2005,Saint Lucia,LCA,73
5499,2006,Saint Lucia,LCA,73
5500,2007,Saint Lucia,LCA,73
5501,2008,Saint Lucia,LCA,74
5502,2009,Saint Lucia,LCA,74
5503,2010,Saint Lucia,LCA,74
5504,2011,Saint Lucia,LCA,74
5505,2012,Saint Lucia,LCA,74
5506,2013,Saint Lucia,LCA,74
5507,2014,Saint Lucia,LCA,75
5508,2015,Saint Lucia,LCA,75
5509,1980,Saint Vincent and the Grenadines,VCT,67
5510,1981,Saint Vincent and the Grenadines,VCT,67
5511,1982,Saint Vincent and the Grenadines,VCT,68
5512,1983,Saint Vincent and the Grenadines,VCT,68
5513,1984,Saint Vincent and the Grenadines,VCT,68
5514,1985,Saint Vincent and the Grenadines,VCT,69
5515,1986,Saint Vincent and the Grenadines,VCT,69
5516,1987,Saint Vincent and the Grenadines,VCT,69
5517,1988,Saint Vincent and the Grenadines,VCT,69
5518,1989,Saint Vincent and the Grenadines,VCT,69
5519,1990,Saint Vincent and the Grenadines,VCT,70
5520,1991,Saint Vincent and the Grenadines,VCT,70
5521,1992,Saint Vincent and the Grenadines,VCT,70
5522,1993,Saint Vincent and the Grenadines,VCT,70
5523,1994,Saint Vincent and the Grenadines,VCT,70
5524,1995,Saint Vincent and the Grenadines,VCT,70
5525,1996,Saint Vincent and the Grenadines,VCT,70
5526,1997,Saint Vincent and the Grenadines,VCT,70
5527,1998,Saint Vincent and the Grenadines,VCT,70
5528,1999,Saint Vincent and the Grenadines,VCT,70
5529,2000,Saint Vincent and the Grenadines,VCT,70
5530,2001,Saint Vincent and the Grenadines,VCT,70
5531,2002,Saint Vincent and the Grenadines,VCT,70
5532,2003,Saint Vincent and the Grenadines,VCT,70
5533,2004,Saint Vincent and the Grenadines,VCT,71
5534,2005,Saint Vincent and the Grenadines,VCT,71
5535,2006,Saint Vincent and the Grenadines,VCT,71
5536,2007,Saint Vincent and the Grenadines,VCT,71
5537,2008,Saint Vincent and the Grenadines,VCT,71
5538,2009,Saint Vincent and the Grenadines,VCT,72
5539,2010,Saint Vincent and the Grenadines,VCT,72
5540,2011,Saint Vincent and the Grenadines,VCT,72
5541,2012,Saint Vincent and the Grenadines,VCT,72
5542,2013,Saint Vincent and the Grenadines,VCT,72
5543,2014,Saint Vincent and the Grenadines,VCT,72
5544,2015,Saint Vincent and the Grenadines,VCT,73
5545,1980,Samoa,WSM,59
5546,1981,Samoa,WSM,60
5547,1982,Samoa,WSM,60
5548,1983,Samoa,WSM,61
5549,1984,Samoa,WSM,61
5550,1985,Samoa,WSM,62
5551,1986,Samoa,WSM,62
5552,1987,Samoa,WSM,63
5553,1988,Samoa,WSM,63
5554,1989,Samoa,WSM,64
5555,1990,Samoa,WSM,64
5556,1991,Samoa,WSM,65
5557,1992,Samoa,WSM,65
5558,1993,Samoa,WSM,66
5559,1994,Samoa,WSM,66
5560,1995,Samoa,WSM,67
5561,1996,Samoa,WSM,67
5562,1997,Samoa,WSM,68
5563,1998,Samoa,WSM,68
5564,1999,Samoa,WSM,68
5565,2000,Samoa,WSM,69
5566,2001,Samoa,WSM,69
5567,2002,Samoa,WSM,69
5568,2003,Samoa,WSM,70
5569,2004,Samoa,WSM,70
5570,2005,Samoa,WSM,71
5571,2006,Samoa,WSM,71
5572,2007,Samoa,WSM,71
5573,2008,Samoa,WSM,72
5574,2009,Samoa,WSM,72
5575,2010,Samoa,WSM,73
5576,2011,Samoa,WSM,73
5577,2012,Samoa,WSM,73
5578,2013,Samoa,WSM,74
5579,2014,Samoa,WSM,74
5580,2015,Samoa,WSM,74
5581,1980,Sao Tome and Principe,STP,60
5582,1981,Sao Tome and Principe,STP,60
5583,1982,Sao Tome and Principe,STP,60
5584,1983,Sao Tome and Principe,STP,60
5585,1984,Sao Tome and Principe,STP,60
5586,1985,Sao Tome and Principe,STP,60
5587,1986,Sao Tome and Principe,STP,61
5588,1987,Sao Tome and Principe,STP,61
5589,1988,Sao Tome and Principe,STP,61
5590,1989,Sao Tome and Principe,STP,61
5591,1990,Sao Tome and Principe,STP,61
5592,1991,Sao Tome and Principe,STP,61
5593,1992,Sao Tome and Principe,STP,62
5594,1993,Sao Tome and Principe,STP,62
5595,1994,Sao Tome and Principe,STP,62
5596,1995,Sao Tome and Principe,STP,62
5597,1996,Sao Tome and Principe,STP,62
5598,1997,Sao Tome and Principe,STP,62
5599,1998,Sao Tome and Principe,STP,63
5600,1999,Sao Tome and Principe,STP,63
5601,2000,Sao Tome and Principe,STP,63
5602,2001,Sao Tome and Principe,STP,63
5603,2002,Sao Tome and Principe,STP,63
5604,2003,Sao Tome and Principe,STP,64
5605,2004,Sao Tome and Principe,STP,64
5606,2005,Sao Tome and Principe,STP,64
5607,2006,Sao Tome and Principe,STP,64
5608,2007,Sao Tome and Principe,STP,65
5609,2008,Sao Tome and Principe,STP,65
5610,2009,Sao Tome and Principe,STP,65
5611,2010,Sao Tome and Principe,STP,65
5612,2011,Sao Tome and Principe,STP,66
5613,2012,Sao Tome and Principe,STP,66
5614,2013,Sao Tome and Principe,STP,66
5615,2014,Sao Tome and Principe,STP,66
5616,2015,Sao Tome and Principe,STP,66
5617,1980,Saudi Arabia,SAU,63
5618,1981,Saudi Arabia,SAU,63
5619,1982,Saudi Arabia,SAU,64
5620,1983,Saudi Arabia,SAU,65
5621,1984,Saudi Arabia,SAU,65
5622,1985,Saudi Arabia,SAU,66
5623,1986,Saudi Arabia,SAU,67
5624,1987,Saudi Arabia,SAU,67
5625,1988,Saudi Arabia,SAU,68
5626,1989,Saudi Arabia,SAU,68
5627,1990,Saudi Arabia,SAU,69
5628,1991,Saudi Arabia,SAU,69
5629,1992,Saudi Arabia,SAU,69
5630,1993,Saudi Arabia,SAU,70
5631,1994,Saudi Arabia,SAU,70
5632,1995,Saudi Arabia,SAU,70
5633,1996,Saudi Arabia,SAU,71
5634,1997,Saudi Arabia,SAU,71
5635,1998,Saudi Arabia,SAU,71
5636,1999,Saudi Arabia,SAU,72
5637,2000,Saudi Arabia,SAU,72
5638,2001,Saudi Arabia,SAU,72
5639,2002,Saudi Arabia,SAU,72
5640,2003,Saudi Arabia,SAU,72
5641,2004,Saudi Arabia,SAU,73
5642,2005,Saudi Arabia,SAU,73
5643,2006,Saudi Arabia,SAU,73
5644,2007,Saudi Arabia,SAU,73
5645,2008,Saudi Arabia,SAU,73
5646,2009,Saudi Arabia,SAU,73
5647,2010,Saudi Arabia,SAU,73
5648,2011,Saudi Arabia,SAU,73
5649,2012,Saudi Arabia,SAU,73
5650,2013,Saudi Arabia,SAU,74
5651,2014,Saudi Arabia,SAU,74
5652,2015,Saudi Arabia,SAU,74
5653,1980,Senegal,SEN,48
5654,1981,Senegal,SEN,49
5655,1982,Senegal,SEN,50
5656,1983,Senegal,SEN,51
5657,1984,Senegal,SEN,52
5658,1985,Senegal,SEN,53
5659,1986,Senegal,SEN,54
5660,1987,Senegal,SEN,55
5661,1988,Senegal,SEN,56
5662,1989,Senegal,SEN,56
5663,1990,Senegal,SEN,57
5664,1991,Senegal,SEN,57
5665,1992,Senegal,SEN,57
5666,1993,Senegal,SEN,57
5667,1994,Senegal,SEN,57
5668,1995,Senegal,SEN,57
5669,1996,Senegal,SEN,57
5670,1997,Senegal,SEN,57
5671,1998,Senegal,SEN,57
5672,1999,Senegal,SEN,57
5673,2000,Senegal,SEN,57
5674,2001,Senegal,SEN,58
5675,2002,Senegal,SEN,58
5676,2003,Senegal,SEN,59
5677,2004,Senegal,SEN,59
5678,2005,Senegal,SEN,60
5679,2006,Senegal,SEN,61
5680,2007,Senegal,SEN,62
5681,2008,Senegal,SEN,62
5682,2009,Senegal,SEN,63
5683,2010,Senegal,SEN,64
5684,2011,Senegal,SEN,64
5685,2012,Senegal,SEN,65
5686,2013,Senegal,SEN,65
5687,2014,Senegal,SEN,66
5688,2015,Senegal,SEN,66
5689,1980,Seychelles,SYC,69
5690,1981,Seychelles,SYC,70
5691,1982,Seychelles,SYC,70
5692,1983,Seychelles,SYC,70
5693,1984,Seychelles,SYC,70
5694,1985,Seychelles,SYC,70
5695,1986,Seychelles,SYC,70
5696,1987,Seychelles,SYC,70
5697,1988,Seychelles,SYC,70
5698,1989,Seychelles,SYC,70
5699,1990,Seychelles,SYC,70
5700,1991,Seychelles,SYC,70
5701,1992,Seychelles,SYC,70
5702,1993,Seychelles,SYC,70
5703,1994,Seychelles,SYC,70
5704,1995,Seychelles,SYC,70
5705,1996,Seychelles,SYC,71
5706,1997,Seychelles,SYC,71
5707,1998,Seychelles,SYC,71
5708,1999,Seychelles,SYC,71
5709,2000,Seychelles,SYC,71
5710,2001,Seychelles,SYC,71
5711,2002,Seychelles,SYC,72
5712,2003,Seychelles,SYC,72
5713,2004,Seychelles,SYC,72
5714,2005,Seychelles,SYC,72
5715,2006,Seychelles,SYC,72
5716,2007,Seychelles,SYC,72
5717,2008,Seychelles,SYC,72
5718,2009,Seychelles,SYC,72
5719,2010,Seychelles,SYC,72
5720,2011,Seychelles,SYC,72
5721,2012,Seychelles,SYC,72
5722,2013,Seychelles,SYC,72
5723,2014,Seychelles,SYC,73
5724,2015,Seychelles,SYC,73
5725,1980,Sierra Leone,SLE,40
5726,1981,Sierra Leone,SLE,40
5727,1982,Sierra Leone,SLE,40
5728,1983,Sierra Leone,SLE,40
5729,1984,Sierra Leone,SLE,40
5730,1985,Sierra Leone,SLE,40
5731,1986,Sierra Leone,SLE,39
5732,1987,Sierra Leone,SLE,39
5733,1988,Sierra Leone,SLE,38
5734,1989,Sierra Leone,SLE,38
5735,1990,Sierra Leone,SLE,37
5736,1991,Sierra Leone,SLE,36
5737,1992,Sierra Leone,SLE,36
5738,1993,Sierra Leone,SLE,35
5739,1994,Sierra Leone,SLE,35
5740,1995,Sierra Leone,SLE,35
5741,1996,Sierra Leone,SLE,35
5742,1997,Sierra Leone,SLE,36
5743,1998,Sierra Leone,SLE,37
5744,1999,Sierra Leone,SLE,37
5745,2000,Sierra Leone,SLE,38
5746,2001,Sierra Leone,SLE,39
5747,2002,Sierra Leone,SLE,40
5748,2003,Sierra Leone,SLE,41
5749,2004,Sierra Leone,SLE,42
5750,2005,Sierra Leone,SLE,43
5751,2006,Sierra Leone,SLE,44
5752,2007,Sierra Leone,SLE,45
5753,2008,Sierra Leone,SLE,46
5754,2009,Sierra Leone,SLE,47
5755,2010,Sierra Leone,SLE,48
5756,2011,Sierra Leone,SLE,49
5757,2012,Sierra Leone,SLE,49
5758,2013,Sierra Leone,SLE,50
5759,2014,Sierra Leone,SLE,50
5760,2015,Sierra Leone,SLE,51
5761,1980,Singapore,SGP,71
5762,1981,Singapore,SGP,72
5763,1982,Singapore,SGP,72
5764,1983,Singapore,SGP,73
5765,1984,Singapore,SGP,73
5766,1985,Singapore,SGP,73
5767,1986,Singapore,SGP,74
5768,1987,Singapore,SGP,74
5769,1988,Singapore,SGP,75
5770,1989,Singapore,SGP,75
5771,1990,Singapore,SGP,76
5772,1991,Singapore,SGP,76
5773,1992,Singapore,SGP,76
5774,1993,Singapore,SGP,76
5775,1994,Singapore,SGP,77
5776,1995,Singapore,SGP,77
5777,1996,Singapore,SGP,77
5778,1997,Singapore,SGP,77
5779,1998,Singapore,SGP,77
5780,1999,Singapore,SGP,78
5781,2000,Singapore,SGP,78
5782,2001,Singapore,SGP,78
5783,2002,Singapore,SGP,79
5784,2003,Singapore,SGP,79
5785,2004,Singapore,SGP,79
5786,2005,Singapore,SGP,80
5787,2006,Singapore,SGP,80
5788,2007,Singapore,SGP,80
5789,2008,Singapore,SGP,81
5790,2009,Singapore,SGP,81
5791,2010,Singapore,SGP,81
5792,2011,Singapore,SGP,82
5793,2012,Singapore,SGP,82
5794,2013,Singapore,SGP,82
5795,2014,Singapore,SGP,82
5796,2015,Singapore,SGP,82
5797,1980,Slovakia,SVK,70
5798,1981,Slovakia,SVK,70
5799,1982,Slovakia,SVK,70
5800,1983,Slovakia,SVK,70
5801,1984,Slovakia,SVK,70
5802,1985,Slovakia,SVK,70
5803,1986,Slovakia,SVK,70
5804,1987,Slovakia,SVK,70
5805,1988,Slovakia,SVK,70
5806,1989,Slovakia,SVK,71
5807,1990,Slovakia,SVK,71
5808,1991,Slovakia,SVK,71
5809,1992,Slovakia,SVK,71
5810,1993,Slovakia,SVK,71
5811,1994,Slovakia,SVK,71
5812,1995,Slovakia,SVK,72
5813,1996,Slovakia,SVK,72
5814,1997,Slovakia,SVK,72
5815,1998,Slovakia,SVK,72
5816,1999,Slovakia,SVK,73
5817,2000,Slovakia,SVK,73
5818,2001,Slovakia,SVK,73
5819,2002,Slovakia,SVK,73
5820,2003,Slovakia,SVK,73
5821,2004,Slovakia,SVK,74
5822,2005,Slovakia,SVK,74
5823,2006,Slovakia,SVK,74
5824,2007,Slovakia,SVK,74
5825,2008,Slovakia,SVK,74
5826,2009,Slovakia,SVK,75
5827,2010,Slovakia,SVK,75
5828,2011,Slovakia,SVK,75
5829,2012,Slovakia,SVK,76
5830,2013,Slovakia,SVK,76
5831,2014,Slovakia,SVK,76
5832,2015,Slovakia,SVK,76
5833,1980,Slovenia,SVN,71
5834,1981,Slovenia,SVN,71
5835,1982,Slovenia,SVN,71
5836,1983,Slovenia,SVN,71
5837,1984,Slovenia,SVN,71
5838,1985,Slovenia,SVN,71
5839,1986,Slovenia,SVN,72
5840,1987,Slovenia,SVN,72
5841,1988,Slovenia,SVN,72
5842,1989,Slovenia,SVN,72
5843,1990,Slovenia,SVN,73
5844,1991,Slovenia,SVN,73
5845,1992,Slovenia,SVN,73
5846,1993,Slovenia,SVN,73
5847,1994,Slovenia,SVN,74
5848,1995,Slovenia,SVN,74
5849,1996,Slovenia,SVN,74
5850,1997,Slovenia,SVN,75
5851,1998,Slovenia,SVN,75
5852,1999,Slovenia,SVN,75
5853,2000,Slovenia,SVN,75
5854,2001,Slovenia,SVN,76
5855,2002,Slovenia,SVN,76
5856,2003,Slovenia,SVN,76
5857,2004,Slovenia,SVN,77
5858,2005,Slovenia,SVN,77
5859,2006,Slovenia,SVN,77
5860,2007,Slovenia,SVN,78
5861,2008,Slovenia,SVN,78
5862,2009,Slovenia,SVN,79
5863,2010,Slovenia,SVN,79
5864,2011,Slovenia,SVN,79
5865,2012,Slovenia,SVN,80
5866,2013,Slovenia,SVN,80
5867,2014,Slovenia,SVN,80
5868,2015,Slovenia,SVN,80
5869,1980,Solomon Islands,SLB,58
5870,1981,Solomon Islands,SLB,58
5871,1982,Solomon Islands,SLB,58
5872,1983,Solomon Islands,SLB,58
5873,1984,Solomon Islands,SLB,57
5874,1985,Solomon Islands,SLB,57
5875,1986,Solomon Islands,SLB,56
5876,1987,Solomon Islands,SLB,56
5877,1988,Solomon Islands,SLB,56
5878,1989,Solomon Islands,SLB,56
5879,1990,Solomon Islands,SLB,56
5880,1991,Solomon Islands,SLB,57
5881,1992,Solomon Islands,SLB,57
5882,1993,Solomon Islands,SLB,58
5883,1994,Solomon Islands,SLB,59
5884,1995,Solomon Islands,SLB,59
5885,1996,Solomon Islands,SLB,60
5886,1997,Solomon Islands,SLB,61
5887,1998,Solomon Islands,SLB,61
5888,1999,Solomon Islands,SLB,62
5889,2000,Solomon Islands,SLB,63
5890,2001,Solomon Islands,SLB,63
5891,2002,Solomon Islands,SLB,64
5892,2003,Solomon Islands,SLB,64
5893,2004,Solomon Islands,SLB,65
5894,2005,Solomon Islands,SLB,66
5895,2006,Solomon Islands,SLB,66
5896,2007,Solomon Islands,SLB,67
5897,2008,Solomon Islands,SLB,67
5898,2009,Solomon Islands,SLB,68
5899,2010,Solomon Islands,SLB,68
5900,2011,Solomon Islands,SLB,69
5901,2012,Solomon Islands,SLB,69
5902,2013,Solomon Islands,SLB,69
5903,2014,Solomon Islands,SLB,70
5904,2015,Solomon Islands,SLB,70
5905,1980,Somalia,SOM,44
5906,1981,Somalia,SOM,45
5907,1982,Somalia,SOM,45
5908,1983,Somalia,SOM,45
5909,1984,Somalia,SOM,45
5910,1985,Somalia,SOM,46
5911,1986,Somalia,SOM,46
5912,1987,Somalia,SOM,46
5913,1988,Somalia,SOM,45
5914,1989,Somalia,SOM,45
5915,1990,Somalia,SOM,45
5916,1991,Somalia,SOM,45
5917,1992,Somalia,SOM,45
5918,1993,Somalia,SOM,45
5919,1994,Somalia,SOM,46
5920,1995,Somalia,SOM,47
5921,1996,Somalia,SOM,48
5922,1997,Somalia,SOM,48
5923,1998,Somalia,SOM,49
5924,1999,Somalia,SOM,50
5925,2000,Somalia,SOM,50
5926,2001,Somalia,SOM,51
5927,2002,Somalia,SOM,51
5928,2003,Somalia,SOM,51
5929,2004,Somalia,SOM,52
5930,2005,Somalia,SOM,52
5931,2006,Somalia,SOM,52
5932,2007,Somalia,SOM,52
5933,2008,Somalia,SOM,53
5934,2009,Somalia,SOM,53
5935,2010,Somalia,SOM,53
5936,2011,Somalia,SOM,54
5937,2012,Somalia,SOM,54
5938,2013,Somalia,SOM,55
5939,2014,Somalia,SOM,55
5940,2015,Somalia,SOM,55
5941,1980,South Africa,ZAF,57
5942,1981,South Africa,ZAF,57
5943,1982,South Africa,ZAF,58
5944,1983,South Africa,ZAF,58
5945,1984,South Africa,ZAF,59
5946,1985,South Africa,ZAF,59
5947,1986,South Africa,ZAF,60
5948,1987,South Africa,ZAF,60
5949,1988,South Africa,ZAF,61
5950,1989,South Africa,ZAF,61
5951,1990,South Africa,ZAF,62
5952,1991,South Africa,ZAF,62
5953,1992,South Africa,ZAF,62
5954,1993,South Africa,ZAF,62
5955,1994,South Africa,ZAF,61
5956,1995,South Africa,ZAF,61
5957,1996,South Africa,ZAF,60
5958,1997,South Africa,ZAF,59
5959,1998,South Africa,ZAF,58
5960,1999,South Africa,ZAF,57
5961,2000,South Africa,ZAF,56
5962,2001,South Africa,ZAF,55
5963,2002,South Africa,ZAF,54
5964,2003,South Africa,ZAF,53
5965,2004,South Africa,ZAF,52
5966,2005,South Africa,ZAF,52
5967,2006,South Africa,ZAF,52
5968,2007,South Africa,ZAF,53
5969,2008,South Africa,ZAF,53
5970,2009,South Africa,ZAF,54
5971,2010,South Africa,ZAF,55
5972,2011,South Africa,ZAF,57
5973,2012,South Africa,ZAF,58
5974,2013,South Africa,ZAF,59
5975,2014,South Africa,ZAF,60
5976,2015,South Africa,ZAF,61
5977,1980,South Korea,KOR,66
5978,1981,South Korea,KOR,66
5979,1982,South Korea,KOR,67
5980,1983,South Korea,KOR,67
5981,1984,South Korea,KOR,68
5982,1985,South Korea,KOR,68
5983,1986,South Korea,KOR,69
5984,1987,South Korea,KOR,70
5985,1988,South Korea,KOR,70
5986,1989,South Korea,KOR,71
5987,1990,South Korea,KOR,71
5988,1991,South Korea,KOR,72
5989,1992,South Korea,KOR,72
5990,1993,South Korea,KOR,73
5991,1994,South Korea,KOR,73
5992,1995,South Korea,KOR,73
5993,1996,South Korea,KOR,74
5994,1997,South Korea,KOR,74
5995,1998,South Korea,KOR,75
5996,1999,South Korea,KOR,75
5997,2000,South Korea,KOR,76
5998,2001,South Korea,KOR,76
5999,2002,South Korea,KOR,76
6000,2003,South Korea,KOR,77
6001,2004,South Korea,KOR,77
6002,2005,South Korea,KOR,78
6003,2006,South Korea,KOR,78
6004,2007,South Korea,KOR,79
6005,2008,South Korea,KOR,79
6006,2009,South Korea,KOR,80
6007,2010,South Korea,KOR,80
6008,2011,South Korea,KOR,80
6009,2012,South Korea,KOR,81
6010,2013,South Korea,KOR,81
6011,2014,South Korea,KOR,81
6012,2015,South Korea,KOR,81
6013,1980,South Sudan,SSD,39
6014,1981,South Sudan,SSD,39
6015,1982,South Sudan,SSD,39
6016,1983,South Sudan,SSD,39
6017,1984,South Sudan,SSD,40
6018,1985,South Sudan,SSD,40
6019,1986,South Sudan,SSD,40
6020,1987,South Sudan,SSD,41
6021,1988,South Sudan,SSD,42
6022,1989,South Sudan,SSD,42
6023,1990,South Sudan,SSD,43
6024,1991,South Sudan,SSD,44
6025,1992,South Sudan,SSD,44
6026,1993,South Sudan,SSD,45
6027,1994,South Sudan,SSD,46
6028,1995,South Sudan,SSD,46
6029,1996,South Sudan,SSD,47
6030,1997,South Sudan,SSD,47
6031,1998,South Sudan,SSD,48
6032,1999,South Sudan,SSD,48
6033,2000,South Sudan,SSD,49
6034,2001,South Sudan,SSD,49
6035,2002,South Sudan,SSD,50
6036,2003,South Sudan,SSD,50
6037,2004,South Sudan,SSD,50
6038,2005,South Sudan,SSD,51
6039,2006,South Sudan,SSD,51
6040,2007,South Sudan,SSD,52
6041,2008,South Sudan,SSD,52
6042,2009,South Sudan,SSD,53
6043,2010,South Sudan,SSD,53
6044,2011,South Sudan,SSD,54
6045,2012,South Sudan,SSD,54
6046,2013,South Sudan,SSD,55
6047,2014,South Sudan,SSD,55
6048,2015,South Sudan,SSD,56
6049,1980,Spain,ESP,75
6050,1981,Spain,ESP,75
6051,1982,Spain,ESP,75
6052,1983,Spain,ESP,76
6053,1984,Spain,ESP,76
6054,1985,Spain,ESP,76
6055,1986,Spain,ESP,76
6056,1987,Spain,ESP,76
6057,1988,Spain,ESP,76
6058,1989,Spain,ESP,77
6059,1990,Spain,ESP,77
6060,1991,Spain,ESP,77
6061,1992,Spain,ESP,77
6062,1993,Spain,ESP,77
6063,1994,Spain,ESP,77
6064,1995,Spain,ESP,78
6065,1996,Spain,ESP,78
6066,1997,Spain,ESP,78
6067,1998,Spain,ESP,78
6068,1999,Spain,ESP,79
6069,2000,Spain,ESP,79
6070,2001,Spain,ESP,79
6071,2002,Spain,ESP,79
6072,2003,Spain,ESP,80
6073,2004,Spain,ESP,80
6074,2005,Spain,ESP,80
6075,2006,Spain,ESP,80
6076,2007,Spain,ESP,81
6077,2008,Spain,ESP,81
6078,2009,Spain,ESP,81
6079,2010,Spain,ESP,81
6080,2011,Spain,ESP,82
6081,2012,Spain,ESP,82
6082,2013,Spain,ESP,82
6083,2014,Spain,ESP,82
6084,2015,Spain,ESP,82
6085,1980,Sri Lanka,LKA,68
6086,1981,Sri Lanka,LKA,68
6087,1982,Sri Lanka,LKA,68
6088,1983,Sri Lanka,LKA,68
6089,1984,Sri Lanka,LKA,69
6090,1985,Sri Lanka,LKA,69
6091,1986,Sri Lanka,LKA,69
6092,1987,Sri Lanka,LKA,69
6093,1988,Sri Lanka,LKA,69
6094,1989,Sri Lanka,LKA,69
6095,1990,Sri Lanka,LKA,69
6096,1991,Sri Lanka,LKA,69
6097,1992,Sri Lanka,LKA,69
6098,1993,Sri Lanka,LKA,69
6099,1994,Sri Lanka,LKA,69
6100,1995,Sri Lanka,LKA,69
6101,1996,Sri Lanka,LKA,69
6102,1997,Sri Lanka,LKA,69
6103,1998,Sri Lanka,LKA,69
6104,1999,Sri Lanka,LKA,70
6105,2000,Sri Lanka,LKA,71
6106,2001,Sri Lanka,LKA,71
6107,2002,Sri Lanka,LKA,72
6108,2003,Sri Lanka,LKA,73
6109,2004,Sri Lanka,LKA,73
6110,2005,Sri Lanka,LKA,73
6111,2006,Sri Lanka,LKA,74
6112,2007,Sri Lanka,LKA,74
6113,2008,Sri Lanka,LKA,74
6114,2009,Sri Lanka,LKA,74
6115,2010,Sri Lanka,LKA,74
6116,2011,Sri Lanka,LKA,74
6117,2012,Sri Lanka,LKA,74
6118,2013,Sri Lanka,LKA,74
6119,2014,Sri Lanka,LKA,74
6120,2015,Sri Lanka,LKA,75
6121,1980,Sudan,SDN,54
6122,1981,Sudan,SDN,54
6123,1982,Sudan,SDN,54
6124,1983,Sudan,SDN,54
6125,1984,Sudan,SDN,54
6126,1985,Sudan,SDN,54
6127,1986,Sudan,SDN,54
6128,1987,Sudan,SDN,55
6129,1988,Sudan,SDN,55
6130,1989,Sudan,SDN,55
6131,1990,Sudan,SDN,55
6132,1991,Sudan,SDN,55
6133,1992,Sudan,SDN,55
6134,1993,Sudan,SDN,56
6135,1994,Sudan,SDN,56
6136,1995,Sudan,SDN,56
6137,1996,Sudan,SDN,57
6138,1997,Sudan,SDN,57
6139,1998,Sudan,SDN,57
6140,1999,Sudan,SDN,58
6141,2000,Sudan,SDN,58
6142,2001,Sudan,SDN,58
6143,2002,Sudan,SDN,59
6144,2003,Sudan,SDN,59
6145,2004,Sudan,SDN,59
6146,2005,Sudan,SDN,60
6147,2006,Sudan,SDN,60
6148,2007,Sudan,SDN,61
6149,2008,Sudan,SDN,61
6150,2009,Sudan,SDN,62
6151,2010,Sudan,SDN,62
6152,2011,Sudan,SDN,63
6153,2012,Sudan,SDN,63
6154,2013,Sudan,SDN,63
6155,2014,Sudan,SDN,64
6156,2015,Sudan,SDN,64
6157,1980,Suriname,SUR,65
6158,1981,Suriname,SUR,66
6159,1982,Suriname,SUR,66
6160,1983,Suriname,SUR,66
6161,1984,Suriname,SUR,66
6162,1985,Suriname,SUR,66
6163,1986,Suriname,SUR,67
6164,1987,Suriname,SUR,67
6165,1988,Suriname,SUR,67
6166,1989,Suriname,SUR,67
6167,1990,Suriname,SUR,67
6168,1991,Suriname,SUR,67
6169,1992,Suriname,SUR,67
6170,1993,Suriname,SUR,67
6171,1994,Suriname,SUR,67
6172,1995,Suriname,SUR,67
6173,1996,Suriname,SUR,67
6174,1997,Suriname,SUR,67
6175,1998,Suriname,SUR,67
6176,1999,Suriname,SUR,67
6177,2000,Suriname,SUR,67
6178,2001,Suriname,SUR,67
6179,2002,Suriname,SUR,68
6180,2003,Suriname,SUR,68
6181,2004,Suriname,SUR,68
6182,2005,Suriname,SUR,68
6183,2006,Suriname,SUR,69
6184,2007,Suriname,SUR,69
6185,2008,Suriname,SUR,69
6186,2009,Suriname,SUR,70
6187,2010,Suriname,SUR,70
6188,2011,Suriname,SUR,70
6189,2012,Suriname,SUR,70
6190,2013,Suriname,SUR,70
6191,2014,Suriname,SUR,71
6192,2015,Suriname,SUR,71
6193,1980,Swaziland,SWZ,54
6194,1981,Swaziland,SWZ,55
6195,1982,Swaziland,SWZ,55
6196,1983,Swaziland,SWZ,56
6197,1984,Swaziland,SWZ,57
6198,1985,Swaziland,SWZ,58
6199,1986,Swaziland,SWZ,58
6200,1987,Swaziland,SWZ,59
6201,1988,Swaziland,SWZ,59
6202,1989,Swaziland,SWZ,60
6203,1990,Swaziland,SWZ,60
6204,1991,Swaziland,SWZ,60
6205,1992,Swaziland,SWZ,59
6206,1993,Swaziland,SWZ,58
6207,1994,Swaziland,SWZ,57
6208,1995,Swaziland,SWZ,56
6209,1996,Swaziland,SWZ,54
6210,1997,Swaziland,SWZ,53
6211,1998,Swaziland,SWZ,51
6212,1999,Swaziland,SWZ,49
6213,2000,Swaziland,SWZ,48
6214,2001,Swaziland,SWZ,47
6215,2002,Swaziland,SWZ,46
6216,2003,Swaziland,SWZ,46
6217,2004,Swaziland,SWZ,45
6218,2005,Swaziland,SWZ,46
6219,2006,Swaziland,SWZ,46
6220,2007,Swaziland,SWZ,47
6221,2008,Swaziland,SWZ,48
6222,2009,Swaziland,SWZ,50
6223,2010,Swaziland,SWZ,51
6224,2011,Swaziland,SWZ,52
6225,2012,Swaziland,SWZ,54
6226,2013,Swaziland,SWZ,55
6227,2014,Swaziland,SWZ,56
6228,2015,Swaziland,SWZ,57
6229,1980,Sweden,SWE,75
6230,1981,Sweden,SWE,76
6231,1982,Sweden,SWE,76
6232,1983,Sweden,SWE,76
6233,1984,Sweden,SWE,76
6234,1985,Sweden,SWE,76
6235,1986,Sweden,SWE,76
6236,1987,Sweden,SWE,77
6237,1988,Sweden,SWE,77
6238,1989,Sweden,SWE,77
6239,1990,Sweden,SWE,77
6240,1991,Sweden,SWE,77
6241,1992,Sweden,SWE,78
6242,1993,Sweden,SWE,78
6243,1994,Sweden,SWE,78
6244,1995,Sweden,SWE,78
6245,1996,Sweden,SWE,78
6246,1997,Sweden,SWE,79
6247,1998,Sweden,SWE,79
6248,1999,Sweden,SWE,79
6249,2000,Sweden,SWE,79
6250,2001,Sweden,SWE,79
6251,2002,Sweden,SWE,80
6252,2003,Sweden,SWE,80
6253,2004,Sweden,SWE,80
6254,2005,Sweden,SWE,80
6255,2006,Sweden,SWE,80
6256,2007,Sweden,SWE,80
6257,2008,Sweden,SWE,81
6258,2009,Sweden,SWE,81
6259,2010,Sweden,SWE,81
6260,2011,Sweden,SWE,81
6261,2012,Sweden,SWE,81
6262,2013,Sweden,SWE,81
6263,2014,Sweden,SWE,82
6264,2015,Sweden,SWE,82
6265,1980,Switzerland,CHE,75
6266,1981,Switzerland,CHE,75
6267,1982,Switzerland,CHE,76
6268,1983,Switzerland,CHE,76
6269,1984,Switzerland,CHE,76
6270,1985,Switzerland,CHE,76
6271,1986,Switzerland,CHE,76
6272,1987,Switzerland,CHE,77
6273,1988,Switzerland,CHE,77
6274,1989,Switzerland,CHE,77
6275,1990,Switzerland,CHE,77
6276,1991,Switzerland,CHE,77
6277,1992,Switzerland,CHE,77
6278,1993,Switzerland,CHE,78
6279,1994,Switzerland,CHE,78
6280,1995,Switzerland,CHE,78
6281,1996,Switzerland,CHE,78
6282,1997,Switzerland,CHE,79
6283,1998,Switzerland,CHE,79
6284,1999,Switzerland,CHE,79
6285,2000,Switzerland,CHE,79
6286,2001,Switzerland,CHE,80
6287,2002,Switzerland,CHE,80
6288,2003,Switzerland,CHE,80
6289,2004,Switzerland,CHE,80
6290,2005,Switzerland,CHE,81
6291,2006,Switzerland,CHE,81
6292,2007,Switzerland,CHE,81
6293,2008,Switzerland,CHE,81
6294,2009,Switzerland,CHE,82
6295,2010,Switzerland,CHE,82
6296,2011,Switzerland,CHE,82
6297,2012,Switzerland,CHE,82
6298,2013,Switzerland,CHE,82
6299,2014,Switzerland,CHE,82
6300,2015,Switzerland,CHE,83
6301,1980,Syria,SYR,65
6302,1981,Syria,SYR,66
6303,1982,Syria,SYR,66
6304,1983,Syria,SYR,67
6305,1984,Syria,SYR,68
6306,1985,Syria,SYR,68
6307,1986,Syria,SYR,68
6308,1987,Syria,SYR,69
6309,1988,Syria,SYR,69
6310,1989,Syria,SYR,70
6311,1990,Syria,SYR,70
6312,1991,Syria,SYR,70
6313,1992,Syria,SYR,71
6314,1993,Syria,SYR,71
6315,1994,Syria,SYR,71
6316,1995,Syria,SYR,71
6317,1996,Syria,SYR,72
6318,1997,Syria,SYR,72
6319,1998,Syria,SYR,72
6320,1999,Syria,SYR,72
6321,2000,Syria,SYR,73
6322,2001,Syria,SYR,73
6323,2002,Syria,SYR,73
6324,2003,Syria,SYR,73
6325,2004,Syria,SYR,74
6326,2005,Syria,SYR,74
6327,2006,Syria,SYR,74
6328,2007,Syria,SYR,74
6329,2008,Syria,SYR,73
6330,2009,Syria,SYR,72
6331,2010,Syria,SYR,72
6332,2011,Syria,SYR,71
6333,2012,Syria,SYR,70
6334,2013,Syria,SYR,70
6335,2014,Syria,SYR,69
6336,2015,Syria,SYR,69
6337,1980,Taiwan,TWN,71
6338,1981,Taiwan,TWN,71
6339,1982,Taiwan,TWN,72
6340,1983,Taiwan,TWN,72
6341,1984,Taiwan,TWN,72
6342,1985,Taiwan,TWN,72
6343,1986,Taiwan,TWN,72
6344,1987,Taiwan,TWN,73
6345,1988,Taiwan,TWN,73
6346,1989,Taiwan,TWN,73
6347,1990,Taiwan,TWN,73
6348,1991,Taiwan,TWN,74
6349,1992,Taiwan,TWN,74
6350,1993,Taiwan,TWN,74
6351,1994,Taiwan,TWN,74
6352,1995,Taiwan,TWN,74
6353,1996,Taiwan,TWN,74
6354,1997,Taiwan,TWN,75
6355,1998,Taiwan,TWN,75
6356,1999,Taiwan,TWN,75
6357,2000,Taiwan,TWN,76
6358,2001,Taiwan,TWN,76
6359,2002,Taiwan,TWN,76
6360,2003,Taiwan,TWN,77
6361,2004,Taiwan,TWN,77
6362,2005,Taiwan,TWN,77
6363,2006,Taiwan,TWN,77
6364,2007,Taiwan,TWN,78
6365,2008,Taiwan,TWN,78
6366,2009,Taiwan,TWN,78
6367,2010,Taiwan,TWN,78
6368,2011,Taiwan,TWN,78
6369,2012,Taiwan,TWN,79
6370,2013,Taiwan,TWN,79
6371,2014,Taiwan,TWN,79
6372,2015,Taiwan,TWN,79
6373,1980,Tajikistan,TJK,62
6374,1981,Tajikistan,TJK,62
6375,1982,Tajikistan,TJK,63
6376,1983,Tajikistan,TJK,63
6377,1984,Tajikistan,TJK,63
6378,1985,Tajikistan,TJK,63
6379,1986,Tajikistan,TJK,63
6380,1987,Tajikistan,TJK,63
6381,1988,Tajikistan,TJK,63
6382,1989,Tajikistan,TJK,63
6383,1990,Tajikistan,TJK,63
6384,1991,Tajikistan,TJK,62
6385,1992,Tajikistan,TJK,62
6386,1993,Tajikistan,TJK,62
6387,1994,Tajikistan,TJK,62
6388,1995,Tajikistan,TJK,63
6389,1996,Tajikistan,TJK,63
6390,1997,Tajikistan,TJK,64
6391,1998,Tajikistan,TJK,64
6392,1999,Tajikistan,TJK,65
6393,2000,Tajikistan,TJK,65
6394,2001,Tajikistan,TJK,65
6395,2002,Tajikistan,TJK,66
6396,2003,Tajikistan,TJK,66
6397,2004,Tajikistan,TJK,67
6398,2005,Tajikistan,TJK,67
6399,2006,Tajikistan,TJK,68
6400,2007,Tajikistan,TJK,68
6401,2008,Tajikistan,TJK,68
6402,2009,Tajikistan,TJK,69
6403,2010,Tajikistan,TJK,69
6404,2011,Tajikistan,TJK,69
6405,2012,Tajikistan,TJK,70
6406,2013,Tajikistan,TJK,70
6407,2014,Tajikistan,TJK,70
6408,2015,Tajikistan,TJK,70
6409,1980,Tanzania,TZA,50
6410,1981,Tanzania,TZA,50
6411,1982,Tanzania,TZA,50
6412,1983,Tanzania,TZA,50
6413,1984,Tanzania,TZA,50
6414,1985,Tanzania,TZA,50
6415,1986,Tanzania,TZA,50
6416,1987,Tanzania,TZA,50
6417,1988,Tanzania,TZA,50
6418,1989,Tanzania,TZA,50
6419,1990,Tanzania,TZA,50
6420,1991,Tanzania,TZA,49
6421,1992,Tanzania,TZA,49
6422,1993,Tanzania,TZA,49
6423,1994,Tanzania,TZA,49
6424,1995,Tanzania,TZA,49
6425,1996,Tanzania,TZA,49
6426,1997,Tanzania,TZA,49
6427,1998,Tanzania,TZA,50
6428,1999,Tanzania,TZA,50
6429,2000,Tanzania,TZA,51
6430,2001,Tanzania,TZA,52
6431,2002,Tanzania,TZA,53
6432,2003,Tanzania,TZA,54
6433,2004,Tanzania,TZA,55
6434,2005,Tanzania,TZA,56
6435,2006,Tanzania,TZA,57
6436,2007,Tanzania,TZA,58
6437,2008,Tanzania,TZA,59
6438,2009,Tanzania,TZA,60
6439,2010,Tanzania,TZA,60
6440,2011,Tanzania,TZA,61
6441,2012,Tanzania,TZA,62
6442,2013,Tanzania,TZA,63
6443,2014,Tanzania,TZA,64
6444,2015,Tanzania,TZA,64
6445,1980,Thailand,THA,64
6446,1981,Thailand,THA,64
6447,1982,Thailand,THA,65
6448,1983,Thailand,THA,66
6449,1984,Thailand,THA,67
6450,1985,Thailand,THA,67
6451,1986,Thailand,THA,68
6452,1987,Thailand,THA,69
6453,1988,Thailand,THA,69
6454,1989,Thailand,THA,70
6455,1990,Thailand,THA,70
6456,1991,Thailand,THA,70
6457,1992,Thailand,THA,70
6458,1993,Thailand,THA,70
6459,1994,Thailand,THA,70
6460,1995,Thailand,THA,70
6461,1996,Thailand,THA,70
6462,1997,Thailand,THA,70
6463,1998,Thailand,THA,70
6464,1999,Thailand,THA,70
6465,2000,Thailand,THA,70
6466,2001,Thailand,THA,70
6467,2002,Thailand,THA,71
6468,2003,Thailand,THA,71
6469,2004,Thailand,THA,71
6470,2005,Thailand,THA,72
6471,2006,Thailand,THA,72
6472,2007,Thailand,THA,72
6473,2008,Thailand,THA,73
6474,2009,Thailand,THA,73
6475,2010,Thailand,THA,73
6476,2011,Thailand,THA,74
6477,2012,Thailand,THA,74
6478,2013,Thailand,THA,74
6479,2014,Thailand,THA,74
6480,2015,Thailand,THA,75
6481,1980,Timor,TLS,34
6482,1981,Timor,TLS,36
6483,1982,Timor,TLS,38
6484,1983,Timor,TLS,40
6485,1984,Timor,TLS,41
6486,1985,Timor,TLS,43
6487,1986,Timor,TLS,44
6488,1987,Timor,TLS,45
6489,1988,Timor,TLS,46
6490,1989,Timor,TLS,47
6491,1990,Timor,TLS,48
6492,1991,Timor,TLS,49
6493,1992,Timor,TLS,50
6494,1993,Timor,TLS,51
6495,1994,Timor,TLS,52
6496,1995,Timor,TLS,53
6497,1996,Timor,TLS,54
6498,1997,Timor,TLS,56
6499,1998,Timor,TLS,57
6500,1999,Timor,TLS,58
6501,2000,Timor,TLS,59
6502,2001,Timor,TLS,60
6503,2002,Timor,TLS,61
6504,2003,Timor,TLS,62
6505,2004,Timor,TLS,63
6506,2005,Timor,TLS,64
6507,2006,Timor,TLS,65
6508,2007,Timor,TLS,65
6509,2008,Timor,TLS,66
6510,2009,Timor,TLS,66
6511,2010,Timor,TLS,67
6512,2011,Timor,TLS,67
6513,2012,Timor,TLS,67
6514,2013,Timor,TLS,68
6515,2014,Timor,TLS,68
6516,2015,Timor,TLS,68
6517,1980,Togo,TGO,52
6518,1981,Togo,TGO,52
6519,1982,Togo,TGO,53
6520,1983,Togo,TGO,53
6521,1984,Togo,TGO,54
6522,1985,Togo,TGO,54
6523,1986,Togo,TGO,55
6524,1987,Togo,TGO,55
6525,1988,Togo,TGO,55
6526,1989,Togo,TGO,55
6527,1990,Togo,TGO,55
6528,1991,Togo,TGO,55
6529,1992,Togo,TGO,55
6530,1993,Togo,TGO,55
6531,1994,Togo,TGO,55
6532,1995,Togo,TGO,54
6533,1996,Togo,TGO,54
6534,1997,Togo,TGO,54
6535,1998,Togo,TGO,53
6536,1999,Togo,TGO,53
6537,2000,Togo,TGO,53
6538,2001,Togo,TGO,53
6539,2002,Togo,TGO,53
6540,2003,Togo,TGO,53
6541,2004,Togo,TGO,54
6542,2005,Togo,TGO,54
6543,2006,Togo,TGO,55
6544,2007,Togo,TGO,55
6545,2008,Togo,TGO,56
6546,2009,Togo,TGO,56
6547,2010,Togo,TGO,57
6548,2011,Togo,TGO,58
6549,2012,Togo,TGO,58
6550,2013,Togo,TGO,59
6551,2014,Togo,TGO,59
6552,2015,Togo,TGO,59
6553,1980,Tonga,TON,67
6554,1981,Tonga,TON,67
6555,1982,Tonga,TON,67
6556,1983,Tonga,TON,68
6557,1984,Tonga,TON,68
6558,1985,Tonga,TON,68
6559,1986,Tonga,TON,68
6560,1987,Tonga,TON,69
6561,1988,Tonga,TON,69
6562,1989,Tonga,TON,69
6563,1990,Tonga,TON,69
6564,1991,Tonga,TON,69
6565,1992,Tonga,TON,69
6566,1993,Tonga,TON,69
6567,1994,Tonga,TON,70
6568,1995,Tonga,TON,70
6569,1996,Tonga,TON,70
6570,1997,Tonga,TON,70
6571,1998,Tonga,TON,70
6572,1999,Tonga,TON,70
6573,2000,Tonga,TON,70
6574,2001,Tonga,TON,70
6575,2002,Tonga,TON,71
6576,2003,Tonga,TON,71
6577,2004,Tonga,TON,71
6578,2005,Tonga,TON,71
6579,2006,Tonga,TON,71
6580,2007,Tonga,TON,71
6581,2008,Tonga,TON,71
6582,2009,Tonga,TON,72
6583,2010,Tonga,TON,72
6584,2011,Tonga,TON,72
6585,2012,Tonga,TON,72
6586,2013,Tonga,TON,72
6587,2014,Tonga,TON,72
6588,2015,Tonga,TON,72
6589,1980,Trinidad and Tobago,TTO,67
6590,1981,Trinidad and Tobago,TTO,67
6591,1982,Trinidad and Tobago,TTO,67
6592,1983,Trinidad and Tobago,TTO,67
6593,1984,Trinidad and Tobago,TTO,67
6594,1985,Trinidad and Tobago,TTO,67
6595,1986,Trinidad and Tobago,TTO,67
6596,1987,Trinidad and Tobago,TTO,67
6597,1988,Trinidad and Tobago,TTO,67
6598,1989,Trinidad and Tobago,TTO,67
6599,1990,Trinidad and Tobago,TTO,68
6600,1991,Trinidad and Tobago,TTO,68
6601,1992,Trinidad and Tobago,TTO,68
6602,1993,Trinidad and Tobago,TTO,68
6603,1994,Trinidad and Tobago,TTO,68
6604,1995,Trinidad and Tobago,TTO,68
6605,1996,Trinidad and Tobago,TTO,68
6606,1997,Trinidad and Tobago,TTO,68
6607,1998,Trinidad and Tobago,TTO,68
6608,1999,Trinidad and Tobago,TTO,68
6609,2000,Trinidad and Tobago,TTO,68
6610,2001,Trinidad and Tobago,TTO,68
6611,2002,Trinidad and Tobago,TTO,68
6612,2003,Trinidad and Tobago,TTO,68
6613,2004,Trinidad and Tobago,TTO,68
6614,2005,Trinidad and Tobago,TTO,68
6615,2006,Trinidad and Tobago,TTO,69
6616,2007,Trinidad and Tobago,TTO,69
6617,2008,Trinidad and Tobago,TTO,69
6618,2009,Trinidad and Tobago,TTO,69
6619,2010,Trinidad and Tobago,TTO,69
6620,2011,Trinidad and Tobago,TTO,69
6621,2012,Trinidad and Tobago,TTO,70
6622,2013,Trinidad and Tobago,TTO,70
6623,2014,Trinidad and Tobago,TTO,70
6624,2015,Trinidad and Tobago,TTO,70
6625,1980,Tunisia,TUN,62
6626,1981,Tunisia,TUN,62
6627,1982,Tunisia,TUN,63
6628,1983,Tunisia,TUN,64
6629,1984,Tunisia,TUN,65
6630,1985,Tunisia,TUN,65
6631,1986,Tunisia,TUN,66
6632,1987,Tunisia,TUN,66
6633,1988,Tunisia,TUN,67
6634,1989,Tunisia,TUN,68
6635,1990,Tunisia,TUN,68
6636,1991,Tunisia,TUN,69
6637,1992,Tunisia,TUN,69
6638,1993,Tunisia,TUN,70
6639,1994,Tunisia,TUN,71
6640,1995,Tunisia,TUN,71
6641,1996,Tunisia,TUN,71
6642,1997,Tunisia,TUN,72
6643,1998,Tunisia,TUN,72
6644,1999,Tunisia,TUN,72
6645,2000,Tunisia,TUN,73
6646,2001,Tunisia,TUN,73
6647,2002,Tunisia,TUN,73
6648,2003,Tunisia,TUN,73
6649,2004,Tunisia,TUN,74
6650,2005,Tunisia,TUN,74
6651,2006,Tunisia,TUN,74
6652,2007,Tunisia,TUN,74
6653,2008,Tunisia,TUN,74
6654,2009,Tunisia,TUN,74
6655,2010,Tunisia,TUN,74
6656,2011,Tunisia,TUN,74
6657,2012,Tunisia,TUN,75
6658,2013,Tunisia,TUN,75
6659,2014,Tunisia,TUN,75
6660,2015,Tunisia,TUN,75
6661,1980,Turkey,TUR,58
6662,1981,Turkey,TUR,59
6663,1982,Turkey,TUR,59
6664,1983,Turkey,TUR,60
6665,1984,Turkey,TUR,61
6666,1985,Turkey,TUR,61
6667,1986,Turkey,TUR,62
6668,1987,Turkey,TUR,62
6669,1988,Turkey,TUR,63
6670,1989,Turkey,TUR,63
6671,1990,Turkey,TUR,64
6672,1991,Turkey,TUR,64
6673,1992,Turkey,TUR,65
6674,1993,Turkey,TUR,65
6675,1994,Turkey,TUR,66
6676,1995,Turkey,TUR,66
6677,1996,Turkey,TUR,67
6678,1997,Turkey,TUR,68
6679,1998,Turkey,TUR,68
6680,1999,Turkey,TUR,69
6681,2000,Turkey,TUR,70
6682,2001,Turkey,TUR,70
6683,2002,Turkey,TUR,71
6684,2003,Turkey,TUR,71
6685,2004,Turkey,TUR,72
6686,2005,Turkey,TUR,72
6687,2006,Turkey,TUR,72
6688,2007,Turkey,TUR,73
6689,2008,Turkey,TUR,73
6690,2009,Turkey,TUR,73
6691,2010,Turkey,TUR,74
6692,2011,Turkey,TUR,74
6693,2012,Turkey,TUR,74
6694,2013,Turkey,TUR,74
6695,2014,Turkey,TUR,75
6696,2015,Turkey,TUR,75
6697,1980,Turkmenistan,TKM,60
6698,1981,Turkmenistan,TKM,61
6699,1982,Turkmenistan,TKM,61
6700,1983,Turkmenistan,TKM,61
6701,1984,Turkmenistan,TKM,62
6702,1985,Turkmenistan,TKM,62
6703,1986,Turkmenistan,TKM,62
6704,1987,Turkmenistan,TKM,62
6705,1988,Turkmenistan,TKM,62
6706,1989,Turkmenistan,TKM,62
6707,1990,Turkmenistan,TKM,62
6708,1991,Turkmenistan,TKM,62
6709,1992,Turkmenistan,TKM,62
6710,1993,Turkmenistan,TKM,62
6711,1994,Turkmenistan,TKM,62
6712,1995,Turkmenistan,TKM,62
6713,1996,Turkmenistan,TKM,62
6714,1997,Turkmenistan,TKM,63
6715,1998,Turkmenistan,TKM,63
6716,1999,Turkmenistan,TKM,63
6717,2000,Turkmenistan,TKM,63
6718,2001,Turkmenistan,TKM,63
6719,2002,Turkmenistan,TKM,64
6720,2003,Turkmenistan,TKM,64
6721,2004,Turkmenistan,TKM,64
6722,2005,Turkmenistan,TKM,65
6723,2006,Turkmenistan,TKM,65
6724,2007,Turkmenistan,TKM,65
6725,2008,Turkmenistan,TKM,66
6726,2009,Turkmenistan,TKM,66
6727,2010,Turkmenistan,TKM,66
6728,2011,Turkmenistan,TKM,66
6729,2012,Turkmenistan,TKM,67
6730,2013,Turkmenistan,TKM,67
6731,2014,Turkmenistan,TKM,67
6732,2015,Turkmenistan,TKM,67
6733,1980,Uganda,UGA,49
6734,1981,Uganda,UGA,49
6735,1982,Uganda,UGA,49
6736,1983,Uganda,UGA,48
6737,1984,Uganda,UGA,48
6738,1985,Uganda,UGA,48
6739,1986,Uganda,UGA,47
6740,1987,Uganda,UGA,47
6741,1988,Uganda,UGA,46
6742,1989,Uganda,UGA,46
6743,1990,Uganda,UGA,45
6744,1991,Uganda,UGA,45
6745,1992,Uganda,UGA,44
6746,1993,Uganda,UGA,44
6747,1994,Uganda,UGA,44
6748,1995,Uganda,UGA,44
6749,1996,Uganda,UGA,44
6750,1997,Uganda,UGA,44
6751,1998,Uganda,UGA,45
6752,1999,Uganda,UGA,46
6753,2000,Uganda,UGA,47
6754,2001,Uganda,UGA,48
6755,2002,Uganda,UGA,49
6756,2003,Uganda,UGA,50
6757,2004,Uganda,UGA,51
6758,2005,Uganda,UGA,52
6759,2006,Uganda,UGA,53
6760,2007,Uganda,UGA,54
6761,2008,Uganda,UGA,55
6762,2009,Uganda,UGA,56
6763,2010,Uganda,UGA,57
6764,2011,Uganda,UGA,57
6765,2012,Uganda,UGA,58
6766,2013,Uganda,UGA,58
6767,2014,Uganda,UGA,59
6768,2015,Uganda,UGA,59
6769,1980,Ukraine,UKR,69
6770,1981,Ukraine,UKR,69
6771,1982,Ukraine,UKR,69
6772,1983,Ukraine,UKR,69
6773,1984,Ukraine,UKR,69
6774,1985,Ukraine,UKR,69
6775,1986,Ukraine,UKR,70
6776,1987,Ukraine,UKR,70
6777,1988,Ukraine,UKR,70
6778,1989,Ukraine,UKR,70
6779,1990,Ukraine,UKR,69
6780,1991,Ukraine,UKR,69
6781,1992,Ukraine,UKR,69
6782,1993,Ukraine,UKR,68
6783,1994,Ukraine,UKR,68
6784,1995,Ukraine,UKR,67
6785,1996,Ukraine,UKR,67
6786,1997,Ukraine,UKR,67
6787,1998,Ukraine,UKR,67
6788,1999,Ukraine,UKR,67
6789,2000,Ukraine,UKR,67
6790,2001,Ukraine,UKR,67
6791,2002,Ukraine,UKR,67
6792,2003,Ukraine,UKR,67
6793,2004,Ukraine,UKR,67
6794,2005,Ukraine,UKR,67
6795,2006,Ukraine,UKR,67
6796,2007,Ukraine,UKR,67
6797,2008,Ukraine,UKR,68
6798,2009,Ukraine,UKR,68
6799,2010,Ukraine,UKR,69
6800,2011,Ukraine,UKR,70
6801,2012,Ukraine,UKR,70
6802,2013,Ukraine,UKR,71
6803,2014,Ukraine,UKR,71
6804,2015,Ukraine,UKR,71
6805,1980,United Arab Emirates,ARE,67
6806,1981,United Arab Emirates,ARE,68
6807,1982,United Arab Emirates,ARE,68
6808,1983,United Arab Emirates,ARE,69
6809,1984,United Arab Emirates,ARE,69
6810,1985,United Arab Emirates,ARE,69
6811,1986,United Arab Emirates,ARE,70
6812,1987,United Arab Emirates,ARE,70
6813,1988,United Arab Emirates,ARE,70
6814,1989,United Arab Emirates,ARE,71
6815,1990,United Arab Emirates,ARE,71
6816,1991,United Arab Emirates,ARE,71
6817,1992,United Arab Emirates,ARE,72
6818,1993,United Arab Emirates,ARE,72
6819,1994,United Arab Emirates,ARE,72
6820,1995,United Arab Emirates,ARE,72
6821,1996,United Arab Emirates,ARE,73
6822,1997,United Arab Emirates,ARE,73
6823,1998,United Arab Emirates,ARE,73
6824,1999,United Arab Emirates,ARE,73
6825,2000,United Arab Emirates,ARE,74
6826,2001,United Arab Emirates,ARE,74
6827,2002,United Arab Emirates,ARE,74
6828,2003,United Arab Emirates,ARE,74
6829,2004,United Arab Emirates,ARE,75
6830,2005,United Arab Emirates,ARE,75
6831,2006,United Arab Emirates,ARE,75
6832,2007,United Arab Emirates,ARE,75
6833,2008,United Arab Emirates,ARE,76
6834,2009,United Arab Emirates,ARE,76
6835,2010,United Arab Emirates,ARE,76
6836,2011,United Arab Emirates,ARE,76
6837,2012,United Arab Emirates,ARE,76
6838,2013,United Arab Emirates,ARE,76
6839,2014,United Arab Emirates,ARE,76
6840,2015,United Arab Emirates,ARE,77
6841,1980,United Kingdom,GBR,73
6842,1981,United Kingdom,GBR,73
6843,1982,United Kingdom,GBR,74
6844,1983,United Kingdom,GBR,74
6845,1984,United Kingdom,GBR,74
6846,1985,United Kingdom,GBR,74
6847,1986,United Kingdom,GBR,74
6848,1987,United Kingdom,GBR,75
6849,1988,United Kingdom,GBR,75
6850,1989,United Kingdom,GBR,75
6851,1990,United Kingdom,GBR,75
6852,1991,United Kingdom,GBR,75
6853,1992,United Kingdom,GBR,76
6854,1993,United Kingdom,GBR,76
6855,1994,United Kingdom,GBR,76
6856,1995,United Kingdom,GBR,76
6857,1996,United Kingdom,GBR,76
6858,1997,United Kingdom,GBR,77
6859,1998,United Kingdom,GBR,77
6860,1999,United Kingdom,GBR,77
6861,2000,United Kingdom,GBR,77
6862,2001,United Kingdom,GBR,78
6863,2002,United Kingdom,GBR,78
6864,2003,United Kingdom,GBR,78
6865,2004,United Kingdom,GBR,78
6866,2005,United Kingdom,GBR,79
6867,2006,United Kingdom,GBR,79
6868,2007,United Kingdom,GBR,79
6869,2008,United Kingdom,GBR,79
6870,2009,United Kingdom,GBR,80
6871,2010,United Kingdom,GBR,80
6872,2011,United Kingdom,GBR,80
6873,2012,United Kingdom,GBR,80
6874,2013,United Kingdom,GBR,81
6875,2014,United Kingdom,GBR,81
6876,2015,United Kingdom,GBR,81
6877,1980,United States,USA,73
6878,1981,United States,USA,74
6879,1982,United States,USA,74
6880,1983,United States,USA,74
6881,1984,United States,USA,74
6882,1985,United States,USA,74
6883,1986,United States,USA,74
6884,1987,United States,USA,74
6885,1988,United States,USA,74
6886,1989,United States,USA,75
6887,1990,United States,USA,75
6888,1991,United States,USA,75
6889,1992,United States,USA,75
6890,1993,United States,USA,75
6891,1994,United States,USA,75
6892,1995,United States,USA,76
6893,1996,United States,USA,76
6894,1997,United States,USA,76
6895,1998,United States,USA,76
6896,1999,United States,USA,76
6897,2000,United States,USA,76
6898,2001,United States,USA,76
6899,2002,United States,USA,77
6900,2003,United States,USA,77
6901,2004,United States,USA,77
6902,2005,United States,USA,77
6903,2006,United States,USA,77
6904,2007,United States,USA,78
6905,2008,United States,USA,78
6906,2009,United States,USA,78
6907,2010,United States,USA,78
6908,2011,United States,USA,78
6909,2012,United States,USA,78
6910,2013,United States,USA,78
6911,2014,United States,USA,79
6912,2015,United States,USA,79
6913,1980,United States Virgin Islands,VIR,71
6914,1981,United States Virgin Islands,VIR,71
6915,1982,United States Virgin Islands,VIR,72
6916,1983,United States Virgin Islands,VIR,72
6917,1984,United States Virgin Islands,VIR,72
6918,1985,United States Virgin Islands,VIR,72
6919,1986,United States Virgin Islands,VIR,73
6920,1987,United States Virgin Islands,VIR,73
6921,1988,United States Virgin Islands,VIR,73
6922,1989,United States Virgin Islands,VIR,73
6923,1990,United States Virgin Islands,VIR,74
6924,1991,United States Virgin Islands,VIR,74
6925,1992,United States Virgin Islands,VIR,74
6926,1993,United States Virgin Islands,VIR,74
6927,1994,United States Virgin Islands,VIR,75
6928,1995,United States Virgin Islands,VIR,75
6929,1996,United States Virgin Islands,VIR,75
6930,1997,United States Virgin Islands,VIR,75
6931,1998,United States Virgin Islands,VIR,76
6932,1999,United States Virgin Islands,VIR,76
6933,2000,United States Virgin Islands,VIR,76
6934,2001,United States Virgin Islands,VIR,76
6935,2002,United States Virgin Islands,VIR,76
6936,2003,United States Virgin Islands,VIR,77
6937,2004,United States Virgin Islands,VIR,77
6938,2005,United States Virgin Islands,VIR,77
6939,2006,United States Virgin Islands,VIR,77
6940,2007,United States Virgin Islands,VIR,77
6941,2008,United States Virgin Islands,VIR,77
6942,2009,United States Virgin Islands,VIR,78
6943,2010,United States Virgin Islands,VIR,78
6944,2011,United States Virgin Islands,VIR,78
6945,2012,United States Virgin Islands,VIR,78
6946,2013,United States Virgin Islands,VIR,79
6947,2014,United States Virgin Islands,VIR,79
6948,2015,United States Virgin Islands,VIR,79
6949,1980,Uruguay,URY,70
6950,1981,Uruguay,URY,70
6951,1982,Uruguay,URY,70
6952,1983,Uruguay,URY,71
6953,1984,Uruguay,URY,71
6954,1985,Uruguay,URY,71
6955,1986,Uruguay,URY,71
6956,1987,Uruguay,URY,72
6957,1988,Uruguay,URY,72
6958,1989,Uruguay,URY,72
6959,1990,Uruguay,URY,72
6960,1991,Uruguay,URY,72
6961,1992,Uruguay,URY,72
6962,1993,Uruguay,URY,73
6963,1994,Uruguay,URY,73
6964,1995,Uruguay,URY,73
6965,1996,Uruguay,URY,73
6966,1997,Uruguay,URY,74
6967,1998,Uruguay,URY,74
6968,1999,Uruguay,URY,74
6969,2000,Uruguay,URY,74
6970,2001,Uruguay,URY,75
6971,2002,Uruguay,URY,75
6972,2003,Uruguay,URY,75
6973,2004,Uruguay,URY,75
6974,2005,Uruguay,URY,75
6975,2006,Uruguay,URY,75
6976,2007,Uruguay,URY,76
6977,2008,Uruguay,URY,76
6978,2009,Uruguay,URY,76
6979,2010,Uruguay,URY,76
6980,2011,Uruguay,URY,76
6981,2012,Uruguay,URY,76
6982,2013,Uruguay,URY,77
6983,2014,Uruguay,URY,77
6984,2015,Uruguay,URY,77
6985,1980,Uzbekistan,UZB,64
6986,1981,Uzbekistan,UZB,64
6987,1982,Uzbekistan,UZB,65
6988,1983,Uzbekistan,UZB,65
6989,1984,Uzbekistan,UZB,65
6990,1985,Uzbekistan,UZB,66
6991,1986,Uzbekistan,UZB,66
6992,1987,Uzbekistan,UZB,66
6993,1988,Uzbekistan,UZB,66
6994,1989,Uzbekistan,UZB,66
6995,1990,Uzbekistan,UZB,66
6996,1991,Uzbekistan,UZB,66
6997,1992,Uzbekistan,UZB,66
6998,1993,Uzbekistan,UZB,66
6999,1994,Uzbekistan,UZB,66
7000,1995,Uzbekistan,UZB,66
7001,1996,Uzbekistan,UZB,66
7002,1997,Uzbekistan,UZB,66
7003,1998,Uzbekistan,UZB,66
7004,1999,Uzbekistan,UZB,66
7005,2000,Uzbekistan,UZB,67
7006,2001,Uzbekistan,UZB,67
7007,2002,Uzbekistan,UZB,67
7008,2003,Uzbekistan,UZB,67
7009,2004,Uzbekistan,UZB,68
7010,2005,Uzbekistan,UZB,68
7011,2006,Uzbekistan,UZB,68
7012,2007,Uzbekistan,UZB,68
7013,2008,Uzbekistan,UZB,69
7014,2009,Uzbekistan,UZB,69
7015,2010,Uzbekistan,UZB,70
7016,2011,Uzbekistan,UZB,70
7017,2012,Uzbekistan,UZB,70
7018,2013,Uzbekistan,UZB,70
7019,2014,Uzbekistan,UZB,71
7020,2015,Uzbekistan,UZB,71
7021,1980,Vanuatu,VUT,58
7022,1981,Vanuatu,VUT,58
7023,1982,Vanuatu,VUT,59
7024,1983,Vanuatu,VUT,59
7025,1984,Vanuatu,VUT,60
7026,1985,Vanuatu,VUT,60
7027,1986,Vanuatu,VUT,61
7028,1987,Vanuatu,VUT,61
7029,1988,Vanuatu,VUT,62
7030,1989,Vanuatu,VUT,62
7031,1990,Vanuatu,VUT,63
7032,1991,Vanuatu,VUT,63
7033,1992,Vanuatu,VUT,63
7034,1993,Vanuatu,VUT,64
7035,1994,Vanuatu,VUT,64
7036,1995,Vanuatu,VUT,65
7037,1996,Vanuatu,VUT,65
7038,1997,Vanuatu,VUT,66
7039,1998,Vanuatu,VUT,66
7040,1999,Vanuatu,VUT,67
7041,2000,Vanuatu,VUT,67
7042,2001,Vanuatu,VUT,67
7043,2002,Vanuatu,VUT,68
7044,2003,Vanuatu,VUT,68
7045,2004,Vanuatu,VUT,68
7046,2005,Vanuatu,VUT,69
7047,2006,Vanuatu,VUT,69
7048,2007,Vanuatu,VUT,69
7049,2008,Vanuatu,VUT,70
7050,2009,Vanuatu,VUT,70
7051,2010,Vanuatu,VUT,70
7052,2011,Vanuatu,VUT,70
7053,2012,Vanuatu,VUT,71
7054,2013,Vanuatu,VUT,71
7055,2014,Vanuatu,VUT,71
7056,2015,Vanuatu,VUT,71
7057,1980,Venezuela,VEN,68
7058,1981,Venezuela,VEN,68
7059,1982,Venezuela,VEN,68
7060,1983,Venezuela,VEN,68
7061,1984,Venezuela,VEN,68
7062,1985,Venezuela,VEN,69
7063,1986,Venezuela,VEN,69
7064,1987,Venezuela,VEN,69
7065,1988,Venezuela,VEN,69
7066,1989,Venezuela,VEN,69
7067,1990,Venezuela,VEN,69
7068,1991,Venezuela,VEN,69
7069,1992,Venezuela,VEN,70
7070,1993,Venezuela,VEN,70
7071,1994,Venezuela,VEN,70
7072,1995,Venezuela,VEN,70
7073,1996,Venezuela,VEN,71
7074,1997,Venezuela,VEN,71
7075,1998,Venezuela,VEN,71
7076,1999,Venezuela,VEN,72
7077,2000,Venezuela,VEN,72
7078,2001,Venezuela,VEN,72
7079,2002,Venezuela,VEN,72
7080,2003,Venezuela,VEN,72
7081,2004,Venezuela,VEN,73
7082,2005,Venezuela,VEN,73
7083,2006,Venezuela,VEN,73
7084,2007,Venezuela,VEN,73
7085,2008,Venezuela,VEN,73
7086,2009,Venezuela,VEN,73
7087,2010,Venezuela,VEN,73
7088,2011,Venezuela,VEN,73
7089,2012,Venezuela,VEN,73
7090,2013,Venezuela,VEN,74
7091,2014,Venezuela,VEN,74
7092,2015,Venezuela,VEN,74
7093,1980,Vietnam,VNM,67
7094,1981,Vietnam,VNM,67
7095,1982,Vietnam,VNM,68
7096,1983,Vietnam,VNM,68
7097,1984,Vietnam,VNM,68
7098,1985,Vietnam,VNM,68
7099,1986,Vietnam,VNM,69
7100,1987,Vietnam,VNM,69
7101,1988,Vietnam,VNM,69
7102,1989,Vietnam,VNM,70
7103,1990,Vietnam,VNM,70
7104,1991,Vietnam,VNM,70
7105,1992,Vietnam,VNM,71
7106,1993,Vietnam,VNM,71
7107,1994,Vietnam,VNM,71
7108,1995,Vietnam,VNM,71
7109,1996,Vietnam,VNM,72
7110,1997,Vietnam,VNM,72
7111,1998,Vietnam,VNM,72
7112,1999,Vietnam,VNM,73
7113,2000,Vietnam,VNM,73
7114,2001,Vietnam,VNM,73
7115,2002,Vietnam,VNM,73
7116,2003,Vietnam,VNM,73
7117,2004,Vietnam,VNM,74
7118,2005,Vietnam,VNM,74
7119,2006,Vietnam,VNM,74
7120,2007,Vietnam,VNM,74
7121,2008,Vietnam,VNM,74
7122,2009,Vietnam,VNM,74
7123,2010,Vietnam,VNM,75
7124,2011,Vietnam,VNM,75
7125,2012,Vietnam,VNM,75
7126,2013,Vietnam,VNM,75
7127,2014,Vietnam,VNM,75
7128,2015,Vietnam,VNM,76
7129,1980,Western Sahara,ESH,49
7130,1981,Western Sahara,ESH,50
7131,1982,Western Sahara,ESH,51
7132,1983,Western Sahara,ESH,52
7133,1984,Western Sahara,ESH,53
7134,1985,Western Sahara,ESH,54
7135,1986,Western Sahara,ESH,54
7136,1987,Western Sahara,ESH,55
7137,1988,Western Sahara,ESH,56
7138,1989,Western Sahara,ESH,57
7139,1990,Western Sahara,ESH,57
7140,1991,Western Sahara,ESH,58
7141,1992,Western Sahara,ESH,58
7142,1993,Western Sahara,ESH,59
7143,1994,Western Sahara,ESH,59
7144,1995,Western Sahara,ESH,60
7145,1996,Western Sahara,ESH,60
7146,1997,Western Sahara,ESH,61
7147,1998,Western Sahara,ESH,61
7148,1999,Western Sahara,ESH,62
7149,2000,Western Sahara,ESH,62
7150,2001,Western Sahara,ESH,63
7151,2002,Western Sahara,ESH,63
7152,2003,Western Sahara,ESH,64
7153,2004,Western Sahara,ESH,64
7154,2005,Western Sahara,ESH,65
7155,2006,Western Sahara,ESH,65
7156,2007,Western Sahara,ESH,66
7157,2008,Western Sahara,ESH,66
7158,2009,Western Sahara,ESH,66
7159,2010,Western Sahara,ESH,67
7160,2011,Western Sahara,ESH,67
7161,2012,Western Sahara,ESH,68
7162,2013,Western Sahara,ESH,68
7163,2014,Western Sahara,ESH,68
7164,2015,Western Sahara,ESH,69
7165,1980,World,OWID_WRL,61
7166,1981,World,OWID_WRL,61
7167,1982,World,OWID_WRL,61
7168,1983,World,OWID_WRL,62
7169,1984,World,OWID_WRL,62
7170,1985,World,OWID_WRL,62
7171,1986,World,OWID_WRL,63
7172,1987,World,OWID_WRL,63
7173,1988,World,OWID_WRL,63
7174,1989,World,OWID_WRL,63
7175,1990,World,OWID_WRL,64
7176,1991,World,OWID_WRL,64
7177,1992,World,OWID_WRL,64
7178,1993,World,OWID_WRL,64
7179,1994,World,OWID_WRL,64
7180,1995,World,OWID_WRL,65
7181,1996,World,OWID_WRL,65
7182,1997,World,OWID_WRL,65
7183,1998,World,OWID_WRL,65
7184,1999,World,OWID_WRL,66
7185,2000,World,OWID_WRL,66
7186,2001,World,OWID_WRL,66
7187,2002,World,OWID_WRL,67
7188,2003,World,OWID_WRL,67
7189,2004,World,OWID_WRL,67
7190,2005,World,OWID_WRL,68
7191,2006,World,OWID_WRL,68
7192,2007,World,OWID_WRL,68
7193,2008,World,OWID_WRL,69
7194,2009,World,OWID_WRL,69
7195,2010,World,OWID_WRL,69
7196,2011,World,OWID_WRL,70
7197,2012,World,OWID_WRL,70
7198,2013,World,OWID_WRL,70
7199,2014,World,OWID_WRL,71
7200,2015,World,OWID_WRL,71
7201,1980,Yemen,YEM,50
7202,1981,Yemen,YEM,51
7203,1982,Yemen,YEM,52
7204,1983,Yemen,YEM,53
7205,1984,Yemen,YEM,54
7206,1985,Yemen,YEM,55
7207,1986,Yemen,YEM,55
7208,1987,Yemen,YEM,56
7209,1988,Yemen,YEM,57
7210,1989,Yemen,YEM,57
7211,1990,Yemen,YEM,57
7212,1991,Yemen,YEM,58
7213,1992,Yemen,YEM,58
7214,1993,Yemen,YEM,58
7215,1994,Yemen,YEM,59
7216,1995,Yemen,YEM,59
7217,1996,Yemen,YEM,59
7218,1997,Yemen,YEM,59
7219,1998,Yemen,YEM,59
7220,1999,Yemen,YEM,60
7221,2000,Yemen,YEM,60
7222,2001,Yemen,YEM,60
7223,2002,Yemen,YEM,60
7224,2003,Yemen,YEM,61
7225,2004,Yemen,YEM,61
7226,2005,Yemen,YEM,61
7227,2006,Yemen,YEM,62
7228,2007,Yemen,YEM,62
7229,2008,Yemen,YEM,62
7230,2009,Yemen,YEM,63
7231,2010,Yemen,YEM,63
7232,2011,Yemen,YEM,63
7233,2012,Yemen,YEM,64
7234,2013,Yemen,YEM,64
7235,2014,Yemen,YEM,64
7236,2015,Yemen,YEM,64
7237,1980,Zambia,ZMB,51
7238,1981,Zambia,ZMB,50
7239,1982,Zambia,ZMB,50
7240,1983,Zambia,ZMB,49
7241,1984,Zambia,ZMB,49
7242,1985,Zambia,ZMB,48
7243,1986,Zambia,ZMB,47
7244,1987,Zambia,ZMB,47
7245,1988,Zambia,ZMB,46
7246,1989,Zambia,ZMB,45
7247,1990,Zambia,ZMB,45
7248,1991,Zambia,ZMB,44
7249,1992,Zambia,ZMB,43
7250,1993,Zambia,ZMB,43
7251,1994,Zambia,ZMB,43
7252,1995,Zambia,ZMB,43
7253,1996,Zambia,ZMB,43
7254,1997,Zambia,ZMB,43
7255,1998,Zambia,ZMB,43
7256,1999,Zambia,ZMB,44
7257,2000,Zambia,ZMB,44
7258,2001,Zambia,ZMB,45
7259,2002,Zambia,ZMB,46
7260,2003,Zambia,ZMB,47
7261,2004,Zambia,ZMB,48
7262,2005,Zambia,ZMB,49
7263,2006,Zambia,ZMB,50
7264,2007,Zambia,ZMB,52
7265,2008,Zambia,ZMB,53
7266,2009,Zambia,ZMB,55
7267,2010,Zambia,ZMB,56
7268,2011,Zambia,ZMB,57
7269,2012,Zambia,ZMB,59
7270,2013,Zambia,ZMB,59
7271,2014,Zambia,ZMB,60
7272,2015,Zambia,ZMB,61
7273,1980,Zimbabwe,ZWE,59
7274,1981,Zimbabwe,ZWE,59
7275,1982,Zimbabwe,ZWE,60
7276,1983,Zimbabwe,ZWE,60
7277,1984,Zimbabwe,ZWE,60
7278,1985,Zimbabwe,ZWE,60
7279,1986,Zimbabwe,ZWE,60
7280,1987,Zimbabwe,ZWE,60
7281,1988,Zimbabwe,ZWE,59
7282,1989,Zimbabwe,ZWE,58
7283,1990,Zimbabwe,ZWE,57
7284,1991,Zimbabwe,ZWE,56
7285,1992,Zimbabwe,ZWE,55
7286,1993,Zimbabwe,ZWE,53
7287,1994,Zimbabwe,ZWE,52
7288,1995,Zimbabwe,ZWE,50
7289,1996,Zimbabwe,ZWE,49
7290,1997,Zimbabwe,ZWE,47
7291,1998,Zimbabwe,ZWE,46
7292,1999,Zimbabwe,ZWE,45
7293,2000,Zimbabwe,ZWE,44
7294,2001,Zimbabwe,ZWE,44
7295,2002,Zimbabwe,ZWE,44
7296,2003,Zimbabwe,ZWE,44
7297,2004,Zimbabwe,ZWE,44
7298,2005,Zimbabwe,ZWE,45
7299,2006,Zimbabwe,ZWE,46
7300,2007,Zimbabwe,ZWE,47
7301,2008,Zimbabwe,ZWE,49
7302,2009,Zimbabwe,ZWE,51
7303,2010,Zimbabwe,ZWE,52
7304,2011,Zimbabwe,ZWE,54
7305,2012,Zimbabwe,ZWE,56
7306,2013,Zimbabwe,ZWE,58
7307,2014,Zimbabwe,ZWE,59
7308,2015,Zimbabwe,ZWE,60
