id,year,country,code,life_expectancy
1,1980,Afghanistan,AFG,41.853001
2,1981,Afghanistan,AFG,42.513
3,1982,Afghanistan,AFG,43.216999
4,1983,Afghanistan,AFG,43.963001
5,1984,Afghanistan,AFG,44.747002
6,1985,Afghanistan,AFG,45.566002
7,1986,Afghanistan,AFG,46.417
8,1987,Afghanistan,AFG,47.287998
9,1988,Afghanistan,AFG,48.164001
10,1989,Afghanistan,AFG,49.028
11,1990,Afghanistan,AFG,49.855999
12,1991,Afghanistan,AFG,50.626999
13,1992,Afghanistan,AFG,51.331001
14,1993,Afghanistan,AFG,51.967999
15,1994,Afghanistan,AFG,52.539001
16,1995,Afghanistan,AFG,53.055
17,1996,Afghanistan,AFG,53.533001
18,1997,Afghanistan,AFG,53.997002
19,1998,Afghanistan,AFG,54.467999
20,1999,Afghanistan,AFG,54.959
21,2000,Afghanistan,AFG,55.481998
22,2001,Afghanistan,AFG,56.043999
23,2002,Afghanistan,AFG,56.637001
24,2003,Afghanistan,AFG,57.25
25,2004,Afghanistan,AFG,57.875
26,2005,Afghanistan,AFG,58.5
27,2006,Afghanistan,AFG,59.110001
28,2007,Afghanistan,AFG,59.694
29,2008,Afghanistan,AFG,60.243
30,2009,Afghanistan,AFG,60.754002
31,2010,Afghanistan,AFG,61.226002
32,2011,Afghanistan,AFG,61.666
33,2012,Afghanistan,AFG,62.085999
34,2013,Afghanistan,AFG,62.493999
35,2014,Afghanistan,AFG,62.895
36,2015,Afghanistan,AFG,63.287998
37,1980,Albania,ALB,70.207001
38,1981,Albania,ALB,70.416
39,1982,Albania,ALB,70.635002
40,1983,Albania,ALB,70.875999
41,1984,Albania,ALB,71.134003
42,1985,Albania,ALB,71.388
43,1986,Albania,ALB,71.605003
44,1987,Albania,ALB,71.760002
45,1988,Albania,ALB,71.843002
46,1989,Albania,ALB,71.860001
47,1990,Albania,ALB,71.835999
48,1991,Albania,ALB,71.803001
49,1992,Albania,ALB,71.802002
50,1993,Albania,ALB,71.860001
51,1994,Albania,ALB,71.991997
52,1995,Albania,ALB,72.205002
53,1996,Albania,ALB,72.495003
54,1997,Albania,ALB,72.837997
55,1998,Albania,ALB,73.208
56,1999,Albania,ALB,73.587997
57,2000,Albania,ALB,73.955002
58,2001,Albania,ALB,74.286003
59,2002,Albania,ALB,74.574997
60,2003,Albania,ALB,74.82
61,2004,Albania,ALB,75.028
62,2005,Albania,ALB,75.217003
63,2006,Albania,ALB,75.417999
64,2007,Albania,ALB,75.655998
65,2008,Albania,ALB,75.943001
66,2009,Albania,ALB,76.280998
67,2010,Albania,ALB,76.652
68,2011,Albania,ALB,77.030998
69,2012,Albania,ALB,77.389
70,2013,Albania,ALB,77.702003
71,2014,Albania,ALB,77.962997
72,2015,Albania,ALB,78.174004
73,1980,Algeria,DZA,58.195999
74,1981,Algeria,DZA,59.521
75,1982,Algeria,DZA,60.823002
76,1983,Algeria,DZA,62.047001
77,1984,Algeria,DZA,63.155998
78,1985,Algeria,DZA,64.112999
79,1986,Algeria,DZA,64.896004
80,1987,Algeria,DZA,65.525002
81,1988,Algeria,DZA,66.025002
82,1989,Algeria,DZA,66.416
83,1990,Algeria,DZA,66.724998
84,1991,Algeria,DZA,66.983002
85,1992,Algeria,DZA,67.225998
86,1993,Algeria,DZA,67.482002
87,1994,Algeria,DZA,67.774002
88,1995,Algeria,DZA,68.114998
89,1996,Algeria,DZA,68.503998
90,1997,Algeria,DZA,68.926003
91,1998,Algeria,DZA,69.366997
92,1999,Algeria,DZA,69.821999
93,2000,Algeria,DZA,70.292
94,2001,Algeria,DZA,70.778
95,2002,Algeria,DZA,71.276001
96,2003,Algeria,DZA,71.779999
97,2004,Algeria,DZA,72.280998
98,2005,Algeria,DZA,72.766998
99,2006,Algeria,DZA,73.224998
100,2007,Algeria,DZA,73.648003
101,2008,Algeria,DZA,74.031998
102,2009,Algeria,DZA,74.374001
103,2010,Algeria,DZA,74.676003
104,2011,Algeria,DZA,74.944
105,2012,Algeria,DZA,75.186996
106,2013,Algeria,DZA,75.417999
107,2014,Algeria,DZA,75.640999
108,2015,Algeria,DZA,75.860001
109,1980,Angola,AGO,40.546001
110,1981,Angola,AGO,40.709999
111,1982,Angola,AGO,40.848
112,1983,Angola,AGO,40.970001
113,1984,Angola,AGO,41.084999
114,1985,Angola,AGO,41.193001
115,1986,Angola,AGO,41.292
116,1987,Angola,AGO,41.382
117,1988,Angola,AGO,41.471001
118,1989,Angola,AGO,41.571999
119,1990,Angola,AGO,41.695999
120,1991,Angola,AGO,41.855
121,1992,Angola,AGO,42.060001
122,1993,Angola,AGO,42.328999
123,1994,Angola,AGO,42.676998
124,1995,Angola,AGO,43.125
125,1996,Angola,AGO,43.695
126,1997,Angola,AGO,44.384998
127,1998,Angola,AGO,45.192001
128,1999,Angola,AGO,46.105
129,2000,Angola,AGO,47.112999
130,2001,Angola,AGO,48.200001
131,2002,Angola,AGO,49.341
132,2003,Angola,AGO,50.507999
133,2004,Angola,AGO,51.675999
134,2005,Angola,AGO,52.833
135,2006,Angola,AGO,53.973999
136,2007,Angola,AGO,55.096001
137,2008,Angola,AGO,56.188999
138,2009,Angola,AGO,57.230999
139,2010,Angola,AGO,58.192001
140,2011,Angola,AGO,59.042
141,2012,Angola,AGO,59.77
142,2013,Angola,AGO,60.373001
143,2014,Angola,AGO,60.858002
144,2015,Angola,AGO,61.241001
145,1980,Antigua and Barbuda,ATG,68.873001
146,1981,Antigua and Barbuda,ATG,69.140999
147,1982,Antigua and Barbuda,ATG,69.407997
148,1983,Antigua and Barbuda,ATG,69.670998
149,1984,Antigua and Barbuda,ATG,69.931
150,1985,Antigua and Barbuda,ATG,70.186996
151,1986,Antigua and Barbuda,ATG,70.434998
152,1987,Antigua and Barbuda,ATG,70.675003
153,1988,Antigua and Barbuda,ATG,70.906998
154,1989,Antigua and Barbuda,ATG,71.132004
155,1990,Antigua and Barbuda,ATG,71.350998
156,1991,Antigua and Barbuda,ATG,71.567001
157,1992,Antigua and Barbuda,ATG,71.782997
158,1993,Antigua and Barbuda,ATG,71.999001
159,1994,Antigua and Barbuda,ATG,72.218002
160,1995,Antigua and Barbuda,ATG,72.440002
161,1996,Antigua and Barbuda,ATG,72.663002
162,1997,Antigua and Barbuda,ATG,72.887001
163,1998,Antigua and Barbuda,ATG,73.108002
164,1999,Antigua and Barbuda,ATG,73.327003
165,2000,Antigua and Barbuda,ATG,73.541
166,2001,Antigua and Barbuda,ATG,73.751999
167,2002,Antigua and Barbuda,ATG,73.957001
168,2003,Antigua and Barbuda,ATG,74.157997
169,2004,Antigua and Barbuda,ATG,74.353996
170,2005,Antigua and Barbuda,ATG,74.543999
171,2006,Antigua and Barbuda,ATG,74.726997
172,2007,Antigua and Barbuda,ATG,74.904999
173,2008,Antigua and Barbuda,ATG,75.078003
174,2009,Antigua and Barbuda,ATG,75.247002
175,2010,Antigua and Barbuda,ATG,75.412003
176,2011,Antigua and Barbuda,ATG,75.573997
177,2012,Antigua and Barbuda,ATG,75.733002
178,2013,Antigua and Barbuda,ATG,75.891998
179,2014,Antigua and Barbuda,ATG,76.050003
180,2015,Antigua and Barbuda,ATG,76.207001
181,1980,Argentina,ARG,69.463997
182,1981,Argentina,ARG,69.746002
183,1982,Argentina,ARG,70.002998
184,1983,Argentina,ARG,70.234001
185,1984,Argentina,ARG,70.438004
186,1985,Argentina,ARG,70.623001
187,1986,Argentina,ARG,70.796997
188,1987,Argentina,ARG,70.971001
189,1988,Argentina,ARG,71.154999
190,1989,Argentina,ARG,71.351997
191,1990,Argentina,ARG,71.565002
192,1991,Argentina,ARG,71.790001
193,1992,Argentina,ARG,72.023003
194,1993,Argentina,ARG,72.255997
195,1994,Argentina,ARG,72.488998
196,1995,Argentina,ARG,72.719002
197,1996,Argentina,ARG,72.946999
198,1997,Argentina,ARG,73.172997
199,1998,Argentina,ARG,73.397003
200,1999,Argentina,ARG,73.617996
201,2000,Argentina,ARG,73.832001
202,2001,Argentina,ARG,74.039001
203,2002,Argentina,ARG,74.236
204,2003,Argentina,ARG,74.424004
205,2004,Argentina,ARG,74.602997
206,2005,Argentina,ARG,74.775002
207,2006,Argentina,ARG,74.941002
208,2007,Argentina,ARG,75.105003
209,2008,Argentina,ARG,75.267998
210,2009,Argentina,ARG,75.431
211,2010,Argentina,ARG,75.595001
212,2011,Argentina,ARG,75.761002
213,2012,Argentina,ARG,75.926003
214,2013,Argentina,ARG,76.088997
215,2014,Argentina,ARG,76.251999
216,2015,Argentina,ARG,76.415001
217,1980,Armenia,ARM,70.938004
218,1981,Armenia,ARM,70.910004
219,1982,Armenia,ARM,70.776001
220,1983,Armenia,ARM,70.518997
221,1984,Armenia,ARM,70.150002
222,1985,Armenia,ARM,69.697998
223,1986,Armenia,ARM,69.205002
224,1987,Armenia,ARM,68.732002
225,1988,Armenia,ARM,68.332001
226,1989,Armenia,ARM,68.038002
227,1990,Armenia,ARM,67.878998
228,1991,Armenia,ARM,67.870003
229,1992,Armenia,ARM,67.989998
230,1993,Armenia,ARM,68.218002
231,1994,Armenia,ARM,68.538002
232,1995,Armenia,ARM,68.938004
233,1996,Armenia,ARM,69.403999
234,1997,Armenia,ARM,69.912003
235,1998,Armenia,ARM,70.433998
236,1999,Armenia,ARM,70.944
237,2000,Armenia,ARM,71.408997
238,2001,Armenia,ARM,71.800003
239,2002,Armenia,ARM,72.112
240,2003,Armenia,ARM,72.347
241,2004,Armenia,ARM,72.512001
242,2005,Armenia,ARM,72.625
243,2006,Armenia,ARM,72.714996
244,2007,Armenia,ARM,72.815002
245,2008,Armenia,ARM,72.945999
246,2009,Armenia,ARM,73.119003
247,2010,Armenia,ARM,73.331001
248,2011,Armenia,ARM,73.570999
249,2012,Armenia,ARM,73.814003
250,2013,Armenia,ARM,74.043999
251,2014,Armenia,ARM,74.254997
252,2015,Armenia,ARM,74.445
253,1980,Aruba,ABW,72.292999
254,1981,Aruba,ABW,72.538002
255,1982,Aruba,ABW,72.750999
256,1983,Aruba,ABW,72.929001
257,1984,Aruba,ABW,73.070999
258,1985,Aruba,ABW,73.181
259,1986,Aruba,ABW,73.262001
260,1987,Aruba,ABW,73.324997
261,1988,Aruba,ABW,73.377998
262,1989,Aruba,ABW,73.425003
263,1990,Aruba,ABW,73.468002
264,1991,Aruba,ABW,73.509003
265,1992,Aruba,ABW,73.543999
266,1993,Aruba,ABW,73.572998
267,1994,Aruba,ABW,73.598
268,1995,Aruba,ABW,73.622002
269,1996,Aruba,ABW,73.646004
270,1997,Aruba,ABW,73.670998
271,1998,Aruba,ABW,73.699997
272,1999,Aruba,ABW,73.737999
273,2000,Aruba,ABW,73.787003
274,2001,Aruba,ABW,73.852997
275,2002,Aruba,ABW,73.936996
276,2003,Aruba,ABW,74.038002
277,2004,Aruba,ABW,74.155998
278,2005,Aruba,ABW,74.287003
279,2006,Aruba,ABW,74.429001
280,2007,Aruba,ABW,74.575996
281,2008,Aruba,ABW,74.724998
282,2009,Aruba,ABW,74.872002
283,2010,Aruba,ABW,75.015999
284,2011,Aruba,ABW,75.157997
285,2012,Aruba,ABW,75.299004
286,2013,Aruba,ABW,75.440002
287,2014,Aruba,ABW,75.582001
288,2015,Aruba,ABW,75.724998
289,1980,Australia,AUS,74.388
290,1981,Australia,AUS,74.676003
291,1982,Australia,AUS,74.939003
292,1983,Australia,AUS,75.182999
293,1984,Australia,AUS,75.413002
294,1985,Australia,AUS,75.637001
295,1986,Australia,AUS,75.866997
296,1987,Australia,AUS,76.109001
297,1988,Australia,AUS,76.366997
298,1989,Australia,AUS,76.642998
299,1990,Australia,AUS,76.931
300,1991,Australia,AUS,77.220001
301,1992,Australia,AUS,77.501999
302,1993,Australia,AUS,77.768997
303,1994,Australia,AUS,78.021004
304,1995,Australia,AUS,78.264
305,1996,Australia,AUS,78.505997
306,1997,Australia,AUS,78.757004
307,1998,Australia,AUS,79.021004
308,1999,Australia,AUS,79.300003
309,2000,Australia,AUS,79.589996
310,2001,Australia,AUS,79.885002
311,2002,Australia,AUS,80.175003
312,2003,Australia,AUS,80.452003
313,2004,Australia,AUS,80.712997
314,2005,Australia,AUS,80.955002
315,2006,Australia,AUS,81.175003
316,2007,Australia,AUS,81.376999
317,2008,Australia,AUS,81.565002
318,2009,Australia,AUS,81.741997
319,2010,Australia,AUS,81.910004
320,2011,Australia,AUS,82.072998
321,2012,Australia,AUS,82.234001
322,2013,Australia,AUS,82.394997
323,2014,Australia,AUS,82.558998
324,2015,Australia,AUS,82.725998
325,1980,Austria,AUT,72.679001
326,1981,Austria,AUT,72.929001
327,1982,Austria,AUT,73.197998
328,1983,Austria,AUT,73.492996
329,1984,Austria,AUT,73.808998
330,1985,Austria,AUT,74.139
331,1986,Austria,AUT,74.469002
332,1987,Austria,AUT,74.785004
333,1988,Austria,AUT,75.078003
334,1989,Austria,AUT,75.348
335,1990,Austria,AUT,75.596001
336,1991,Austria,AUT,75.830002
337,1992,Austria,AUT,76.063004
338,1993,Austria,AUT,76.304001
339,1994,Austria,AUT,76.556999
340,1995,Austria,AUT,76.822998
341,1996,Austria,AUT,77.100998
342,1997,Austria,AUT,77.386002
343,1998,Austria,AUT,77.671997
344,1999,Austria,AUT,77.957001
345,2000,Austria,AUT,78.238998
346,2001,Austria,AUT,78.517998
347,2002,Austria,AUT,78.791
348,2003,Austria,AUT,79.058998
349,2004,Austria,AUT,79.318001
350,2005,Austria,AUT,79.566002
351,2006,Austria,AUT,79.799004
352,2007,Austria,AUT,80.015999
353,2008,Austria,AUT,80.218002
354,2009,Austria,AUT,80.406998
355,2010,Austria,AUT,80.584
356,2011,Austria,AUT,80.752998
357,2012,Austria,AUT,80.917999
358,2013,Austria,AUT,81.083
359,2014,Austria,AUT,81.25
360,2015,Austria,AUT,81.419998
361,1980,Azerbaijan,AZE,64.161003
362,1981,Azerbaijan,AZE,64.279999
363,1982,Azerbaijan,AZE,64.424004
364,1983,Azerbaijan,AZE,64.586998
365,1984,Azerbaijan,AZE,64.759003
366,1985,Azerbaijan,AZE,64.913002
367,1986,Azerbaijan,AZE,65.015999
368,1987,Azerbaijan,AZE,65.053001
369,1988,Azerbaijan,AZE,65.021004
370,1989,Azerbaijan,AZE,64.934998
371,1990,Azerbaijan,AZE,64.827003
372,1991,Azerbaijan,AZE,64.745003
373,1992,Azerbaijan,AZE,64.731003
374,1993,Azerbaijan,AZE,64.809998
375,1994,Azerbaijan,AZE,64.990997
376,1995,Azerbaijan,AZE,65.255997
377,1996,Azerbaijan,AZE,65.572998
378,1997,Azerbaijan,AZE,65.899002
379,1998,Azerbaijan,AZE,66.207001
380,1999,Azerbaijan,AZE,66.490997
381,2000,Azerbaijan,AZE,66.763
382,2001,Azerbaijan,AZE,67.054001
383,2002,Azerbaijan,AZE,67.390999
384,2003,Azerbaijan,AZE,67.791
385,2004,Azerbaijan,AZE,68.249001
386,2005,Azerbaijan,AZE,68.75
387,2006,Azerbaijan,AZE,69.268997
388,2007,Azerbaijan,AZE,69.774002
389,2008,Azerbaijan,AZE,70.237999
390,2009,Azerbaijan,AZE,70.646004
391,2010,Azerbaijan,AZE,70.987
392,2011,Azerbaijan,AZE,71.260002
393,2012,Azerbaijan,AZE,71.477997
394,2013,Azerbaijan,AZE,71.655998
395,2014,Azerbaijan,AZE,71.800003
396,2015,Azerbaijan,AZE,71.920998
397,1980,Bahamas,BHS,68.524002
398,1981,Bahamas,BHS,68.754997
399,1982,Bahamas,BHS,68.984001
400,1983,Bahamas,BHS,69.211998
401,1984,Bahamas,BHS,69.438004
402,1985,Bahamas,BHS,69.663002
403,1986,Bahamas,BHS,69.886002
404,1987,Bahamas,BHS,70.103996
405,1988,Bahamas,BHS,70.316002
406,1989,Bahamas,BHS,70.517998
407,1990,Bahamas,BHS,70.705002
408,1991,Bahamas,BHS,70.869003
409,1992,Bahamas,BHS,71.010002
410,1993,Bahamas,BHS,71.130997
411,1994,Bahamas,BHS,71.238998
412,1995,Bahamas,BHS,71.350998
413,1996,Bahamas,BHS,71.482002
414,1997,Bahamas,BHS,71.646004
415,1998,Bahamas,BHS,71.849998
416,1999,Bahamas,BHS,72.093002
417,2000,Bahamas,BHS,72.370003
418,2001,Bahamas,BHS,72.667999
419,2002,Bahamas,BHS,72.971001
420,2003,Bahamas,BHS,73.264
421,2004,Bahamas,BHS,73.538002
422,2005,Bahamas,BHS,73.787003
423,2006,Bahamas,BHS,74.012001
424,2007,Bahamas,BHS,74.218002
425,2008,Bahamas,BHS,74.410004
426,2009,Bahamas,BHS,74.591003
427,2010,Bahamas,BHS,74.761002
428,2011,Bahamas,BHS,74.922997
429,2012,Bahamas,BHS,75.079002
430,2013,Bahamas,BHS,75.230003
431,2014,Bahamas,BHS,75.378998
432,2015,Bahamas,BHS,75.527
433,1980,Bahrain,BHR,69.550003
434,1981,Bahrain,BHR,69.949997
435,1982,Bahrain,BHR,70.316002
436,1983,Bahrain,BHR,70.650002
437,1984,Bahrain,BHR,70.956001
438,1985,Bahrain,BHR,71.237
439,1986,Bahrain,BHR,71.495003
440,1987,Bahrain,BHR,71.735001
441,1988,Bahrain,BHR,71.961998
442,1989,Bahrain,BHR,72.179001
443,1990,Bahrain,BHR,72.389999
444,1991,Bahrain,BHR,72.598
445,1992,Bahrain,BHR,72.803001
446,1993,Bahrain,BHR,73.005997
447,1994,Bahrain,BHR,73.209
448,1995,Bahrain,BHR,73.413002
449,1996,Bahrain,BHR,73.619003
450,1997,Bahrain,BHR,73.825996
451,1998,Bahrain,BHR,74.032997
452,1999,Bahrain,BHR,74.238998
453,2000,Bahrain,BHR,74.440002
454,2001,Bahrain,BHR,74.635002
455,2002,Bahrain,BHR,74.821999
456,2003,Bahrain,BHR,74.999001
457,2004,Bahrain,BHR,75.167
458,2005,Bahrain,BHR,75.325996
459,2006,Bahrain,BHR,75.477997
460,2007,Bahrain,BHR,75.625
461,2008,Bahrain,BHR,75.769997
462,2009,Bahrain,BHR,75.913002
463,2010,Bahrain,BHR,76.056
464,2011,Bahrain,BHR,76.198997
465,2012,Bahrain,BHR,76.341003
466,2013,Bahrain,BHR,76.482002
467,2014,Bahrain,BHR,76.622002
468,2015,Bahrain,BHR,76.761002
469,1980,Bangladesh,BGD,53.478001
470,1981,Bangladesh,BGD,53.917
471,1982,Bangladesh,BGD,54.292
472,1983,Bangladesh,BGD,54.678001
473,1984,Bangladesh,BGD,55.102001
474,1985,Bangladesh,BGD,55.577999
475,1986,Bangladesh,BGD,56.102001
476,1987,Bangladesh,BGD,56.653999
477,1988,Bangladesh,BGD,57.220001
478,1989,Bangladesh,BGD,57.799999
479,1990,Bangladesh,BGD,58.401001
480,1991,Bangladesh,BGD,59.033001
481,1992,Bangladesh,BGD,59.700001
482,1993,Bangladesh,BGD,60.400002
483,1994,Bangladesh,BGD,61.126999
484,1995,Bangladesh,BGD,61.868
485,1996,Bangladesh,BGD,62.610001
486,1997,Bangladesh,BGD,63.338001
487,1998,Bangladesh,BGD,64.038002
488,1999,Bangladesh,BGD,64.702003
489,2000,Bangladesh,BGD,65.323997
490,2001,Bangladesh,BGD,65.903
491,2002,Bangladesh,BGD,66.447998
492,2003,Bangladesh,BGD,66.964996
493,2004,Bangladesh,BGD,67.459999
494,2005,Bangladesh,BGD,67.936996
495,2006,Bangladesh,BGD,68.403
496,2007,Bangladesh,BGD,68.861
497,2008,Bangladesh,BGD,69.311996
498,2009,Bangladesh,BGD,69.759003
499,2010,Bangladesh,BGD,70.197998
500,2011,Bangladesh,BGD,70.625999
501,2012,Bangladesh,BGD,71.039001
502,2013,Bangladesh,BGD,71.431
503,2014,Bangladesh,BGD,71.803001
504,2015,Bangladesh,BGD,72.154999
505,1980,Barbados,BRB,68.725998
506,1981,Barbados,BRB,69.024002
507,1982,Barbados,BRB,69.317001
508,1983,Barbados,BRB,69.601997
509,1984,Barbados,BRB,69.877998
510,1985,Barbados,BRB,70.144997
511,1986,Barbados,BRB,70.404999
512,1987,Barbados,BRB,70.657997
513,1988,Barbados,BRB,70.904999
514,1989,Barbados,BRB,71.147003
515,1990,Barbados,BRB,71.383003
516,1991,Barbados,BRB,71.613998
517,1992,Barbados,BRB,71.841003
518,1993,Barbados,BRB,72.060997
519,1994,Barbados,BRB,72.275002
520,1995,Barbados,BRB,72.481003
521,1996,Barbados,BRB,72.678001
522,1997,Barbados,BRB,72.864998
523,1998,Barbados,BRB,73.042999
524,1999,Barbados,BRB,73.212997
525,2000,Barbados,BRB,73.376999
526,2001,Barbados,BRB,73.535004
527,2002,Barbados,BRB,73.691002
528,2003,Barbados,BRB,73.847
529,2004,Barbados,BRB,74.003998
530,2005,Barbados,BRB,74.163002
531,2006,Barbados,BRB,74.323997
532,2007,Barbados,BRB,74.486
533,2008,Barbados,BRB,74.648003
534,2009,Barbados,BRB,74.810997
535,2010,Barbados,BRB,74.973
536,2011,Barbados,BRB,75.133003
537,2012,Barbados,BRB,75.292
538,2013,Barbados,BRB,75.447998
539,2014,Barbados,BRB,75.602997
540,2015,Barbados,BRB,75.754997
541,1980,Belarus,BLR,70.186996
542,1981,Belarus,BLR,70.199997
543,1982,Belarus,BLR,70.287003
544,1983,Belarus,BLR,70.445999
545,1984,Belarus,BLR,70.657997
546,1985,Belarus,BLR,70.880997
547,1986,Belarus,BLR,71.060997
548,1987,Belarus,BLR,71.150002
549,1988,Belarus,BLR,71.114998
550,1989,Belarus,BLR,70.946999
551,1990,Belarus,BLR,70.646004
552,1991,Belarus,BLR,70.224998
553,1992,Belarus,BLR,69.734001
554,1993,Belarus,BLR,69.222
555,1994,Belarus,BLR,68.723
556,1995,Belarus,BLR,68.273003
557,1996,Belarus,BLR,67.903999
558,1997,Belarus,BLR,67.623001
559,1998,Belarus,BLR,67.435997
560,1999,Belarus,BLR,67.351997
561,2000,Belarus,BLR,67.364998
562,2001,Belarus,BLR,67.462997
563,2002,Belarus,BLR,67.623001
564,2003,Belarus,BLR,67.825996
565,2004,Belarus,BLR,68.066002
566,2005,Belarus,BLR,68.353996
567,2006,Belarus,BLR,68.706001
568,2007,Belarus,BLR,69.133003
569,2008,Belarus,BLR,69.628998
570,2009,Belarus,BLR,70.175003
571,2010,Belarus,BLR,70.738998
572,2011,Belarus,BLR,71.280998
573,2012,Belarus,BLR,71.768997
574,2013,Belarus,BLR,72.18
575,2014,Belarus,BLR,72.504997
576,2015,Belarus,BLR,72.748001
577,1980,Belgium,BEL,73.267998
578,1981,Belgium,BEL,73.526001
579,1982,Belgium,BEL,73.788002
580,1983,Belgium,BEL,74.056
581,1984,Belgium,BEL,74.327003
582,1985,Belgium,BEL,74.598
583,1986,Belgium,BEL,74.866997
584,1987,Belgium,BEL,75.128998
585,1988,Belgium,BEL,75.383003
586,1989,Belgium,BEL,75.627998
587,1990,Belgium,BEL,75.862
588,1991,Belgium,BEL,76.084999
589,1992,Belgium,BEL,76.299004
590,1993,Belgium,BEL,76.507004
591,1994,Belgium,BEL,76.709
592,1995,Belgium,BEL,76.906998
593,1996,Belgium,BEL,77.100998
594,1997,Belgium,BEL,77.292
595,1998,Belgium,BEL,77.481003
596,1999,Belgium,BEL,77.671997
597,2000,Belgium,BEL,77.866997
598,2001,Belgium,BEL,78.070999
599,2002,Belgium,BEL,78.285004
600,2003,Belgium,BEL,78.509003
601,2004,Belgium,BEL,78.739998
602,2005,Belgium,BEL,78.974998
603,2006,Belgium,BEL,79.210999
604,2007,Belgium,BEL,79.441002
605,2008,Belgium,BEL,79.662003
606,2009,Belgium,BEL,79.873001
607,2010,Belgium,BEL,80.071999
608,2011,Belgium,BEL,80.260002
609,2012,Belgium,BEL,80.442001
610,2013,Belgium,BEL,80.617996
611,2014,Belgium,BEL,80.792
612,2015,Belgium,BEL,80.963997
613,1980,Belize,BLZ,69.577003
614,1981,Belize,BLZ,69.920998
615,1982,Belize,BLZ,70.257004
616,1983,Belize,BLZ,70.574997
617,1984,Belize,BLZ,70.864998
618,1985,Belize,BLZ,71.110001
619,1986,Belize,BLZ,71.293999
620,1987,Belize,BLZ,71.404999
621,1988,Belize,BLZ,71.436996
622,1989,Belize,BLZ,71.386002
623,1990,Belize,BLZ,71.246002
624,1991,Belize,BLZ,71.011002
625,1992,Belize,BLZ,70.695999
626,1993,Belize,BLZ,70.324997
627,1994,Belize,BLZ,69.921997
628,1995,Belize,BLZ,69.516998
629,1996,Belize,BLZ,69.142998
630,1997,Belize,BLZ,68.82
631,1998,Belize,BLZ,68.568001
632,1999,Belize,BLZ,68.400002
633,2000,Belize,BLZ,68.329002
634,2001,Belize,BLZ,68.356003
635,2002,Belize,BLZ,68.459999
636,2003,Belize,BLZ,68.619003
637,2004,Belize,BLZ,68.815002
638,2005,Belize,BLZ,69.023003
639,2006,Belize,BLZ,69.218002
640,2007,Belize,BLZ,69.385002
641,2008,Belize,BLZ,69.516998
642,2009,Belize,BLZ,69.611
643,2010,Belize,BLZ,69.676003
644,2011,Belize,BLZ,69.731003
645,2012,Belize,BLZ,69.797997
646,2013,Belize,BLZ,69.894997
647,2014,Belize,BLZ,70.027
648,2015,Belize,BLZ,70.192001
649,1980,Benin,BEN,47.189999
650,1981,Benin,BEN,47.643002
651,1982,Benin,BEN,48.145
652,1983,Benin,BEN,48.709999
653,1984,Benin,BEN,49.339001
654,1985,Benin,BEN,50.034
655,1986,Benin,BEN,50.790001
656,1987,Benin,BEN,51.581001
657,1988,Benin,BEN,52.372002
658,1989,Benin,BEN,53.132
659,1990,Benin,BEN,53.812
660,1991,Benin,BEN,54.366001
661,1992,Benin,BEN,54.776001
662,1993,Benin,BEN,55.042
663,1994,Benin,BEN,55.174
664,1995,Benin,BEN,55.202999
665,1996,Benin,BEN,55.169998
666,1997,Benin,BEN,55.132999
667,1998,Benin,BEN,55.139
668,1999,Benin,BEN,55.217999
669,2000,Benin,BEN,55.390999
670,2001,Benin,BEN,55.667999
671,2002,Benin,BEN,56.025002
672,2003,Benin,BEN,56.436001
673,2004,Benin,BEN,56.887001
674,2005,Benin,BEN,57.355
675,2006,Benin,BEN,57.817001
676,2007,Benin,BEN,58.255001
677,2008,Benin,BEN,58.653999
678,2009,Benin,BEN,59.008999
679,2010,Benin,BEN,59.319
680,2011,Benin,BEN,59.595001
681,2012,Benin,BEN,59.855
682,2013,Benin,BEN,60.112999
683,2014,Benin,BEN,60.373001
684,2015,Benin,BEN,60.639
685,1980,Bhutan,BTN,45.464001
686,1981,Bhutan,BTN,46.203999
687,1982,Bhutan,BTN,46.953999
688,1983,Bhutan,BTN,47.702
689,1984,Bhutan,BTN,48.442001
690,1985,Bhutan,BTN,49.173
691,1986,Bhutan,BTN,49.901001
692,1987,Bhutan,BTN,50.632
693,1988,Bhutan,BTN,51.372002
694,1989,Bhutan,BTN,52.122002
695,1990,Bhutan,BTN,52.879002
696,1991,Bhutan,BTN,53.637001
697,1992,Bhutan,BTN,54.393002
698,1993,Bhutan,BTN,55.146
699,1994,Bhutan,BTN,55.897999
700,1995,Bhutan,BTN,56.657001
701,1996,Bhutan,BTN,57.431999
702,1997,Bhutan,BTN,58.230999
703,1998,Bhutan,BTN,59.055
704,1999,Bhutan,BTN,59.898998
705,2000,Bhutan,BTN,60.757999
706,2001,Bhutan,BTN,61.625
707,2002,Bhutan,BTN,62.484001
708,2003,Bhutan,BTN,63.321999
709,2004,Bhutan,BTN,64.125999
710,2005,Bhutan,BTN,64.882004
711,2006,Bhutan,BTN,65.578003
712,2007,Bhutan,BTN,66.213997
713,2008,Bhutan,BTN,66.792
714,2009,Bhutan,BTN,67.315002
715,2010,Bhutan,BTN,67.790001
716,2011,Bhutan,BTN,68.226997
717,2012,Bhutan,BTN,68.639
718,2013,Bhutan,BTN,69.038002
719,2014,Bhutan,BTN,69.43
720,2015,Bhutan,BTN,69.817001
721,1980,Bolivia,BOL,50.012001
722,1981,Bolivia,BOL,50.488998
723,1982,Bolivia,BOL,50.973999
724,1983,Bolivia,BOL,51.466
725,1984,Bolivia,BOL,51.965
726,1985,Bolivia,BOL,52.472
727,1986,Bolivia,BOL,52.986
728,1987,Bolivia,BOL,53.507
729,1988,Bolivia,BOL,54.034
730,1989,Bolivia,BOL,54.566002
731,1990,Bolivia,BOL,55.104
732,1991,Bolivia,BOL,55.646999
733,1992,Bolivia,BOL,56.195
734,1993,Bolivia,BOL,56.747002
735,1994,Bolivia,BOL,57.303001
736,1995,Bolivia,BOL,57.862
737,1996,Bolivia,BOL,58.423
738,1997,Bolivia,BOL,58.987
739,1998,Bolivia,BOL,59.554001
740,1999,Bolivia,BOL,60.122002
741,2000,Bolivia,BOL,60.689999
742,2001,Bolivia,BOL,61.259998
743,2002,Bolivia,BOL,61.828999
744,2003,Bolivia,BOL,62.398998
745,2004,Bolivia,BOL,62.967999
746,2005,Bolivia,BOL,63.537998
747,2006,Bolivia,BOL,64.112999
748,2007,Bolivia,BOL,64.692001
749,2008,Bolivia,BOL,65.272003
750,2009,Bolivia,BOL,65.847
751,2010,Bolivia,BOL,66.407997
752,2011,Bolivia,BOL,66.945
753,2012,Bolivia,BOL,67.450996
754,2013,Bolivia,BOL,67.921997
755,2014,Bolivia,BOL,68.357002
756,2015,Bolivia,BOL,68.755997
757,1980,Bosnia and Herzegovina,BIH,70.399002
758,1981,Bosnia and Herzegovina,BIH,70.600998
759,1982,Bosnia and Herzegovina,BIH,70.82
760,1983,Bosnia and Herzegovina,BIH,71.060997
761,1984,Bosnia and Herzegovina,BIH,71.315002
762,1985,Bosnia and Herzegovina,BIH,71.533997
763,1986,Bosnia and Herzegovina,BIH,71.650002
764,1987,Bosnia and Herzegovina,BIH,71.625999
765,1988,Bosnia and Herzegovina,BIH,71.460999
766,1989,Bosnia and Herzegovina,BIH,71.184998
767,1990,Bosnia and Herzegovina,BIH,70.876999
768,1991,Bosnia and Herzegovina,BIH,70.644997
769,1992,Bosnia and Herzegovina,BIH,70.577003
770,1993,Bosnia and Herzegovina,BIH,70.723999
771,1994,Bosnia and Herzegovina,BIH,71.091003
772,1995,Bosnia and Herzegovina,BIH,71.642998
773,1996,Bosnia and Herzegovina,BIH,72.306
774,1997,Bosnia and Herzegovina,BIH,72.976997
775,1998,Bosnia and Herzegovina,BIH,73.571999
776,1999,Bosnia and Herzegovina,BIH,74.056999
777,2000,Bosnia and Herzegovina,BIH,74.413002
778,2001,Bosnia and Herzegovina,BIH,74.653
779,2002,Bosnia and Herzegovina,BIH,74.823997
780,2003,Bosnia and Herzegovina,BIH,74.967003
781,2004,Bosnia and Herzegovina,BIH,75.096001
782,2005,Bosnia and Herzegovina,BIH,75.223
783,2006,Bosnia and Herzegovina,BIH,75.352997
784,2007,Bosnia and Herzegovina,BIH,75.486
785,2008,Bosnia and Herzegovina,BIH,75.619003
786,2009,Bosnia and Herzegovina,BIH,75.758003
787,2010,Bosnia and Herzegovina,BIH,75.904999
788,2011,Bosnia and Herzegovina,BIH,76.059998
789,2012,Bosnia and Herzegovina,BIH,76.223
790,2013,Bosnia and Herzegovina,BIH,76.389999
791,2014,Bosnia and Herzegovina,BIH,76.560997
792,2015,Bosnia and Herzegovina,BIH,76.735001
793,1980,Botswana,BWA,60.733002
794,1981,Botswana,BWA,61.215
795,1982,Botswana,BWA,61.650002
796,1983,Botswana,BWA,62.028999
797,1984,Botswana,BWA,62.334
798,1985,Botswana,BWA,62.556
799,1986,Botswana,BWA,62.688
800,1987,Botswana,BWA,62.716
801,1988,Botswana,BWA,62.619999
802,1989,Botswana,BWA,62.372002
803,1990,Botswana,BWA,61.904999
804,1991,Botswana,BWA,61.146
805,1992,Botswana,BWA,60.083
806,1993,Botswana,BWA,58.748001
807,1994,Botswana,BWA,57.202999
808,1995,Botswana,BWA,55.529999
809,1996,Botswana,BWA,53.826
810,1997,Botswana,BWA,52.210999
811,1998,Botswana,BWA,50.807999
812,1999,Botswana,BWA,49.712002
813,2000,Botswana,BWA,49.029999
814,2001,Botswana,BWA,48.838001
815,2002,Botswana,BWA,49.108002
816,2003,Botswana,BWA,49.787998
817,2004,Botswana,BWA,50.832001
818,2005,Botswana,BWA,52.165001
819,2006,Botswana,BWA,53.695
820,2007,Botswana,BWA,55.312
821,2008,Botswana,BWA,56.918999
822,2009,Botswana,BWA,58.450001
823,2010,Botswana,BWA,59.868
824,2011,Botswana,BWA,61.179001
825,2012,Botswana,BWA,62.424999
826,2013,Botswana,BWA,63.630001
827,2014,Botswana,BWA,64.779999
828,2015,Botswana,BWA,65.846001
829,1980,Brazil,BRA,61.983002
830,1981,Brazil,BRA,62.264
831,1982,Brazil,BRA,62.558998
832,1983,Brazil,BRA,62.866001
833,1984,Brazil,BRA,63.185001
834,1985,Brazil,BRA,63.514
835,1986,Brazil,BRA,63.852001
836,1987,Brazil,BRA,64.196999
837,1988,Brazil,BRA,64.552002
838,1989,Brazil,BRA,64.917
839,1990,Brazil,BRA,65.300003
840,1991,Brazil,BRA,65.708
841,1992,Brazil,BRA,66.143997
842,1993,Brazil,BRA,66.607002
843,1994,Brazil,BRA,67.095001
844,1995,Brazil,BRA,67.599998
845,1996,Brazil,BRA,68.112
846,1997,Brazil,BRA,68.622002
847,1998,Brazil,BRA,69.120003
848,1999,Brazil,BRA,69.598999
849,2000,Brazil,BRA,70.055
850,2001,Brazil,BRA,70.486
851,2002,Brazil,BRA,70.896004
852,2003,Brazil,BRA,71.290001
853,2004,Brazil,BRA,71.669998
854,2005,Brazil,BRA,72.040001
855,2006,Brazil,BRA,72.404999
856,2007,Brazil,BRA,72.767998
857,2008,Brazil,BRA,73.128998
858,2009,Brazil,BRA,73.487999
859,2010,Brazil,BRA,73.837997
860,2011,Brazil,BRA,74.174004
861,2012,Brazil,BRA,74.487999
862,2013,Brazil,BRA,74.777
863,2014,Brazil,BRA,75.042
864,2015,Brazil,BRA,75.283997
865,1980,Brunei,BRN,70.230003
866,1981,Brunei,BRN,70.509003
867,1982,Brunei,BRN,70.783997
868,1983,Brunei,BRN,71.056
869,1984,Brunei,BRN,71.325996
870,1985,Brunei,BRN,71.595001
871,1986,Brunei,BRN,71.863998
872,1987,Brunei,BRN,72.132004
873,1988,Brunei,BRN,72.397003
874,1989,Brunei,BRN,72.658997
875,1990,Brunei,BRN,72.916
876,1991,Brunei,BRN,73.167
877,1992,Brunei,BRN,73.413002
878,1993,Brunei,BRN,73.651001
879,1994,Brunei,BRN,73.883003
880,1995,Brunei,BRN,74.110001
881,1996,Brunei,BRN,74.332001
882,1997,Brunei,BRN,74.551003
883,1998,Brunei,BRN,74.768997
884,1999,Brunei,BRN,74.985001
885,2000,Brunei,BRN,75.202003
886,2001,Brunei,BRN,75.425003
887,2002,Brunei,BRN,75.650002
888,2003,Brunei,BRN,75.875
889,2004,Brunei,BRN,76.093002
890,2005,Brunei,BRN,76.291
891,2006,Brunei,BRN,76.455002
892,2007,Brunei,BRN,76.577003
893,2008,Brunei,BRN,76.655998
894,2009,Brunei,BRN,76.698997
895,2010,Brunei,BRN,76.719002
896,2011,Brunei,BRN,76.734001
897,2012,Brunei,BRN,76.764
898,2013,Brunei,BRN,76.822998
899,2014,Brunei,BRN,76.917
900,2015,Brunei,BRN,77.045998
901,1980,Bulgaria,BGR,71.162003
902,1981,Bulgaria,BGR,71.194
903,1982,Bulgaria,BGR,71.233002
904,1983,Bulgaria,BGR,71.274002
905,1984,Bulgaria,BGR,71.314003
906,1985,Bulgaria,BGR,71.347
907,1986,Bulgaria,BGR,71.366997
908,1987,Bulgaria,BGR,71.370003
909,1988,Bulgaria,BGR,71.355003
910,1989,Bulgaria,BGR,71.321999
911,1990,Bulgaria,BGR,71.271004
912,1991,Bulgaria,BGR,71.202003
913,1992,Bulgaria,BGR,71.121002
914,1993,Bulgaria,BGR,71.040001
915,1994,Bulgaria,BGR,70.970001
916,1995,Bulgaria,BGR,70.928001
917,1996,Bulgaria,BGR,70.932999
918,1997,Bulgaria,BGR,70.994003
919,1998,Bulgaria,BGR,71.111
920,1999,Bulgaria,BGR,71.282997
921,2000,Bulgaria,BGR,71.498001
922,2001,Bulgaria,BGR,71.740997
923,2002,Bulgaria,BGR,71.991997
924,2003,Bulgaria,BGR,72.234001
925,2004,Bulgaria,BGR,72.459999
926,2005,Bulgaria,BGR,72.669998
927,2006,Bulgaria,BGR,72.870003
928,2007,Bulgaria,BGR,73.071999
929,2008,Bulgaria,BGR,73.280998
930,2009,Bulgaria,BGR,73.498001
931,2010,Bulgaria,BGR,73.716003
932,2011,Bulgaria,BGR,73.929001
933,2012,Bulgaria,BGR,74.128998
934,2013,Bulgaria,BGR,74.310997
935,2014,Bulgaria,BGR,74.473
936,2015,Bulgaria,BGR,74.617996
937,1980,Burkina Faso,BFA,46.049
938,1981,Burkina Faso,BFA,46.984001
939,1982,Burkina Faso,BFA,47.810001
940,1983,Burkina Faso,BFA,48.486
941,1984,Burkina Faso,BFA,48.992001
942,1985,Burkina Faso,BFA,49.323002
943,1986,Burkina Faso,BFA,49.492001
944,1987,Burkina Faso,BFA,49.549999
945,1988,Burkina Faso,BFA,49.544998
946,1989,Burkina Faso,BFA,49.505001
947,1990,Burkina Faso,BFA,49.453999
948,1991,Burkina Faso,BFA,49.409
949,1992,Burkina Faso,BFA,49.374001
950,1993,Burkina Faso,BFA,49.360001
951,1994,Burkina Faso,BFA,49.380001
952,1995,Burkina Faso,BFA,49.445
953,1996,Burkina Faso,BFA,49.556999
954,1997,Burkina Faso,BFA,49.713001
955,1998,Burkina Faso,BFA,49.914001
956,1999,Burkina Faso,BFA,50.167999
957,2000,Burkina Faso,BFA,50.488998
958,2001,Burkina Faso,BFA,50.893002
959,2002,Burkina Faso,BFA,51.383999
960,2003,Burkina Faso,BFA,51.956001
961,2004,Burkina Faso,BFA,52.602001
962,2005,Burkina Faso,BFA,53.310001
963,2006,Burkina Faso,BFA,54.063
964,2007,Burkina Faso,BFA,54.841
965,2008,Burkina Faso,BFA,55.618
966,2009,Burkina Faso,BFA,56.375999
967,2010,Burkina Faso,BFA,57.096001
968,2011,Burkina Faso,BFA,57.762001
969,2012,Burkina Faso,BFA,58.376999
970,2013,Burkina Faso,BFA,58.942001
971,2014,Burkina Faso,BFA,59.457001
972,2015,Burkina Faso,BFA,59.926998
973,1980,Burundi,BDI,47.313999
974,1981,Burundi,BDI,47.657001
975,1982,Burundi,BDI,47.992001
976,1983,Burundi,BDI,48.317001
977,1984,Burundi,BDI,48.618
978,1985,Burundi,BDI,48.845001
979,1986,Burundi,BDI,48.941002
980,1987,Burundi,BDI,48.883999
981,1988,Burundi,BDI,48.683998
982,1989,Burundi,BDI,48.379002
983,1990,Burundi,BDI,48.053001
984,1991,Burundi,BDI,47.816002
985,1992,Burundi,BDI,47.751999
986,1993,Burundi,BDI,47.910999
987,1994,Burundi,BDI,48.294998
988,1995,Burundi,BDI,48.860001
989,1996,Burundi,BDI,49.526001
990,1997,Burundi,BDI,50.186001
991,1998,Burundi,BDI,50.757999
992,1999,Burundi,BDI,51.213001
993,2000,Burundi,BDI,51.544998
994,2001,Burundi,BDI,51.778999
995,2002,Burundi,BDI,51.977001
996,2003,Burundi,BDI,52.189999
997,2004,Burundi,BDI,52.437
998,2005,Burundi,BDI,52.735001
999,2006,Burundi,BDI,53.09
1000,2007,Burundi,BDI,53.492001
1001,2008,Burundi,BDI,53.925999
1002,2009,Burundi,BDI,54.386002
1003,2010,Burundi,BDI,54.861
1004,2011,Burundi,BDI,55.338001
1005,2012,Burundi,BDI,55.806999
1006,2013,Burundi,BDI,56.258999
1007,2014,Burundi,BDI,56.688
1008,2015,Burundi,BDI,57.094002
1009,1980,Cambodia,KHM,27.535999
1010,1981,Cambodia,KHM,33.341999
1011,1982,Cambodia,KHM,39.157001
1012,1983,Cambodia,KHM,44.173
1013,1984,Cambodia,KHM,48.025002
1014,1985,Cambodia,KHM,50.563
1015,1986,Cambodia,KHM,51.916
1016,1987,Cambodia,KHM,52.587002
1017,1988,Cambodia,KHM,52.999001
1018,1989,Cambodia,KHM,53.301998
1019,1990,Cambodia,KHM,53.595001
1020,1991,Cambodia,KHM,53.916
1021,1992,Cambodia,KHM,54.228001
1022,1993,Cambodia,KHM,54.514
1023,1994,Cambodia,KHM,54.82
1024,1995,Cambodia,KHM,55.188999
1025,1996,Cambodia,KHM,55.653
1026,1997,Cambodia,KHM,56.212002
1027,1998,Cambodia,KHM,56.862
1028,1999,Cambodia,KHM,57.604
1029,2000,Cambodia,KHM,58.431999
1030,2001,Cambodia,KHM,59.334999
1031,2002,Cambodia,KHM,60.283001
1032,2003,Cambodia,KHM,61.241001
1033,2004,Cambodia,KHM,62.186001
1034,2005,Cambodia,KHM,63.088001
1035,2006,Cambodia,KHM,63.926998
1036,2007,Cambodia,KHM,64.695
1037,2008,Cambodia,KHM,65.390999
1038,2009,Cambodia,KHM,66.010002
1039,2010,Cambodia,KHM,66.555
1040,2011,Cambodia,KHM,67.033997
1041,2012,Cambodia,KHM,67.466003
1042,2013,Cambodia,KHM,67.867996
1043,2014,Cambodia,KHM,68.250999
1044,2015,Cambodia,KHM,68.620003
1045,1980,Cameroon,CMR,51.210999
1046,1981,Cameroon,CMR,51.604
1047,1982,Cameroon,CMR,51.958
1048,1983,Cameroon,CMR,52.265999
1049,1984,Cameroon,CMR,52.518002
1050,1985,Cameroon,CMR,52.698002
1051,1986,Cameroon,CMR,52.786999
1052,1987,Cameroon,CMR,52.780998
1053,1988,Cameroon,CMR,52.68
1054,1989,Cameroon,CMR,52.490002
1055,1990,Cameroon,CMR,52.209
1056,1991,Cameroon,CMR,51.834999
1057,1992,Cameroon,CMR,51.389999
1058,1993,Cameroon,CMR,50.91
1059,1994,Cameroon,CMR,50.432999
1060,1995,Cameroon,CMR,50.014999
1061,1996,Cameroon,CMR,49.708
1062,1997,Cameroon,CMR,49.542999
1063,1998,Cameroon,CMR,49.537998
1064,1999,Cameroon,CMR,49.700001
1065,2000,Cameroon,CMR,50.026001
1066,2001,Cameroon,CMR,50.494999
1067,2002,Cameroon,CMR,51.058998
1068,2003,Cameroon,CMR,51.671001
1069,2004,Cameroon,CMR,52.300999
1070,2005,Cameroon,CMR,52.916
1071,2006,Cameroon,CMR,53.493999
1072,2007,Cameroon,CMR,54.033001
1073,2008,Cameroon,CMR,54.535
1074,2009,Cameroon,CMR,54.995998
1075,2010,Cameroon,CMR,55.424
1076,2011,Cameroon,CMR,55.832001
1077,2012,Cameroon,CMR,56.241001
1078,2013,Cameroon,CMR,56.665001
1079,2014,Cameroon,CMR,57.111
1080,2015,Cameroon,CMR,57.582001
1081,1980,Canada,CAN,75.105003
1082,1981,Canada,CAN,75.403
1083,1982,Canada,CAN,75.682999
1084,1983,Canada,CAN,75.941002
1085,1984,Canada,CAN,76.175003
1086,1985,Canada,CAN,76.386002
1087,1986,Canada,CAN,76.578003
1088,1987,Canada,CAN,76.761002
1089,1988,Canada,CAN,76.940002
1090,1989,Canada,CAN,77.120003
1091,1990,Canada,CAN,77.299004
1092,1991,Canada,CAN,77.475998
1093,1992,Canada,CAN,77.649002
1094,1993,Canada,CAN,77.816002
1095,1994,Canada,CAN,77.981003
1096,1995,Canada,CAN,78.146004
1097,1996,Canada,CAN,78.318001
1098,1997,Canada,CAN,78.5
1099,1998,Canada,CAN,78.693001
1100,1999,Canada,CAN,78.898003
1101,2000,Canada,CAN,79.113998
1102,2001,Canada,CAN,79.337997
1103,2002,Canada,CAN,79.565002
1104,2003,Canada,CAN,79.791
1105,2004,Canada,CAN,80.013
1106,2005,Canada,CAN,80.232002
1107,2006,Canada,CAN,80.446999
1108,2007,Canada,CAN,80.658997
1109,2008,Canada,CAN,80.870003
1110,2009,Canada,CAN,81.079002
1111,2010,Canada,CAN,81.283997
1112,2011,Canada,CAN,81.482002
1113,2012,Canada,CAN,81.674004
1114,2013,Canada,CAN,81.858002
1115,2014,Canada,CAN,82.035004
1116,2015,Canada,CAN,82.206001
1117,1980,Cape Verde,CPV,61.708
1118,1981,Cape Verde,CPV,62.073002
1119,1982,Cape Verde,CPV,62.375999
1120,1983,Cape Verde,CPV,62.664001
1121,1984,Cape Verde,CPV,62.958
1122,1985,Cape Verde,CPV,63.268002
1123,1986,Cape Verde,CPV,63.591999
1124,1987,Cape Verde,CPV,63.917999
1125,1988,Cape Verde,CPV,64.237999
1126,1989,Cape Verde,CPV,64.556
1127,1990,Cape Verde,CPV,64.876999
1128,1991,Cape Verde,CPV,65.204002
1129,1992,Cape Verde,CPV,65.542999
1130,1993,Cape Verde,CPV,65.902
1131,1994,Cape Verde,CPV,66.288002
1132,1995,Cape Verde,CPV,66.720001
1133,1996,Cape Verde,CPV,67.221001
1134,1997,Cape Verde,CPV,67.792999
1135,1998,Cape Verde,CPV,68.420998
1136,1999,Cape Verde,CPV,69.085999
1137,2000,Cape Verde,CPV,69.747002
1138,2001,Cape Verde,CPV,70.358002
1139,2002,Cape Verde,CPV,70.882004
1140,2003,Cape Verde,CPV,71.292999
1141,2004,Cape Verde,CPV,71.584
1142,2005,Cape Verde,CPV,71.760002
1143,2006,Cape Verde,CPV,71.842003
1144,2007,Cape Verde,CPV,71.869003
1145,2008,Cape Verde,CPV,71.880997
1146,2009,Cape Verde,CPV,71.899002
1147,2010,Cape Verde,CPV,71.941002
1148,2011,Cape Verde,CPV,72.018997
1149,2012,Cape Verde,CPV,72.126999
1150,2013,Cape Verde,CPV,72.259003
1151,2014,Cape Verde,CPV,72.417999
1152,2015,Cape Verde,CPV,72.598999
1153,1980,Central African Republic,CAF,48.886002
1154,1981,Central African Republic,CAF,49.240002
1155,1982,Central African Republic,CAF,49.507
1156,1983,Central African Republic,CAF,49.694
1157,1984,Central African Republic,CAF,49.799
1158,1985,Central African Republic,CAF,49.823002
1159,1986,Central African Republic,CAF,49.761002
1160,1987,Central African Republic,CAF,49.618999
1161,1988,Central African Republic,CAF,49.402
1162,1989,Central African Republic,CAF,49.118
1163,1990,Central African Republic,CAF,48.766998
1164,1991,Central African Republic,CAF,48.349998
1165,1992,Central African Republic,CAF,47.873001
1166,1993,Central African Republic,CAF,47.352001
1167,1994,Central African Republic,CAF,46.806999
1168,1995,Central African Republic,CAF,46.251999
1169,1996,Central African Republic,CAF,45.700001
1170,1997,Central African Republic,CAF,45.166
1171,1998,Central African Republic,CAF,44.674999
1172,1999,Central African Republic,CAF,44.254002
1173,2000,Central African Republic,CAF,43.937
1174,2001,Central African Republic,CAF,43.755001
1175,2002,Central African Republic,CAF,43.717999
1176,2003,Central African Republic,CAF,43.827
1177,2004,Central African Republic,CAF,44.080002
1178,2005,Central African Republic,CAF,44.466
1179,2006,Central African Republic,CAF,44.966999
1180,2007,Central African Republic,CAF,45.551998
1181,2008,Central African Republic,CAF,46.189999
1182,2009,Central African Republic,CAF,46.862
1183,2010,Central African Republic,CAF,47.560001
1184,2011,Central African Republic,CAF,48.284
1185,2012,Central African Republic,CAF,49.041
1186,2013,Central African Republic,CAF,49.825001
1187,2014,Central African Republic,CAF,50.620998
1188,2015,Central African Republic,CAF,51.41
1189,1980,Chad,TCD,44.703999
1190,1981,Chad,TCD,44.986
1191,1982,Chad,TCD,45.269001
1192,1983,Chad,TCD,45.549999
1193,1984,Chad,TCD,45.824001
1194,1985,Chad,TCD,46.082001
1195,1986,Chad,TCD,46.314999
1196,1987,Chad,TCD,46.52
1197,1988,Chad,TCD,46.692001
1198,1989,Chad,TCD,46.834999
1199,1990,Chad,TCD,46.952
1200,1991,Chad,TCD,47.053001
1201,1992,Chad,TCD,47.147999
1202,1993,Chad,TCD,47.243
1203,1994,Chad,TCD,47.339001
1204,1995,Chad,TCD,47.431
1205,1996,Chad,TCD,47.505001
1206,1997,Chad,TCD,47.556
1207,1998,Chad,TCD,47.582001
1208,1999,Chad,TCD,47.59
1209,2000,Chad,TCD,47.592999
1210,2001,Chad,TCD,47.603001
1211,2002,Chad,TCD,47.638
1212,2003,Chad,TCD,47.716
1213,2004,Chad,TCD,47.848
1214,2005,Chad,TCD,48.054001
1215,2006,Chad,TCD,48.348999
1216,2007,Chad,TCD,48.729
1217,2008,Chad,TCD,49.181999
1218,2009,Chad,TCD,49.691002
1219,2010,Chad,TCD,50.233002
1220,2011,Chad,TCD,50.778
1221,2012,Chad,TCD,51.299999
1222,2013,Chad,TCD,51.778
1223,2014,Chad,TCD,52.203999
1224,2015,Chad,TCD,52.575001
1225,1980,Channel Islands,OWID_CIS,73.439003
1226,1981,Channel Islands,OWID_CIS,73.667999
1227,1982,Channel Islands,OWID_CIS,73.889999
1228,1983,Channel Islands,OWID_CIS,74.100998
1229,1984,Channel Islands,OWID_CIS,74.300003
1230,1985,Channel Islands,OWID_CIS,74.489998
1231,1986,Channel Islands,OWID_CIS,74.678001
1232,1987,Channel Islands,OWID_CIS,74.871002
1233,1988,Channel Islands,OWID_CIS,75.073997
1234,1989,Channel Islands,OWID_CIS,75.287003
1235,1990,Channel Islands,OWID_CIS,75.507004
1236,1991,Channel Islands,OWID_CIS,75.725998
1237,1992,Channel Islands,OWID_CIS,75.940002
1238,1993,Channel Islands,OWID_CIS,76.142998
1239,1994,Channel Islands,OWID_CIS,76.337997
1240,1995,Channel Islands,OWID_CIS,76.528
1241,1996,Channel Islands,OWID_CIS,76.719002
1242,1997,Channel Islands,OWID_CIS,76.917999
1243,1998,Channel Islands,OWID_CIS,77.129997
1244,1999,Channel Islands,OWID_CIS,77.358002
1245,2000,Channel Islands,OWID_CIS,77.601997
1246,2001,Channel Islands,OWID_CIS,77.863998
1247,2002,Channel Islands,OWID_CIS,78.137001
1248,2003,Channel Islands,OWID_CIS,78.417
1249,2004,Channel Islands,OWID_CIS,78.698997
1250,2005,Channel Islands,OWID_CIS,78.974998
1251,2006,Channel Islands,OWID_CIS,79.240997
1252,2007,Channel Islands,OWID_CIS,79.492996
1253,2008,Channel Islands,OWID_CIS,79.728996
1254,2009,Channel Islands,OWID_CIS,79.946999
1255,2010,Channel Islands,OWID_CIS,80.144997
1256,2011,Channel Islands,OWID_CIS,80.325996
1257,2012,Channel Islands,OWID_CIS,80.494003
1258,2013,Channel Islands,OWID_CIS,80.653999
1259,2014,Channel Islands,OWID_CIS,80.806999
1260,2015,Channel Islands,OWID_CIS,80.958
1261,1980,Chile,CHL,69.073997
1262,1981,Chile,CHL,69.690002
1263,1982,Chile,CHL,70.264999
1264,1983,Chile,CHL,70.797997
1265,1984,Chile,CHL,71.288002
1266,1985,Chile,CHL,71.738998
1267,1986,Chile,CHL,72.156998
1268,1987,Chile,CHL,72.553001
1269,1988,Chile,CHL,72.935997
1270,1989,Chile,CHL,73.310997
1271,1990,Chile,CHL,73.68
1272,1991,Chile,CHL,74.042
1273,1992,Chile,CHL,74.393997
1274,1993,Chile,CHL,74.733002
1275,1994,Chile,CHL,75.058998
1276,1995,Chile,CHL,75.374001
1277,1996,Chile,CHL,75.678001
1278,1997,Chile,CHL,75.973999
1279,1998,Chile,CHL,76.259003
1280,1999,Chile,CHL,76.532997
1281,2000,Chile,CHL,76.792999
1282,2001,Chile,CHL,77.033997
1283,2002,Chile,CHL,77.254997
1284,2003,Chile,CHL,77.453003
1285,2004,Chile,CHL,77.632004
1286,2005,Chile,CHL,77.791
1287,2006,Chile,CHL,77.933998
1288,2007,Chile,CHL,78.066002
1289,2008,Chile,CHL,78.193001
1290,2009,Chile,CHL,78.32
1291,2010,Chile,CHL,78.454002
1292,2011,Chile,CHL,78.598999
1293,2012,Chile,CHL,78.758003
1294,2013,Chile,CHL,78.931
1295,2014,Chile,CHL,79.116997
1296,2015,Chile,CHL,79.315002
1297,1980,China,CHN,66.843002
1298,1981,China,CHN,67.255997
1299,1982,China,CHN,67.617996
1300,1983,China,CHN,67.932999
1301,1984,China,CHN,68.209999
1302,1985,China,CHN,68.450996
1303,1986,China,CHN,68.661003
1304,1987,China,CHN,68.842003
1305,1988,China,CHN,69.001999
1306,1989,China,CHN,69.150002
1307,1990,China,CHN,69.292999
1308,1991,China,CHN,69.436996
1309,1992,China,CHN,69.586998
1310,1993,China,CHN,69.75
1311,1994,China,CHN,69.934998
1312,1995,China,CHN,70.155998
1313,1996,China,CHN,70.427002
1314,1997,China,CHN,70.747002
1315,1998,China,CHN,71.114998
1316,1999,China,CHN,71.521004
1317,2000,China,CHN,71.955002
1318,2001,China,CHN,72.401001
1319,2002,China,CHN,72.839996
1320,2003,China,CHN,73.257004
1321,2004,China,CHN,73.641998
1322,2005,China,CHN,73.987
1323,2006,China,CHN,74.291
1324,2007,China,CHN,74.561996
1325,2008,China,CHN,74.807999
1326,2009,China,CHN,75.031998
1327,2010,China,CHN,75.236
1328,2011,China,CHN,75.425003
1329,2012,China,CHN,75.601997
1330,2013,China,CHN,75.768997
1331,2014,China,CHN,75.931999
1332,2015,China,CHN,76.092003
1333,1980,Colombia,COL,65.505997
1334,1981,Colombia,COL,66.049004
1335,1982,Colombia,COL,66.541
1336,1983,Colombia,COL,66.964996
1337,1984,Colombia,COL,67.315002
1338,1985,Colombia,COL,67.587997
1339,1986,Colombia,COL,67.789001
1340,1987,Colombia,COL,67.938004
1341,1988,Colombia,COL,68.059998
1342,1989,Colombia,COL,68.170998
1343,1990,Colombia,COL,68.292
1344,1991,Colombia,COL,68.443001
1345,1992,Colombia,COL,68.629997
1346,1993,Colombia,COL,68.857002
1347,1994,Colombia,COL,69.125
1348,1995,Colombia,COL,69.428001
1349,1996,Colombia,COL,69.755997
1350,1997,Colombia,COL,70.089996
1351,1998,Colombia,COL,70.416
1352,1999,Colombia,COL,70.726997
1353,2000,Colombia,COL,71.018997
1354,2001,Colombia,COL,71.292999
1355,2002,Colombia,COL,71.556
1356,2003,Colombia,COL,71.813004
1357,2004,Colombia,COL,72.061996
1358,2005,Colombia,COL,72.303001
1359,2006,Colombia,COL,72.531998
1360,2007,Colombia,COL,72.749001
1361,2008,Colombia,COL,72.952003
1362,2009,Colombia,COL,73.142998
1363,2010,Colombia,COL,73.324997
1364,2011,Colombia,COL,73.5
1365,2012,Colombia,COL,73.672997
1366,2013,Colombia,COL,73.847
1367,2014,Colombia,COL,74.022003
1368,2015,Colombia,COL,74.199997
1369,1980,Comoros,COM,50.615002
1370,1981,Comoros,COM,51.264999
1371,1982,Comoros,COM,51.924999
1372,1983,Comoros,COM,52.580002
1373,1984,Comoros,COM,53.221001
1374,1985,Comoros,COM,53.842999
1375,1986,Comoros,COM,54.445999
1376,1987,Comoros,COM,55.033001
1377,1988,Comoros,COM,55.605
1378,1989,Comoros,COM,56.153999
1379,1990,Comoros,COM,56.676998
1380,1991,Comoros,COM,57.167999
1381,1992,Comoros,COM,57.623001
1382,1993,Comoros,COM,58.037998
1383,1994,Comoros,COM,58.407001
1384,1995,Comoros,COM,58.722
1385,1996,Comoros,COM,58.972
1386,1997,Comoros,COM,59.16
1387,1998,Comoros,COM,59.293999
1388,1999,Comoros,COM,59.388
1389,2000,Comoros,COM,59.459999
1390,2001,Comoros,COM,59.528999
1391,2002,Comoros,COM,59.617001
1392,2003,Comoros,COM,59.737999
1393,2004,Comoros,COM,59.903999
1394,2005,Comoros,COM,60.125999
1395,2006,Comoros,COM,60.407001
1396,2007,Comoros,COM,60.734001
1397,2008,Comoros,COM,61.094002
1398,2009,Comoros,COM,61.474998
1399,2010,Comoros,COM,61.862
1400,2011,Comoros,COM,62.240002
1401,2012,Comoros,COM,62.596001
1402,2013,Comoros,COM,62.923
1403,2014,Comoros,COM,63.216
1404,2015,Comoros,COM,63.473
1405,1980,Congo,COG,56.143002
1406,1981,Congo,COG,56.372002
1407,1982,Congo,COG,56.570999
1408,1983,Congo,COG,56.729
1409,1984,Congo,COG,56.834999
1410,1985,Congo,COG,56.876999
1411,1986,Congo,COG,56.844002
1412,1987,Congo,COG,56.736
1413,1988,Congo,COG,56.553001
1414,1989,Congo,COG,56.294998
1415,1990,Congo,COG,55.953999
1416,1991,Congo,COG,55.521
1417,1992,Congo,COG,55.007999
1418,1993,Congo,COG,54.438
1419,1994,Congo,COG,53.841999
1420,1995,Congo,COG,53.247002
1421,1996,Congo,COG,52.676998
1422,1997,Congo,COG,52.164001
1423,1998,Congo,COG,51.748001
1424,1999,Congo,COG,51.473
1425,2000,Congo,COG,51.396999
1426,2001,Congo,COG,51.577
1427,2002,Congo,COG,52.016998
1428,2003,Congo,COG,52.702999
1429,2004,Congo,COG,53.608002
1430,2005,Congo,COG,54.687
1431,2006,Congo,COG,55.881001
1432,2007,Congo,COG,57.115002
1433,2008,Congo,COG,58.320999
1434,2009,Congo,COG,59.452
1435,2010,Congo,COG,60.473
1436,2011,Congo,COG,61.369999
1437,2012,Congo,COG,62.168999
1438,2013,Congo,COG,62.889999
1439,2014,Congo,COG,63.535999
1440,2015,Congo,COG,64.112
1441,1980,Costa Rica,CRI,72.044998
1442,1981,Costa Rica,CRI,72.610001
1443,1982,Costa Rica,CRI,73.135002
1444,1983,Costa Rica,CRI,73.612
1445,1984,Costa Rica,CRI,74.035004
1446,1985,Costa Rica,CRI,74.401001
1447,1986,Costa Rica,CRI,74.713997
1448,1987,Costa Rica,CRI,74.984001
1449,1988,Costa Rica,CRI,75.223
1450,1989,Costa Rica,CRI,75.438004
1451,1990,Costa Rica,CRI,75.638
1452,1991,Costa Rica,CRI,75.830002
1453,1992,Costa Rica,CRI,76.015999
1454,1993,Costa Rica,CRI,76.199997
1455,1994,Costa Rica,CRI,76.385002
1456,1995,Costa Rica,CRI,76.570999
1457,1996,Costa Rica,CRI,76.759003
1458,1997,Costa Rica,CRI,76.942001
1459,1998,Costa Rica,CRI,77.119003
1460,1999,Costa Rica,CRI,77.288002
1461,2000,Costa Rica,CRI,77.447998
1462,2001,Costa Rica,CRI,77.597
1463,2002,Costa Rica,CRI,77.736
1464,2003,Costa Rica,CRI,77.867996
1465,2004,Costa Rica,CRI,77.992996
1466,2005,Costa Rica,CRI,78.113998
1467,2006,Costa Rica,CRI,78.234001
1468,2007,Costa Rica,CRI,78.355003
1469,2008,Costa Rica,CRI,78.481003
1470,2009,Costa Rica,CRI,78.612999
1471,2010,Costa Rica,CRI,78.755997
1472,2011,Costa Rica,CRI,78.911003
1473,2012,Costa Rica,CRI,79.077003
1474,2013,Costa Rica,CRI,79.253998
1475,2014,Costa Rica,CRI,79.440002
1476,2015,Costa Rica,CRI,79.634003
1477,1980,Cote d'Ivoire,CIV,50.616001
1478,1981,Cote d'Ivoire,CIV,51.078999
1479,1982,Cote d'Ivoire,CIV,51.502998
1480,1983,Cote d'Ivoire,CIV,51.884998
1481,1984,Cote d'Ivoire,CIV,52.215
1482,1985,Cote d'Ivoire,CIV,52.484001
1483,1986,Cote d'Ivoire,CIV,52.676998
1484,1987,Cote d'Ivoire,CIV,52.785999
1485,1988,Cote d'Ivoire,CIV,52.798
1486,1989,Cote d'Ivoire,CIV,52.706001
1487,1990,Cote d'Ivoire,CIV,52.486
1488,1991,Cote d'Ivoire,CIV,52.117001
1489,1992,Cote d'Ivoire,CIV,51.605
1490,1993,Cote d'Ivoire,CIV,50.974998
1491,1994,Cote d'Ivoire,CIV,50.258999
1492,1995,Cote d'Ivoire,CIV,49.500999
1493,1996,Cote d'Ivoire,CIV,48.745998
1494,1997,Cote d'Ivoire,CIV,48.042999
1495,1998,Cote d'Ivoire,CIV,47.438
1496,1999,Cote d'Ivoire,CIV,46.969002
1497,2000,Cote d'Ivoire,CIV,46.672001
1498,2001,Cote d'Ivoire,CIV,46.567001
1499,2002,Cote d'Ivoire,CIV,46.637001
1500,2003,Cote d'Ivoire,CIV,46.855999
1501,2004,Cote d'Ivoire,CIV,47.205002
1502,2005,Cote d'Ivoire,CIV,47.658001
1503,2006,Cote d'Ivoire,CIV,48.182999
1504,2007,Cote d'Ivoire,CIV,48.747002
1505,2008,Cote d'Ivoire,CIV,49.320999
1506,2009,Cote d'Ivoire,CIV,49.882999
1507,2010,Cote d'Ivoire,CIV,50.423
1508,2011,Cote d'Ivoire,CIV,50.945
1509,2012,Cote d'Ivoire,CIV,51.463001
1510,2013,Cote d'Ivoire,CIV,51.988998
1511,2014,Cote d'Ivoire,CIV,52.52
1512,2015,Cote d'Ivoire,CIV,53.053001
1513,1980,Croatia,HRV,70.234001
1514,1981,Croatia,HRV,70.384003
1515,1982,Croatia,HRV,70.558998
1516,1983,Croatia,HRV,70.760002
1517,1984,Croatia,HRV,70.985001
1518,1985,Croatia,HRV,71.225998
1519,1986,Croatia,HRV,71.468002
1520,1987,Croatia,HRV,71.699997
1521,1988,Croatia,HRV,71.916
1522,1989,Croatia,HRV,72.115997
1523,1990,Croatia,HRV,72.315002
1524,1991,Croatia,HRV,72.532997
1525,1992,Croatia,HRV,72.783997
1526,1993,Croatia,HRV,73.073997
1527,1994,Croatia,HRV,73.394997
1528,1995,Croatia,HRV,73.726997
1529,1996,Croatia,HRV,74.041
1530,1997,Croatia,HRV,74.311996
1531,1998,Croatia,HRV,74.526001
1532,1999,Croatia,HRV,74.682999
1533,2000,Croatia,HRV,74.795998
1534,2001,Croatia,HRV,74.887001
1535,2002,Croatia,HRV,74.985001
1536,2003,Croatia,HRV,75.112
1537,2004,Croatia,HRV,75.276001
1538,2005,Croatia,HRV,75.475998
1539,2006,Croatia,HRV,75.703003
1540,2007,Croatia,HRV,75.939003
1541,2008,Croatia,HRV,76.169998
1542,2009,Croatia,HRV,76.389
1543,2010,Croatia,HRV,76.594002
1544,2011,Croatia,HRV,76.783997
1545,2012,Croatia,HRV,76.963997
1546,2013,Croatia,HRV,77.138
1547,2014,Croatia,HRV,77.308998
1548,2015,Croatia,HRV,77.475998
1549,1980,Cuba,CUB,73.803001
1550,1981,Cuba,CUB,74.013
1551,1982,Cuba,CUB,74.183998
1552,1983,Cuba,CUB,74.322998
1553,1984,Cuba,CUB,74.434998
1554,1985,Cuba,CUB,74.518997
1555,1986,Cuba,CUB,74.573997
1556,1987,Cuba,CUB,74.601997
1557,1988,Cuba,CUB,74.613998
1558,1989,Cuba,CUB,74.622002
1559,1990,Cuba,CUB,74.643997
1560,1991,Cuba,CUB,74.702003
1561,1992,Cuba,CUB,74.806999
1562,1993,Cuba,CUB,74.962997
1563,1994,Cuba,CUB,75.168999
1564,1995,Cuba,CUB,75.415001
1565,1996,Cuba,CUB,75.682999
1566,1997,Cuba,CUB,75.949997
1567,1998,Cuba,CUB,76.203003
1568,1999,Cuba,CUB,76.436996
1569,2000,Cuba,CUB,76.657997
1570,2001,Cuba,CUB,76.879997
1571,2002,Cuba,CUB,77.119003
1572,2003,Cuba,CUB,77.380997
1573,2004,Cuba,CUB,77.663002
1574,2005,Cuba,CUB,77.949997
1575,2006,Cuba,CUB,78.224998
1576,2007,Cuba,CUB,78.469002
1577,2008,Cuba,CUB,78.671997
1578,2009,Cuba,CUB,78.833
1579,2010,Cuba,CUB,78.959
1580,2011,Cuba,CUB,79.064003
1581,2012,Cuba,CUB,79.167
1582,2013,Cuba,CUB,79.281998
1583,2014,Cuba,CUB,79.415001
1584,2015,Cuba,CUB,79.57
1585,1980,Curacao,CUW,73.021004
1586,1981,Curacao,CUW,73.310997
1587,1982,Curacao,CUW,73.567001
1588,1983,Curacao,CUW,73.793999
1589,1984,Curacao,CUW,73.990997
1590,1985,Curacao,CUW,74.158997
1591,1986,Curacao,CUW,74.292999
1592,1987,Curacao,CUW,74.396004
1593,1988,Curacao,CUW,74.470001
1594,1989,Curacao,CUW,74.518997
1595,1990,Curacao,CUW,74.546997
1596,1991,Curacao,CUW,74.557999
1597,1992,Curacao,CUW,74.555
1598,1993,Curacao,CUW,74.546997
1599,1994,Curacao,CUW,74.540001
1600,1995,Curacao,CUW,74.537003
1601,1996,Curacao,CUW,74.542999
1602,1997,Curacao,CUW,74.558998
1603,1998,Curacao,CUW,74.586998
1604,1999,Curacao,CUW,74.633003
1605,2000,Curacao,CUW,74.702003
1606,2001,Curacao,CUW,74.796997
1607,2002,Curacao,CUW,74.919998
1608,2003,Curacao,CUW,75.07
1609,2004,Curacao,CUW,75.25
1610,2005,Curacao,CUW,75.461998
1611,2006,Curacao,CUW,75.711998
1612,2007,Curacao,CUW,75.996002
1613,2008,Curacao,CUW,76.306
1614,2009,Curacao,CUW,76.633003
1615,2010,Curacao,CUW,76.963997
1616,2011,Curacao,CUW,77.281998
1617,2012,Curacao,CUW,77.575996
1618,2013,Curacao,CUW,77.839996
1619,2014,Curacao,CUW,78.069
1620,2015,Curacao,CUW,78.264
1621,1980,Cyprus,CYP,74.790001
1622,1981,Cyprus,CYP,74.984001
1623,1982,Cyprus,CYP,75.174004
1624,1983,Cyprus,CYP,75.359001
1625,1984,Cyprus,CYP,75.541
1626,1985,Cyprus,CYP,75.718002
1627,1986,Cyprus,CYP,75.891998
1628,1987,Cyprus,CYP,76.063004
1629,1988,Cyprus,CYP,76.230003
1630,1989,Cyprus,CYP,76.392998
1631,1990,Cyprus,CYP,76.554001
1632,1991,Cyprus,CYP,76.710999
1633,1992,Cyprus,CYP,76.864998
1634,1993,Cyprus,CYP,77.016998
1635,1994,Cyprus,CYP,77.166
1636,1995,Cyprus,CYP,77.311996
1637,1996,Cyprus,CYP,77.456001
1638,1997,Cyprus,CYP,77.598
1639,1998,Cyprus,CYP,77.737999
1640,1999,Cyprus,CYP,77.875999
1641,2000,Cyprus,CYP,78.010002
1642,2001,Cyprus,CYP,78.139999
1643,2002,Cyprus,CYP,78.264
1644,2003,Cyprus,CYP,78.386002
1645,2004,Cyprus,CYP,78.505997
1646,2005,Cyprus,CYP,78.630997
1647,2006,Cyprus,CYP,78.764
1648,2007,Cyprus,CYP,78.911003
1649,2008,Cyprus,CYP,79.070999
1650,2009,Cyprus,CYP,79.245003
1651,2010,Cyprus,CYP,79.43
1652,2011,Cyprus,CYP,79.620003
1653,2012,Cyprus,CYP,79.809998
1654,2013,Cyprus,CYP,79.995003
1655,2014,Cyprus,CYP,80.172997
1656,2015,Cyprus,CYP,80.344002
1657,1980,Czech Republic,CZE,70.699997
1658,1981,Czech Republic,CZE,70.737
1659,1982,Czech Republic,CZE,70.781998
1660,1983,Czech Republic,CZE,70.846001
1661,1984,Czech Republic,CZE,70.934998
1662,1985,Czech Republic,CZE,71.049004
1663,1986,Czech Republic,CZE,71.184998
1664,1987,Czech Republic,CZE,71.338997
1665,1988,Czech Republic,CZE,71.507004
1666,1989,Czech Republic,CZE,71.690002
1667,1990,Czech Republic,CZE,71.892998
1668,1991,Czech Republic,CZE,72.125
1669,1992,Czech Republic,CZE,72.388
1670,1993,Czech Republic,CZE,72.681999
1671,1994,Czech Republic,CZE,73.001999
1672,1995,Czech Republic,CZE,73.337997
1673,1996,Czech Republic,CZE,73.678001
1674,1997,Czech Republic,CZE,74.010002
1675,1998,Czech Republic,CZE,74.324997
1676,1999,Czech Republic,CZE,74.622002
1677,2000,Czech Republic,CZE,74.901001
1678,2001,Czech Republic,CZE,75.168999
1679,2002,Czech Republic,CZE,75.434998
1680,2003,Czech Republic,CZE,75.708
1681,2004,Czech Republic,CZE,75.987
1682,2005,Czech Republic,CZE,76.271004
1683,2006,Czech Republic,CZE,76.558998
1684,2007,Czech Republic,CZE,76.843002
1685,2008,Czech Republic,CZE,77.117996
1686,2009,Czech Republic,CZE,77.380997
1687,2010,Czech Republic,CZE,77.626999
1688,2011,Czech Republic,CZE,77.851997
1689,2012,Czech Republic,CZE,78.058998
1690,2013,Czech Republic,CZE,78.247002
1691,2014,Czech Republic,CZE,78.419998
1692,2015,Czech Republic,CZE,78.580002
1693,1980,Democratic Republic of Congo,COD,46.362999
1694,1981,Democratic Republic of Congo,COD,46.651001
1695,1982,Democratic Republic of Congo,COD,46.937
1696,1983,Democratic Republic of Congo,COD,47.208
1697,1984,Democratic Republic of Congo,COD,47.460999
1698,1985,Democratic Republic of Congo,COD,47.705002
1699,1986,Democratic Republic of Congo,COD,47.955002
1700,1987,Democratic Republic of Congo,COD,48.221001
1701,1988,Democratic Republic of Congo,COD,48.501999
1702,1989,Democratic Republic of Congo,COD,48.786999
1703,1990,Democratic Republic of Congo,COD,49.042999
1704,1991,Democratic Republic of Congo,COD,49.224998
1705,1992,Democratic Republic of Congo,COD,49.311001
1706,1993,Democratic Republic of Congo,COD,49.301998
1707,1994,Democratic Republic of Congo,COD,49.220001
1708,1995,Democratic Republic of Congo,COD,49.111
1709,1996,Democratic Republic of Congo,COD,49.040001
1710,1997,Democratic Republic of Congo,COD,49.066002
1711,1998,Democratic Republic of Congo,COD,49.233002
1712,1999,Democratic Republic of Congo,COD,49.556999
1713,2000,Democratic Republic of Congo,COD,50.041
1714,2001,Democratic Republic of Congo,COD,50.667
1715,2002,Democratic Republic of Congo,COD,51.384998
1716,2003,Democratic Republic of Congo,COD,52.144001
1717,2004,Democratic Republic of Congo,COD,52.917
1718,2005,Democratic Republic of Congo,COD,53.674999
1719,2006,Democratic Republic of Congo,COD,54.401001
1720,2007,Democratic Republic of Congo,COD,55.091
1721,2008,Democratic Republic of Congo,COD,55.743
1722,2009,Democratic Republic of Congo,COD,56.349998
1723,2010,Democratic Republic of Congo,COD,56.907001
1724,2011,Democratic Republic of Congo,COD,57.417999
1725,2012,Democratic Republic of Congo,COD,57.894001
1726,2013,Democratic Republic of Congo,COD,58.347
1727,2014,Democratic Republic of Congo,COD,58.782001
1728,2015,Democratic Republic of Congo,COD,59.205002
1729,1980,Denmark,DNK,74.362999
1730,1981,Denmark,DNK,74.402
1731,1982,Denmark,DNK,74.439003
1732,1983,Denmark,DNK,74.476997
1733,1984,Denmark,DNK,74.521004
1734,1985,Denmark,DNK,74.572998
1735,1986,Denmark,DNK,74.632004
1736,1987,Denmark,DNK,74.697998
1737,1988,Denmark,DNK,74.769997
1738,1989,Denmark,DNK,74.849998
1739,1990,Denmark,DNK,74.941002
1740,1991,Denmark,DNK,75.044998
1741,1992,Denmark,DNK,75.166
1742,1993,Denmark,DNK,75.303001
1743,1994,Denmark,DNK,75.457001
1744,1995,Denmark,DNK,75.628998
1745,1996,Denmark,DNK,75.82
1746,1997,Denmark,DNK,76.026001
1747,1998,Denmark,DNK,76.245003
1748,1999,Denmark,DNK,76.474998
1749,2000,Denmark,DNK,76.711998
1750,2001,Denmark,DNK,76.953003
1751,2002,Denmark,DNK,77.195
1752,2003,Denmark,DNK,77.439003
1753,2004,Denmark,DNK,77.683998
1754,2005,Denmark,DNK,77.935997
1755,2006,Denmark,DNK,78.200996
1756,2007,Denmark,DNK,78.483002
1757,2008,Denmark,DNK,78.780998
1758,2009,Denmark,DNK,79.089996
1759,2010,Denmark,DNK,79.399002
1760,2011,Denmark,DNK,79.694
1761,2012,Denmark,DNK,79.964996
1762,2013,Denmark,DNK,80.205002
1763,2014,Denmark,DNK,80.412003
1764,2015,Denmark,DNK,80.586998
1765,1980,Djibouti,DJI,53.639
1766,1981,Djibouti,DJI,54.049
1767,1982,Djibouti,DJI,54.451
1768,1983,Djibouti,DJI,54.827999
1769,1984,Djibouti,DJI,55.174
1770,1985,Djibouti,DJI,55.487999
1771,1986,Djibouti,DJI,55.771999
1772,1987,Djibouti,DJI,56.032001
1773,1988,Djibouti,DJI,56.271
1774,1989,Djibouti,DJI,56.487999
1775,1990,Djibouti,DJI,56.678001
1776,1991,Djibouti,DJI,56.831001
1777,1992,Djibouti,DJI,56.943001
1778,1993,Djibouti,DJI,57.016998
1779,1994,Djibouti,DJI,57.056
1780,1995,Djibouti,DJI,57.064999
1781,1996,Djibouti,DJI,57.049999
1782,1997,Djibouti,DJI,57.021999
1783,1998,Djibouti,DJI,56.998001
1784,1999,Djibouti,DJI,56.992001
1785,2000,Djibouti,DJI,57.021
1786,2001,Djibouti,DJI,57.099998
1787,2002,Djibouti,DJI,57.233002
1788,2003,Djibouti,DJI,57.424
1789,2004,Djibouti,DJI,57.676998
1790,2005,Djibouti,DJI,57.999001
1791,2006,Djibouti,DJI,58.393002
1792,2007,Djibouti,DJI,58.848
1793,2008,Djibouti,DJI,59.345001
1794,2009,Djibouti,DJI,59.865002
1795,2010,Djibouti,DJI,60.382999
1796,2011,Djibouti,DJI,60.869999
1797,2012,Djibouti,DJI,61.310001
1798,2013,Djibouti,DJI,61.691002
1799,2014,Djibouti,DJI,62.006001
1800,2015,Djibouti,DJI,62.259998
1801,1980,Dominican Republic,DOM,62.977001
1802,1981,Dominican Republic,DOM,63.380001
1803,1982,Dominican Republic,DOM,63.803001
1804,1983,Dominican Republic,DOM,64.247002
1805,1984,Dominican Republic,DOM,64.713997
1806,1985,Dominican Republic,DOM,65.207001
1807,1986,Dominican Republic,DOM,65.727997
1808,1987,Dominican Republic,DOM,66.266998
1809,1988,Dominican Republic,DOM,66.811996
1810,1989,Dominican Republic,DOM,67.351997
1811,1990,Dominican Republic,DOM,67.865997
1812,1991,Dominican Republic,DOM,68.334999
1813,1992,Dominican Republic,DOM,68.749001
1814,1993,Dominican Republic,DOM,69.102997
1815,1994,Dominican Republic,DOM,69.397003
1816,1995,Dominican Republic,DOM,69.637001
1817,1996,Dominican Republic,DOM,69.836998
1818,1997,Dominican Republic,DOM,70.016998
1819,1998,Dominican Republic,DOM,70.193001
1820,1999,Dominican Republic,DOM,70.374001
1821,2000,Dominican Republic,DOM,70.568001
1822,2001,Dominican Republic,DOM,70.775002
1823,2002,Dominican Republic,DOM,70.989998
1824,2003,Dominican Republic,DOM,71.207001
1825,2004,Dominican Republic,DOM,71.425003
1826,2005,Dominican Republic,DOM,71.643997
1827,2006,Dominican Republic,DOM,71.862
1828,2007,Dominican Republic,DOM,72.078003
1829,2008,Dominican Republic,DOM,72.290001
1830,2009,Dominican Republic,DOM,72.498001
1831,2010,Dominican Republic,DOM,72.702003
1832,2011,Dominican Republic,DOM,72.901001
1833,2012,Dominican Republic,DOM,73.098
1834,2013,Dominican Republic,DOM,73.292
1835,2014,Dominican Republic,DOM,73.483002
1836,2015,Dominican Republic,DOM,73.672997
1837,1980,Ecuador,ECU,63.095001
1838,1981,Ecuador,ECU,63.686001
1839,1982,Ecuador,ECU,64.286003
1840,1983,Ecuador,ECU,64.896004
1841,1984,Ecuador,ECU,65.511002
1842,1985,Ecuador,ECU,66.125999
1843,1986,Ecuador,ECU,66.735001
1844,1987,Ecuador,ECU,67.332001
1845,1988,Ecuador,ECU,67.910004
1846,1989,Ecuador,ECU,68.463997
1847,1990,Ecuador,ECU,68.989998
1848,1991,Ecuador,ECU,69.487
1849,1992,Ecuador,ECU,69.956001
1850,1993,Ecuador,ECU,70.400002
1851,1994,Ecuador,ECU,70.82
1852,1995,Ecuador,ECU,71.217003
1853,1996,Ecuador,ECU,71.594002
1854,1997,Ecuador,ECU,71.953003
1855,1998,Ecuador,ECU,72.296997
1856,1999,Ecuador,ECU,72.624001
1857,2000,Ecuador,ECU,72.932999
1858,2001,Ecuador,ECU,73.220001
1859,2002,Ecuador,ECU,73.482002
1860,2003,Ecuador,ECU,73.720001
1861,2004,Ecuador,ECU,73.936996
1862,2005,Ecuador,ECU,74.136002
1863,2006,Ecuador,ECU,74.321999
1864,2007,Ecuador,ECU,74.500999
1865,2008,Ecuador,ECU,74.678001
1866,2009,Ecuador,ECU,74.859001
1867,2010,Ecuador,ECU,75.045998
1868,2011,Ecuador,ECU,75.244003
1869,2012,Ecuador,ECU,75.448997
1870,2013,Ecuador,ECU,75.661003
1871,2014,Ecuador,ECU,75.878998
1872,2015,Ecuador,ECU,76.101997
1873,1980,Egypt,EGY,58.338001
1874,1981,Egypt,EGY,59.000999
1875,1982,Egypt,EGY,59.676998
1876,1983,Egypt,EGY,60.377998
1877,1984,Egypt,EGY,61.097
1878,1985,Egypt,EGY,61.812
1879,1986,Egypt,EGY,62.493999
1880,1987,Egypt,EGY,63.117001
1881,1988,Egypt,EGY,63.668999
1882,1989,Egypt,EGY,64.151001
1883,1990,Egypt,EGY,64.580002
1884,1991,Egypt,EGY,64.987
1885,1992,Egypt,EGY,65.401001
1886,1993,Egypt,EGY,65.839996
1887,1994,Egypt,EGY,66.307999
1888,1995,Egypt,EGY,66.789001
1889,1996,Egypt,EGY,67.259003
1890,1997,Egypt,EGY,67.690002
1891,1998,Egypt,EGY,68.060997
1892,1999,Egypt,EGY,68.367996
1893,2000,Egypt,EGY,68.612999
1894,2001,Egypt,EGY,68.806999
1895,2002,Egypt,EGY,68.972
1896,2003,Egypt,EGY,69.126999
1897,2004,Egypt,EGY,69.281998
1898,2005,Egypt,EGY,69.444
1899,2006,Egypt,EGY,69.617996
1900,2007,Egypt,EGY,69.796997
1901,2008,Egypt,EGY,69.980003
1902,2009,Egypt,EGY,70.167
1903,2010,Egypt,EGY,70.357002
1904,2011,Egypt,EGY,70.550003
1905,2012,Egypt,EGY,70.741997
1906,2013,Egypt,EGY,70.932999
1907,2014,Egypt,EGY,71.120003
1908,2015,Egypt,EGY,71.304001
1909,1980,El Salvador,SLV,56.377998
1910,1981,El Salvador,SLV,56.641998
1911,1982,El Salvador,SLV,57.042
1912,1983,El Salvador,SLV,57.584999
1913,1984,El Salvador,SLV,58.266998
1914,1985,El Salvador,SLV,59.082001
1915,1986,El Salvador,SLV,60.011002
1916,1987,El Salvador,SLV,61.009998
1917,1988,El Salvador,SLV,62.032001
1918,1989,El Salvador,SLV,63.039001
1919,1990,El Salvador,SLV,63.990002
1920,1991,El Salvador,SLV,64.849998
1921,1992,El Salvador,SLV,65.609001
1922,1993,El Salvador,SLV,66.266998
1923,1994,El Salvador,SLV,66.818001
1924,1995,El Salvador,SLV,67.269997
1925,1996,El Salvador,SLV,67.639999
1926,1997,El Salvador,SLV,67.958
1927,1998,El Salvador,SLV,68.252998
1928,1999,El Salvador,SLV,68.541
1929,2000,El Salvador,SLV,68.834
1930,2001,El Salvador,SLV,69.135002
1931,2002,El Salvador,SLV,69.440002
1932,2003,El Salvador,SLV,69.742996
1933,2004,El Salvador,SLV,70.047997
1934,2005,El Salvador,SLV,70.357002
1935,2006,El Salvador,SLV,70.667999
1936,2007,El Salvador,SLV,70.980003
1937,2008,El Salvador,SLV,71.291
1938,2009,El Salvador,SLV,71.598999
1939,2010,El Salvador,SLV,71.902
1940,2011,El Salvador,SLV,72.195
1941,2012,El Salvador,SLV,72.478996
1942,2013,El Salvador,SLV,72.752998
1943,2014,El Salvador,SLV,73.014999
1944,2015,El Salvador,SLV,73.266998
1945,1980,Equatorial Guinea,GNQ,43.771999
1946,1981,Equatorial Guinea,GNQ,44.433998
1947,1982,Equatorial Guinea,GNQ,45.054001
1948,1983,Equatorial Guinea,GNQ,45.604
1949,1984,Equatorial Guinea,GNQ,46.074001
1950,1985,Equatorial Guinea,GNQ,46.469002
1951,1986,Equatorial Guinea,GNQ,46.810001
1952,1987,Equatorial Guinea,GNQ,47.134998
1953,1988,Equatorial Guinea,GNQ,47.473
1954,1989,Equatorial Guinea,GNQ,47.838001
1955,1990,Equatorial Guinea,GNQ,48.238998
1956,1991,Equatorial Guinea,GNQ,48.676998
1957,1992,Equatorial Guinea,GNQ,49.141998
1958,1993,Equatorial Guinea,GNQ,49.619999
1959,1994,Equatorial Guinea,GNQ,50.104
1960,1995,Equatorial Guinea,GNQ,50.588001
1961,1996,Equatorial Guinea,GNQ,51.062
1962,1997,Equatorial Guinea,GNQ,51.521
1963,1998,Equatorial Guinea,GNQ,51.959
1964,1999,Equatorial Guinea,GNQ,52.370998
1965,2000,Equatorial Guinea,GNQ,52.751999
1966,2001,Equatorial Guinea,GNQ,53.098999
1967,2002,Equatorial Guinea,GNQ,53.415001
1968,2003,Equatorial Guinea,GNQ,53.709
1969,2004,Equatorial Guinea,GNQ,53.987
1970,2005,Equatorial Guinea,GNQ,54.262001
1971,2006,Equatorial Guinea,GNQ,54.549999
1972,2007,Equatorial Guinea,GNQ,54.858002
1973,2008,Equatorial Guinea,GNQ,55.189999
1974,2009,Equatorial Guinea,GNQ,55.542999
1975,2010,Equatorial Guinea,GNQ,55.908001
1976,2011,Equatorial Guinea,GNQ,56.264999
1977,2012,Equatorial Guinea,GNQ,56.601002
1978,2013,Equatorial Guinea,GNQ,56.904999
1979,2014,Equatorial Guinea,GNQ,57.18
1980,2015,Equatorial Guinea,GNQ,57.433998
1981,1980,Eritrea,ERI,46.653999
1982,1981,Eritrea,ERI,46.926998
1983,1982,Eritrea,ERI,47.187
1984,1983,Eritrea,ERI,47.441002
1985,1984,Eritrea,ERI,47.695
1986,1985,Eritrea,ERI,47.956001
1987,1986,Eritrea,ERI,48.23
1988,1987,Eritrea,ERI,48.522999
1989,1988,Eritrea,ERI,48.841
1990,1989,Eritrea,ERI,49.193001
1991,1990,Eritrea,ERI,49.589001
1992,1991,Eritrea,ERI,50.040001
1993,1992,Eritrea,ERI,50.544998
1994,1993,Eritrea,ERI,51.098999
1995,1994,Eritrea,ERI,51.693001
1996,1995,Eritrea,ERI,52.311001
1997,1996,Eritrea,ERI,52.931999
1998,1997,Eritrea,ERI,53.539001
1999,1998,Eritrea,ERI,54.125999
2000,1999,Eritrea,ERI,54.693001
2001,2000,Eritrea,ERI,55.257999
2002,2001,Eritrea,ERI,55.847
2003,2002,Eritrea,ERI,56.483002
2004,2003,Eritrea,ERI,57.174
2005,2004,Eritrea,ERI,57.916
2006,2005,Eritrea,ERI,58.691002
2007,2006,Eritrea,ERI,59.472
2008,2007,Eritrea,ERI,60.23
2009,2008,Eritrea,ERI,60.939999
2010,2009,Eritrea,ERI,61.591
2011,2010,Eritrea,ERI,62.181
2012,2011,Eritrea,ERI,62.717999
2013,2012,Eritrea,ERI,63.220001
2014,2013,Eritrea,ERI,63.702999
2015,2014,Eritrea,ERI,64.174004
2016,2015,Eritrea,ERI,64.636002
2017,1980,Estonia,EST,69.237
2018,1981,Estonia,EST,69.273003
2019,1982,Estonia,EST,69.383003
2020,1983,Estonia,EST,69.552002
2021,1984,Estonia,EST,69.755997
2022,1985,Estonia,EST,69.945999
2023,1986,Estonia,EST,70.060997
2024,1987,Estonia,EST,70.065002
2025,1988,Estonia,EST,69.945
2026,1989,Estonia,EST,69.710999
2027,1990,Estonia,EST,69.402
2028,1991,Estonia,EST,69.072998
2029,1992,Estonia,EST,68.793999
2030,1993,Estonia,EST,68.616997
2031,1994,Estonia,EST,68.569
2032,1995,Estonia,EST,68.660004
2033,1996,Estonia,EST,68.883003
2034,1997,Estonia,EST,69.197998
2035,1998,Estonia,EST,69.569
2036,1999,Estonia,EST,69.978996
2037,2000,Estonia,EST,70.408997
2038,2001,Estonia,EST,70.845001
2039,2002,Estonia,EST,71.285004
2040,2003,Estonia,EST,71.727997
2041,2004,Estonia,EST,72.169998
2042,2005,Estonia,EST,72.622002
2043,2006,Estonia,EST,73.103996
2044,2007,Estonia,EST,73.626999
2045,2008,Estonia,EST,74.189003
2046,2009,Estonia,EST,74.778
2047,2010,Estonia,EST,75.366997
2048,2011,Estonia,EST,75.919998
2049,2012,Estonia,EST,76.410004
2050,2013,Estonia,EST,76.819
2051,2014,Estonia,EST,77.140999
2052,2015,Estonia,EST,77.383003
2053,1980,Ethiopia,ETH,43.745998
2054,1981,Ethiopia,ETH,43.674
2055,1982,Ethiopia,ETH,43.710999
2056,1983,Ethiopia,ETH,43.883999
2057,1984,Ethiopia,ETH,44.198002
2058,1985,Ethiopia,ETH,44.632999
2059,1986,Ethiopia,ETH,45.146
2060,1987,Ethiopia,ETH,45.681999
2061,1988,Ethiopia,ETH,46.194
2062,1989,Ethiopia,ETH,46.667999
2063,1990,Ethiopia,ETH,47.099998
2064,1991,Ethiopia,ETH,47.505001
2065,1992,Ethiopia,ETH,47.911999
2066,1993,Ethiopia,ETH,48.346001
2067,1994,Ethiopia,ETH,48.812
2068,1995,Ethiopia,ETH,49.305
2069,1996,Ethiopia,ETH,49.811001
2070,1997,Ethiopia,ETH,50.321999
2071,1998,Ethiopia,ETH,50.835999
2072,1999,Ethiopia,ETH,51.366001
2073,2000,Ethiopia,ETH,51.939999
2074,2001,Ethiopia,ETH,52.592999
2075,2002,Ethiopia,ETH,53.347
2076,2003,Ethiopia,ETH,54.209
2077,2004,Ethiopia,ETH,55.172001
2078,2005,Ethiopia,ETH,56.221001
2079,2006,Ethiopia,ETH,57.333
2080,2007,Ethiopia,ETH,58.466
2081,2008,Ethiopia,ETH,59.580002
2082,2009,Ethiopia,ETH,60.643002
2083,2010,Ethiopia,ETH,61.625
2084,2011,Ethiopia,ETH,62.500999
2085,2012,Ethiopia,ETH,63.275002
2086,2013,Ethiopia,ETH,63.952
2087,2014,Ethiopia,ETH,64.535004
2088,2015,Ethiopia,ETH,65.037003
2089,1980,Fiji,FJI,62.978001
2090,1981,Fiji,FJI,63.262001
2091,1982,Fiji,FJI,63.540001
2092,1983,Fiji,FJI,63.811001
2093,1984,Fiji,FJI,64.073997
2094,1985,Fiji,FJI,64.329002
2095,1986,Fiji,FJI,64.577003
2096,1987,Fiji,FJI,64.818001
2097,1988,Fiji,FJI,65.054001
2098,1989,Fiji,FJI,65.283997
2099,1990,Fiji,FJI,65.510002
2100,1991,Fiji,FJI,65.731003
2101,1992,Fiji,FJI,65.947998
2102,1993,Fiji,FJI,66.161003
2103,1994,Fiji,FJI,66.370003
2104,1995,Fiji,FJI,66.574997
2105,1996,Fiji,FJI,66.777
2106,1997,Fiji,FJI,66.975998
2107,1998,Fiji,FJI,67.171997
2108,1999,Fiji,FJI,67.364998
2109,2000,Fiji,FJI,67.553001
2110,2001,Fiji,FJI,67.734001
2111,2002,Fiji,FJI,67.910004
2112,2003,Fiji,FJI,68.079002
2113,2004,Fiji,FJI,68.242996
2114,2005,Fiji,FJI,68.404999
2115,2006,Fiji,FJI,68.569
2116,2007,Fiji,FJI,68.737
2117,2008,Fiji,FJI,68.908997
2118,2009,Fiji,FJI,69.086998
2119,2010,Fiji,FJI,69.266998
2120,2011,Fiji,FJI,69.447998
2121,2012,Fiji,FJI,69.625
2122,2013,Fiji,FJI,69.795998
2123,2014,Fiji,FJI,69.959999
2124,2015,Fiji,FJI,70.116997
2125,1980,Finland,FIN,73.622002
2126,1981,Finland,FIN,73.911003
2127,1982,Finland,FIN,74.151001
2128,1983,Finland,FIN,74.341003
2129,1984,Finland,FIN,74.487
2130,1985,Finland,FIN,74.599998
2131,1986,Finland,FIN,74.697998
2132,1987,Finland,FIN,74.799004
2133,1988,Finland,FIN,74.919998
2134,1989,Finland,FIN,75.07
2135,1990,Finland,FIN,75.253998
2136,1991,Finland,FIN,75.469002
2137,1992,Finland,FIN,75.705002
2138,1993,Finland,FIN,75.954002
2139,1994,Finland,FIN,76.209999
2140,1995,Finland,FIN,76.472
2141,1996,Finland,FIN,76.735001
2142,1997,Finland,FIN,76.999001
2143,1998,Finland,FIN,77.262001
2144,1999,Finland,FIN,77.523003
2145,2000,Finland,FIN,77.778999
2146,2001,Finland,FIN,78.028
2147,2002,Finland,FIN,78.272003
2148,2003,Finland,FIN,78.511002
2149,2004,Finland,FIN,78.746002
2150,2005,Finland,FIN,78.977997
2151,2006,Finland,FIN,79.209
2152,2007,Finland,FIN,79.441002
2153,2008,Finland,FIN,79.675003
2154,2009,Finland,FIN,79.907997
2155,2010,Finland,FIN,80.138
2156,2011,Finland,FIN,80.361
2157,2012,Finland,FIN,80.573997
2158,2013,Finland,FIN,80.776001
2159,2014,Finland,FIN,80.967003
2160,2015,Finland,FIN,81.148003
2161,1980,France,FRA,74.049004
2162,1981,France,FRA,74.278999
2163,1982,France,FRA,74.514
2164,1983,France,FRA,74.758003
2165,1984,France,FRA,75.010002
2166,1985,France,FRA,75.268997
2167,1986,France,FRA,75.533997
2168,1987,France,FRA,75.801003
2169,1988,France,FRA,76.066002
2170,1989,France,FRA,76.328003
2171,1990,France,FRA,76.584
2172,1991,France,FRA,76.831001
2173,1992,France,FRA,77.07
2174,1993,France,FRA,77.302002
2175,1994,France,FRA,77.527
2176,1995,France,FRA,77.747002
2177,1996,France,FRA,77.961998
2178,1997,France,FRA,78.175003
2179,1998,France,FRA,78.389999
2180,1999,France,FRA,78.609001
2181,2000,France,FRA,78.834999
2182,2001,France,FRA,79.072998
2183,2002,France,FRA,79.323997
2184,2003,France,FRA,79.585999
2185,2004,France,FRA,79.856003
2186,2005,France,FRA,80.129997
2187,2006,France,FRA,80.403
2188,2007,France,FRA,80.667999
2189,2008,France,FRA,80.921997
2190,2009,France,FRA,81.162003
2191,2010,France,FRA,81.387001
2192,2011,France,FRA,81.598
2193,2012,France,FRA,81.800003
2194,2013,France,FRA,81.996002
2195,2014,France,FRA,82.184998
2196,2015,France,FRA,82.369003
2197,1980,French Guiana,GUF,67.791
2198,1981,French Guiana,GUF,68.314003
2199,1982,French Guiana,GUF,68.837997
2200,1983,French Guiana,GUF,69.334999
2201,1984,French Guiana,GUF,69.791
2202,1985,French Guiana,GUF,70.203003
2203,1986,French Guiana,GUF,70.575996
2204,1987,French Guiana,GUF,70.926003
2205,1988,French Guiana,GUF,71.267998
2206,1989,French Guiana,GUF,71.605003
2207,1990,French Guiana,GUF,71.936996
2208,1991,French Guiana,GUF,72.263
2209,1992,French Guiana,GUF,72.579002
2210,1993,French Guiana,GUF,72.885002
2211,1994,French Guiana,GUF,73.184998
2212,1995,French Guiana,GUF,73.484001
2213,1996,French Guiana,GUF,73.789001
2214,1997,French Guiana,GUF,74.102997
2215,1998,French Guiana,GUF,74.431999
2216,1999,French Guiana,GUF,74.775002
2217,2000,French Guiana,GUF,75.136002
2218,2001,French Guiana,GUF,75.514999
2219,2002,French Guiana,GUF,75.905998
2220,2003,French Guiana,GUF,76.301003
2221,2004,French Guiana,GUF,76.695
2222,2005,French Guiana,GUF,77.079002
2223,2006,French Guiana,GUF,77.443001
2224,2007,French Guiana,GUF,77.782997
2225,2008,French Guiana,GUF,78.095001
2226,2009,French Guiana,GUF,78.377998
2227,2010,French Guiana,GUF,78.635002
2228,2011,French Guiana,GUF,78.871002
2229,2012,French Guiana,GUF,79.092003
2230,2013,French Guiana,GUF,79.307999
2231,2014,French Guiana,GUF,79.522003
2232,2015,French Guiana,GUF,79.737
2233,1980,French Polynesia,PYF,64.561996
2234,1981,French Polynesia,PYF,65.220001
2235,1982,French Polynesia,PYF,65.839996
2236,1983,French Polynesia,PYF,66.393997
2237,1984,French Polynesia,PYF,66.871002
2238,1985,French Polynesia,PYF,67.266998
2239,1986,French Polynesia,PYF,67.594002
2240,1987,French Polynesia,PYF,67.878998
2241,1988,French Polynesia,PYF,68.149002
2242,1989,French Polynesia,PYF,68.417999
2243,1990,French Polynesia,PYF,68.699997
2244,1991,French Polynesia,PYF,69.004997
2245,1992,French Polynesia,PYF,69.332001
2246,1993,French Polynesia,PYF,69.68
2247,1994,French Polynesia,PYF,70.046997
2248,1995,French Polynesia,PYF,70.43
2249,1996,French Polynesia,PYF,70.820999
2250,1997,French Polynesia,PYF,71.209
2251,1998,French Polynesia,PYF,71.586998
2252,1999,French Polynesia,PYF,71.955002
2253,2000,French Polynesia,PYF,72.313004
2254,2001,French Polynesia,PYF,72.668999
2255,2002,French Polynesia,PYF,73.028999
2256,2003,French Polynesia,PYF,73.396004
2257,2004,French Polynesia,PYF,73.765999
2258,2005,French Polynesia,PYF,74.132004
2259,2006,French Polynesia,PYF,74.486
2260,2007,French Polynesia,PYF,74.818001
2261,2008,French Polynesia,PYF,75.123001
2262,2009,French Polynesia,PYF,75.397003
2263,2010,French Polynesia,PYF,75.642998
2264,2011,French Polynesia,PYF,75.862
2265,2012,French Polynesia,PYF,76.065002
2266,2013,French Polynesia,PYF,76.257004
2267,2014,French Polynesia,PYF,76.444
2268,2015,French Polynesia,PYF,76.627998
2269,1980,Gabon,GAB,55.014
2270,1981,Gabon,GAB,55.863998
2271,1982,Gabon,GAB,56.722
2272,1983,Gabon,GAB,57.574001
2273,1984,Gabon,GAB,58.397999
2274,1985,Gabon,GAB,59.161999
2275,1986,Gabon,GAB,59.832001
2276,1987,Gabon,GAB,60.382
2277,1988,Gabon,GAB,60.798
2278,1989,Gabon,GAB,61.075001
2279,1990,Gabon,GAB,61.215
2280,1991,Gabon,GAB,61.23
2281,1992,Gabon,GAB,61.152
2282,1993,Gabon,GAB,61.012001
2283,1994,Gabon,GAB,60.832001
2284,1995,Gabon,GAB,60.618999
2285,1996,Gabon,GAB,60.372002
2286,1997,Gabon,GAB,60.095001
2287,1998,Gabon,GAB,59.804001
2288,1999,Gabon,GAB,59.527
2289,2000,Gabon,GAB,59.301998
2290,2001,Gabon,GAB,59.171001
2291,2002,Gabon,GAB,59.153999
2292,2003,Gabon,GAB,59.265999
2293,2004,Gabon,GAB,59.512001
2294,2005,Gabon,GAB,59.889999
2295,2006,Gabon,GAB,60.388
2296,2007,Gabon,GAB,60.969002
2297,2008,Gabon,GAB,61.597
2298,2009,Gabon,GAB,62.247002
2299,2010,Gabon,GAB,62.893002
2300,2011,Gabon,GAB,63.519001
2301,2012,Gabon,GAB,64.119003
2302,2013,Gabon,GAB,64.685997
2303,2014,Gabon,GAB,65.210999
2304,2015,Gabon,GAB,65.684998
2305,1980,Gambia,GMB,46.292999
2306,1981,Gambia,GMB,47.087002
2307,1982,Gambia,GMB,47.860001
2308,1983,Gambia,GMB,48.603001
2309,1984,Gambia,GMB,49.307999
2310,1985,Gambia,GMB,49.958
2311,1986,Gambia,GMB,50.536999
2312,1987,Gambia,GMB,51.042
2313,1988,Gambia,GMB,51.476002
2314,1989,Gambia,GMB,51.848999
2315,1990,Gambia,GMB,52.175999
2316,1991,Gambia,GMB,52.480999
2317,1992,Gambia,GMB,52.785999
2318,1993,Gambia,GMB,53.110001
2319,1994,Gambia,GMB,53.460999
2320,1995,Gambia,GMB,53.844002
2321,1996,Gambia,GMB,54.254002
2322,1997,Gambia,GMB,54.675999
2323,1998,Gambia,GMB,55.097
2324,1999,Gambia,GMB,55.513
2325,2000,Gambia,GMB,55.924
2326,2001,Gambia,GMB,56.328999
2327,2002,Gambia,GMB,56.731998
2328,2003,Gambia,GMB,57.132
2329,2004,Gambia,GMB,57.527
2330,2005,Gambia,GMB,57.914001
2331,2006,Gambia,GMB,58.289001
2332,2007,Gambia,GMB,58.647999
2333,2008,Gambia,GMB,58.991001
2334,2009,Gambia,GMB,59.316002
2335,2010,Gambia,GMB,59.622002
2336,2011,Gambia,GMB,59.910999
2337,2012,Gambia,GMB,60.187
2338,2013,Gambia,GMB,60.452
2339,2014,Gambia,GMB,60.707001
2340,2015,Gambia,GMB,60.953999
2341,1980,Georgia,GEO,69.699997
2342,1981,Georgia,GEO,69.725998
2343,1982,Georgia,GEO,69.767998
2344,1983,Georgia,GEO,69.844002
2345,1984,Georgia,GEO,69.954002
2346,1985,Georgia,GEO,70.083
2347,1986,Georgia,GEO,70.204002
2348,1987,Georgia,GEO,70.288002
2349,1988,Georgia,GEO,70.322998
2350,1989,Georgia,GEO,70.310997
2351,1990,Georgia,GEO,70.267998
2352,1991,Georgia,GEO,70.220001
2353,1992,Georgia,GEO,70.195999
2354,1993,Georgia,GEO,70.222
2355,1994,Georgia,GEO,70.306999
2356,1995,Georgia,GEO,70.461998
2357,1996,Georgia,GEO,70.686996
2358,1997,Georgia,GEO,70.966003
2359,1998,Georgia,GEO,71.274002
2360,1999,Georgia,GEO,71.596001
2361,2000,Georgia,GEO,71.906998
2362,2001,Georgia,GEO,72.181999
2363,2002,Georgia,GEO,72.407997
2364,2003,Georgia,GEO,72.574997
2365,2004,Georgia,GEO,72.681999
2366,2005,Georgia,GEO,72.730003
2367,2006,Georgia,GEO,72.730003
2368,2007,Georgia,GEO,72.704002
2369,2008,Georgia,GEO,72.672997
2370,2009,Georgia,GEO,72.650002
2371,2010,Georgia,GEO,72.649002
2372,2011,Georgia,GEO,72.68
2373,2012,Georgia,GEO,72.741997
2374,2013,Georgia,GEO,72.832001
2375,2014,Georgia,GEO,72.950996
2376,2015,Georgia,GEO,73.096001
2377,1980,Germany,DEU,72.959
2378,1981,Germany,DEU,73.235001
2379,1982,Germany,DEU,73.514999
2380,1983,Germany,DEU,73.795998
2381,1984,Germany,DEU,74.074997
2382,1985,Germany,DEU,74.347
2383,1986,Germany,DEU,74.605003
2384,1987,Germany,DEU,74.846001
2385,1988,Germany,DEU,75.071999
2386,1989,Germany,DEU,75.285004
2387,1990,Germany,DEU,75.488998
2388,1991,Germany,DEU,75.693001
2389,1992,Germany,DEU,75.903999
2390,1993,Germany,DEU,76.127998
2391,1994,Germany,DEU,76.367996
2392,1995,Germany,DEU,76.623001
2393,1996,Germany,DEU,76.890999
2394,1997,Germany,DEU,77.166
2395,1998,Germany,DEU,77.442001
2396,1999,Germany,DEU,77.714996
2397,2000,Germany,DEU,77.983002
2398,2001,Germany,DEU,78.246002
2399,2002,Germany,DEU,78.502998
2400,2003,Germany,DEU,78.752998
2401,2004,Germany,DEU,78.994003
2402,2005,Germany,DEU,79.223
2403,2006,Germany,DEU,79.433998
2404,2007,Germany,DEU,79.626999
2405,2008,Germany,DEU,79.803001
2406,2009,Germany,DEU,79.962997
2407,2010,Germany,DEU,80.112999
2408,2011,Germany,DEU,80.254997
2409,2012,Germany,DEU,80.396004
2410,2013,Germany,DEU,80.541
2411,2014,Germany,DEU,80.691002
2412,2015,Germany,DEU,80.848
2413,1980,Ghana,GHA,52.268002
2414,1981,Ghana,GHA,52.575001
2415,1982,Ghana,GHA,52.907001
2416,1983,Ghana,GHA,53.271999
2417,1984,Ghana,GHA,53.669998
2418,1985,Ghana,GHA,54.111
2419,1986,Ghana,GHA,54.605
2420,1987,Ghana,GHA,55.139999
2421,1988,Ghana,GHA,55.696999
2422,1989,Ghana,GHA,56.250999
2423,1990,Ghana,GHA,56.755001
2424,1991,Ghana,GHA,57.16
2425,1992,Ghana,GHA,57.438999
2426,1993,Ghana,GHA,57.583
2427,1994,Ghana,GHA,57.598
2428,1995,Ghana,GHA,57.507
2429,1996,Ghana,GHA,57.347
2430,1997,Ghana,GHA,57.171001
2431,1998,Ghana,GHA,57.032001
2432,1999,Ghana,GHA,56.962002
2433,2000,Ghana,GHA,56.993999
2434,2001,Ghana,GHA,57.146999
2435,2002,Ghana,GHA,57.41
2436,2003,Ghana,GHA,57.761002
2437,2004,Ghana,GHA,58.187
2438,2005,Ghana,GHA,58.666
2439,2006,Ghana,GHA,59.167
2440,2007,Ghana,GHA,59.662998
2441,2008,Ghana,GHA,60.127998
2442,2009,Ghana,GHA,60.549999
2443,2010,Ghana,GHA,60.924
2444,2011,Ghana,GHA,61.254002
2445,2012,Ghana,GHA,61.561001
2446,2013,Ghana,GHA,61.860001
2447,2014,Ghana,GHA,62.153999
2448,2015,Ghana,GHA,62.448002
2449,1980,Greece,GRC,73.677002
2450,1981,Greece,GRC,73.994003
2451,1982,Greece,GRC,74.297997
2452,1983,Greece,GRC,74.580002
2453,1984,Greece,GRC,74.839996
2454,1985,Greece,GRC,75.085999
2455,1986,Greece,GRC,75.337997
2456,1987,Greece,GRC,75.608002
2457,1988,Greece,GRC,75.903999
2458,1989,Greece,GRC,76.223
2459,1990,Greece,GRC,76.551003
2460,1991,Greece,GRC,76.869003
2461,1992,Greece,GRC,77.156998
2462,1993,Greece,GRC,77.403999
2463,1994,Greece,GRC,77.608002
2464,1995,Greece,GRC,77.776001
2465,1996,Greece,GRC,77.922997
2466,1997,Greece,GRC,78.066002
2467,1998,Greece,GRC,78.222
2468,1999,Greece,GRC,78.396004
2469,2000,Greece,GRC,78.587997
2470,2001,Greece,GRC,78.794998
2471,2002,Greece,GRC,79.005997
2472,2003,Greece,GRC,79.212997
2473,2004,Greece,GRC,79.412003
2474,2005,Greece,GRC,79.597
2475,2006,Greece,GRC,79.764999
2476,2007,Greece,GRC,79.917
2477,2008,Greece,GRC,80.056999
2478,2009,Greece,GRC,80.186996
2479,2010,Greece,GRC,80.311996
2480,2011,Greece,GRC,80.439003
2481,2012,Greece,GRC,80.571999
2482,2013,Greece,GRC,80.717003
2483,2014,Greece,GRC,80.874001
2484,2015,Greece,GRC,81.043999
2485,1980,Grenada,GRD,66.556999
2486,1981,Grenada,GRD,66.787003
2487,1982,Grenada,GRD,67.012001
2488,1983,Grenada,GRD,67.233002
2489,1984,Grenada,GRD,67.448997
2490,1985,Grenada,GRD,67.660004
2491,1986,Grenada,GRD,67.863998
2492,1987,Grenada,GRD,68.059998
2493,1988,Grenada,GRD,68.247002
2494,1989,Grenada,GRD,68.427002
2495,1990,Grenada,GRD,68.599998
2496,1991,Grenada,GRD,68.764999
2497,1992,Grenada,GRD,68.925003
2498,1993,Grenada,GRD,69.083
2499,1994,Grenada,GRD,69.240997
2500,1995,Grenada,GRD,69.402
2501,1996,Grenada,GRD,69.57
2502,1997,Grenada,GRD,69.748001
2503,1998,Grenada,GRD,69.933998
2504,1999,Grenada,GRD,70.130997
2505,2000,Grenada,GRD,70.336998
2506,2001,Grenada,GRD,70.551003
2507,2002,Grenada,GRD,70.769997
2508,2003,Grenada,GRD,70.990997
2509,2004,Grenada,GRD,71.212997
2510,2005,Grenada,GRD,71.438004
2511,2006,Grenada,GRD,71.667
2512,2007,Grenada,GRD,71.903
2513,2008,Grenada,GRD,72.141998
2514,2009,Grenada,GRD,72.383003
2515,2010,Grenada,GRD,72.617996
2516,2011,Grenada,GRD,72.839996
2517,2012,Grenada,GRD,73.043999
2518,2013,Grenada,GRD,73.226997
2519,2014,Grenada,GRD,73.388
2520,2015,Grenada,GRD,73.530998
2521,1980,Guadeloupe,GLP,69.747002
2522,1981,Guadeloupe,GLP,70.176003
2523,1982,Guadeloupe,GLP,70.597
2524,1983,Guadeloupe,GLP,71.009003
2525,1984,Guadeloupe,GLP,71.414001
2526,1985,Guadeloupe,GLP,71.810997
2527,1986,Guadeloupe,GLP,72.203003
2528,1987,Guadeloupe,GLP,72.586998
2529,1988,Guadeloupe,GLP,72.966003
2530,1989,Guadeloupe,GLP,73.338997
2531,1990,Guadeloupe,GLP,73.707001
2532,1991,Guadeloupe,GLP,74.07
2533,1992,Guadeloupe,GLP,74.427002
2534,1993,Guadeloupe,GLP,74.778999
2535,1994,Guadeloupe,GLP,75.125999
2536,1995,Guadeloupe,GLP,75.468002
2537,1996,Guadeloupe,GLP,75.806
2538,1997,Guadeloupe,GLP,76.139
2539,1998,Guadeloupe,GLP,76.467003
2540,1999,Guadeloupe,GLP,76.791
2541,2000,Guadeloupe,GLP,77.110001
2542,2001,Guadeloupe,GLP,77.424004
2543,2002,Guadeloupe,GLP,77.733002
2544,2003,Guadeloupe,GLP,78.038002
2545,2004,Guadeloupe,GLP,78.335999
2546,2005,Guadeloupe,GLP,78.626999
2547,2006,Guadeloupe,GLP,78.908997
2548,2007,Guadeloupe,GLP,79.182999
2549,2008,Guadeloupe,GLP,79.446999
2550,2009,Guadeloupe,GLP,79.703003
2551,2010,Guadeloupe,GLP,79.950996
2552,2011,Guadeloupe,GLP,80.193001
2553,2012,Guadeloupe,GLP,80.43
2554,2013,Guadeloupe,GLP,80.664001
2555,2014,Guadeloupe,GLP,80.894997
2556,2015,Guadeloupe,GLP,81.124001
2557,1980,Guam,GUM,69.262001
2558,1981,Guam,GUM,69.567001
2559,1982,Guam,GUM,69.863998
2560,1983,Guam,GUM,70.151001
2561,1984,Guam,GUM,70.431
2562,1985,Guam,GUM,70.700996
2563,1986,Guam,GUM,70.959999
2564,1987,Guam,GUM,71.209
2565,1988,Guam,GUM,71.449997
2566,1989,Guam,GUM,71.686996
2567,1990,Guam,GUM,71.925003
2568,1991,Guam,GUM,72.167
2569,1992,Guam,GUM,72.419998
2570,1993,Guam,GUM,72.684998
2571,1994,Guam,GUM,72.967003
2572,1995,Guam,GUM,73.266998
2573,1996,Guam,GUM,73.588997
2574,1997,Guam,GUM,73.93
2575,1998,Guam,GUM,74.282997
2576,1999,Guam,GUM,74.646004
2577,2000,Guam,GUM,75.010002
2578,2001,Guam,GUM,75.369003
2579,2002,Guam,GUM,75.714996
2580,2003,Guam,GUM,76.046997
2581,2004,Guam,GUM,76.362
2582,2005,Guam,GUM,76.663002
2583,2006,Guam,GUM,76.956001
2584,2007,Guam,GUM,77.249001
2585,2008,Guam,GUM,77.542999
2586,2009,Guam,GUM,77.839996
2587,2010,Guam,GUM,78.134003
2588,2011,Guam,GUM,78.418999
2589,2012,Guam,GUM,78.689003
2590,2013,Guam,GUM,78.938004
2591,2014,Guam,GUM,79.167999
2592,2015,Guam,GUM,79.378998
2593,1980,Guatemala,GTM,57.271999
2594,1981,Guatemala,GTM,57.719002
2595,1982,Guatemala,GTM,58.182999
2596,1983,Guatemala,GTM,58.660999
2597,1984,Guatemala,GTM,59.153999
2598,1985,Guatemala,GTM,59.660999
2599,1986,Guatemala,GTM,60.175999
2600,1987,Guatemala,GTM,60.694
2601,1988,Guatemala,GTM,61.214001
2602,1989,Guatemala,GTM,61.735001
2603,1990,Guatemala,GTM,62.261002
2604,1991,Guatemala,GTM,62.799
2605,1992,Guatemala,GTM,63.352001
2606,1993,Guatemala,GTM,63.921001
2607,1994,Guatemala,GTM,64.501999
2608,1995,Guatemala,GTM,65.089996
2609,1996,Guatemala,GTM,65.678001
2610,1997,Guatemala,GTM,66.257004
2611,1998,Guatemala,GTM,66.817001
2612,1999,Guatemala,GTM,67.350998
2613,2000,Guatemala,GTM,67.848999
2614,2001,Guatemala,GTM,68.304001
2615,2002,Guatemala,GTM,68.717003
2616,2003,Guatemala,GTM,69.092003
2617,2004,Guatemala,GTM,69.436996
2618,2005,Guatemala,GTM,69.763
2619,2006,Guatemala,GTM,70.084999
2620,2007,Guatemala,GTM,70.415001
2621,2008,Guatemala,GTM,70.760002
2622,2009,Guatemala,GTM,71.122002
2623,2010,Guatemala,GTM,71.494003
2624,2011,Guatemala,GTM,71.866997
2625,2012,Guatemala,GTM,72.226997
2626,2013,Guatemala,GTM,72.561996
2627,2014,Guatemala,GTM,72.869003
2628,2015,Guatemala,GTM,73.150002
2629,1980,Guinea,GIN,41.278999
2630,1981,Guinea,GIN,41.977001
2631,1982,Guinea,GIN,42.752998
2632,1983,Guinea,GIN,43.606998
2633,1984,Guinea,GIN,44.521999
2634,1985,Guinea,GIN,45.481998
2635,1986,Guinea,GIN,46.463001
2636,1987,Guinea,GIN,47.433998
2637,1988,Guinea,GIN,48.359001
2638,1989,Guinea,GIN,49.208
2639,1990,Guinea,GIN,49.949001
2640,1991,Guinea,GIN,50.556999
2641,1992,Guinea,GIN,51.032001
2642,1993,Guinea,GIN,51.381001
2643,1994,Guinea,GIN,51.610001
2644,1995,Guinea,GIN,51.716999
2645,1996,Guinea,GIN,51.701
2646,1997,Guinea,GIN,51.591999
2647,1998,Guinea,GIN,51.433998
2648,1999,Guinea,GIN,51.272999
2649,2000,Guinea,GIN,51.181
2650,2001,Guinea,GIN,51.229
2651,2002,Guinea,GIN,51.451
2652,2003,Guinea,GIN,51.859001
2653,2004,Guinea,GIN,52.444
2654,2005,Guinea,GIN,53.169998
2655,2006,Guinea,GIN,53.972
2656,2007,Guinea,GIN,54.775002
2657,2008,Guinea,GIN,55.521
2658,2009,Guinea,GIN,56.185001
2659,2010,Guinea,GIN,56.764999
2660,2011,Guinea,GIN,57.282001
2661,2012,Guinea,GIN,57.782001
2662,2013,Guinea,GIN,58.300999
2663,2014,Guinea,GIN,58.846001
2664,2015,Guinea,GIN,59.418999
2665,1980,Guinea-Bissau,GNB,45.569
2666,1981,Guinea-Bissau,GNB,45.979
2667,1982,Guinea-Bissau,GNB,46.368999
2668,1983,Guinea-Bissau,GNB,46.737
2669,1984,Guinea-Bissau,GNB,47.084
2670,1985,Guinea-Bissau,GNB,47.414001
2671,1986,Guinea-Bissau,GNB,47.734001
2672,1987,Guinea-Bissau,GNB,48.054001
2673,1988,Guinea-Bissau,GNB,48.381001
2674,1989,Guinea-Bissau,GNB,48.717999
2675,1990,Guinea-Bissau,GNB,49.070999
2676,1991,Guinea-Bissau,GNB,49.441002
2677,1992,Guinea-Bissau,GNB,49.825001
2678,1993,Guinea-Bissau,GNB,50.213001
2679,1994,Guinea-Bissau,GNB,50.598999
2680,1995,Guinea-Bissau,GNB,50.969002
2681,1996,Guinea-Bissau,GNB,51.306
2682,1997,Guinea-Bissau,GNB,51.604
2683,1998,Guinea-Bissau,GNB,51.860001
2684,1999,Guinea-Bissau,GNB,52.078999
2685,2000,Guinea-Bissau,GNB,52.27
2686,2001,Guinea-Bissau,GNB,52.450001
2687,2002,Guinea-Bissau,GNB,52.636002
2688,2003,Guinea-Bissau,GNB,52.845001
2689,2004,Guinea-Bissau,GNB,53.084
2690,2005,Guinea-Bissau,GNB,53.356998
2691,2006,Guinea-Bissau,GNB,53.662998
2692,2007,Guinea-Bissau,GNB,53.991001
2693,2008,Guinea-Bissau,GNB,54.333
2694,2009,Guinea-Bissau,GNB,54.687
2695,2010,Guinea-Bissau,GNB,55.049999
2696,2011,Guinea-Bissau,GNB,55.424
2697,2012,Guinea-Bissau,GNB,55.806999
2698,2013,Guinea-Bissau,GNB,56.200001
2699,2014,Guinea-Bissau,GNB,56.598
2700,2015,Guinea-Bissau,GNB,57.0
2701,1980,Guyana,GUY,62.498001
2702,1981,Guyana,GUY,62.564999
2703,1982,Guyana,GUY,62.625999
2704,1983,Guyana,GUY,62.683998
2705,1984,Guyana,GUY,62.741001
2706,1985,Guyana,GUY,62.800999
2707,1986,Guyana,GUY,62.868999
2708,1987,Guyana,GUY,62.950001
2709,1988,Guyana,GUY,63.046001
2710,1989,Guyana,GUY,63.159
2711,1990,Guyana,GUY,63.290001
2712,1991,Guyana,GUY,63.438
2713,1992,Guyana,GUY,63.599998
2714,1993,Guyana,GUY,63.77
2715,1994,Guyana,GUY,63.945999
2716,1995,Guyana,GUY,64.122002
2717,1996,Guyana,GUY,64.296997
2718,1997,Guyana,GUY,64.466003
2719,1998,Guyana,GUY,64.629997
2720,1999,Guyana,GUY,64.785004
2721,2000,Guyana,GUY,64.93
2722,2001,Guyana,GUY,65.065002
2723,2002,Guyana,GUY,65.192001
2724,2003,Guyana,GUY,65.313004
2725,2004,Guyana,GUY,65.428001
2726,2005,Guyana,GUY,65.538002
2727,2006,Guyana,GUY,65.641998
2728,2007,Guyana,GUY,65.740997
2729,2008,Guyana,GUY,65.835999
2730,2009,Guyana,GUY,65.929001
2731,2010,Guyana,GUY,66.022003
2732,2011,Guyana,GUY,66.116997
2733,2012,Guyana,GUY,66.216003
2734,2013,Guyana,GUY,66.318001
2735,2014,Guyana,GUY,66.425003
2736,2015,Guyana,GUY,66.536003
2737,1980,Haiti,HTI,50.852001
2738,1981,Haiti,HTI,51.181999
2739,1982,Haiti,HTI,51.527
2740,1983,Haiti,HTI,51.891998
2741,1984,Haiti,HTI,52.278999
2742,1985,Haiti,HTI,52.68
2743,1986,Haiti,HTI,53.088001
2744,1987,Haiti,HTI,53.492001
2745,1988,Haiti,HTI,53.881001
2746,1989,Haiti,HTI,54.252998
2747,1990,Haiti,HTI,54.609001
2748,1991,Haiti,HTI,54.953999
2749,1992,Haiti,HTI,55.296001
2750,1993,Haiti,HTI,55.639
2751,1994,Haiti,HTI,55.980999
2752,1995,Haiti,HTI,56.316002
2753,1996,Haiti,HTI,56.634998
2754,1997,Haiti,HTI,56.932999
2755,1998,Haiti,HTI,57.209
2756,1999,Haiti,HTI,57.466999
2757,2000,Haiti,HTI,57.716
2758,2001,Haiti,HTI,57.969002
2759,2002,Haiti,HTI,58.238998
2760,2003,Haiti,HTI,58.535
2761,2004,Haiti,HTI,58.860001
2762,2005,Haiti,HTI,59.219002
2763,2006,Haiti,HTI,59.610001
2764,2007,Haiti,HTI,60.022999
2765,2008,Haiti,HTI,60.448002
2766,2009,Haiti,HTI,60.875999
2767,2010,Haiti,HTI,61.296001
2768,2011,Haiti,HTI,61.699001
2769,2012,Haiti,HTI,62.077999
2770,2013,Haiti,HTI,62.431999
2771,2014,Haiti,HTI,62.757
2772,2015,Haiti,HTI,63.055
2773,1980,Honduras,HND,59.632
2774,1981,Honduras,HND,60.428001
2775,1982,Honduras,HND,61.236
2776,1983,Honduras,HND,62.050999
2777,1984,Honduras,HND,62.859001
2778,1985,Honduras,HND,63.643002
2779,1986,Honduras,HND,64.382004
2780,1987,Honduras,HND,65.063004
2781,1988,Honduras,HND,65.679001
2782,1989,Honduras,HND,66.230003
2783,1990,Honduras,HND,66.724998
2784,1991,Honduras,HND,67.18
2785,1992,Honduras,HND,67.615997
2786,1993,Honduras,HND,68.046997
2787,1994,Honduras,HND,68.475998
2788,1995,Honduras,HND,68.898003
2789,1996,Honduras,HND,69.301003
2790,1997,Honduras,HND,69.671997
2791,1998,Honduras,HND,70.000999
2792,1999,Honduras,HND,70.288002
2793,2000,Honduras,HND,70.537003
2794,2001,Honduras,HND,70.755997
2795,2002,Honduras,HND,70.957001
2796,2003,Honduras,HND,71.150002
2797,2004,Honduras,HND,71.341003
2798,2005,Honduras,HND,71.531998
2799,2006,Honduras,HND,71.723999
2800,2007,Honduras,HND,71.911003
2801,2008,Honduras,HND,72.093002
2802,2009,Honduras,HND,72.269997
2803,2010,Honduras,HND,72.445999
2804,2011,Honduras,HND,72.624001
2805,2012,Honduras,HND,72.805
2806,2013,Honduras,HND,72.989998
2807,2014,Honduras,HND,73.181
2808,2015,Honduras,HND,73.375999
2809,1980,Hong Kong,HKG,74.68
2810,1981,Hong Kong,HKG,75.042999
2811,1982,Hong Kong,HKG,75.400002
2812,1983,Hong Kong,HKG,75.737999
2813,1984,Hong Kong,HKG,76.053001
2814,1985,Hong Kong,HKG,76.338997
2815,1986,Hong Kong,HKG,76.592003
2816,1987,Hong Kong,HKG,76.820999
2817,1988,Hong Kong,HKG,77.033997
2818,1989,Hong Kong,HKG,77.239998
2819,1990,Hong Kong,HKG,77.454002
2820,1991,Hong Kong,HKG,77.691002
2821,1992,Hong Kong,HKG,77.961998
2822,1993,Hong Kong,HKG,78.268997
2823,1994,Hong Kong,HKG,78.611
2824,1995,Hong Kong,HKG,78.980003
2825,1996,Hong Kong,HKG,79.363998
2826,1997,Hong Kong,HKG,79.746002
2827,1998,Hong Kong,HKG,80.110001
2828,1999,Hong Kong,HKG,80.449997
2829,2000,Hong Kong,HKG,80.759003
2830,2001,Hong Kong,HKG,81.037003
2831,2002,Hong Kong,HKG,81.290001
2832,2003,Hong Kong,HKG,81.524002
2833,2004,Hong Kong,HKG,81.744003
2834,2005,Hong Kong,HKG,81.953003
2835,2006,Hong Kong,HKG,82.154999
2836,2007,Hong Kong,HKG,82.352997
2837,2008,Hong Kong,HKG,82.547997
2838,2009,Hong Kong,HKG,82.742996
2839,2010,Hong Kong,HKG,82.935997
2840,2011,Hong Kong,HKG,83.125
2841,2012,Hong Kong,HKG,83.306999
2842,2013,Hong Kong,HKG,83.480003
2843,2014,Hong Kong,HKG,83.643997
2844,2015,Hong Kong,HKG,83.801003
2845,1980,Hungary,HUN,69.321999
2846,1981,Hungary,HUN,69.240997
2847,1982,Hungary,HUN,69.182999
2848,1983,Hungary,HUN,69.160004
2849,1984,Hungary,HUN,69.172997
2850,1985,Hungary,HUN,69.211998
2851,1986,Hungary,HUN,69.258003
2852,1987,Hungary,HUN,69.294998
2853,1988,Hungary,HUN,69.315002
2854,1989,Hungary,HUN,69.32
2855,1990,Hungary,HUN,69.327003
2856,1991,Hungary,HUN,69.358002
2857,1992,Hungary,HUN,69.431999
2858,1993,Hungary,HUN,69.566002
2859,1994,Hungary,HUN,69.762001
2860,1995,Hungary,HUN,70.017998
2861,1996,Hungary,HUN,70.325996
2862,1997,Hungary,HUN,70.667
2863,1998,Hungary,HUN,71.021004
2864,1999,Hungary,HUN,71.375999
2865,2000,Hungary,HUN,71.719002
2866,2001,Hungary,HUN,72.040001
2867,2002,Hungary,HUN,72.339996
2868,2003,Hungary,HUN,72.620003
2869,2004,Hungary,HUN,72.883003
2870,2005,Hungary,HUN,73.138
2871,2006,Hungary,HUN,73.399002
2872,2007,Hungary,HUN,73.676003
2873,2008,Hungary,HUN,73.973
2874,2009,Hungary,HUN,74.288002
2875,2010,Hungary,HUN,74.609001
2876,2011,Hungary,HUN,74.917999
2877,2012,Hungary,HUN,75.199997
2878,2013,Hungary,HUN,75.444
2879,2014,Hungary,HUN,75.646004
2880,2015,Hungary,HUN,75.809998
2881,1980,Iceland,ISL,76.692001
2882,1981,Iceland,ISL,76.796997
2883,1982,Iceland,ISL,76.882004
2884,1983,Iceland,ISL,76.971001
2885,1984,Iceland,ISL,77.075996
2886,1985,Iceland,ISL,77.206001
2887,1986,Iceland,ISL,77.360001
2888,1987,Iceland,ISL,77.531998
2889,1988,Iceland,ISL,77.712997
2890,1989,Iceland,ISL,77.898003
2891,1990,Iceland,ISL,78.078003
2892,1991,Iceland,ISL,78.245003
2893,1992,Iceland,ISL,78.391998
2894,1993,Iceland,ISL,78.522003
2895,1994,Iceland,ISL,78.639999
2896,1995,Iceland,ISL,78.762001
2897,1996,Iceland,ISL,78.906998
2898,1997,Iceland,ISL,79.091003
2899,1998,Iceland,ISL,79.319
2900,1999,Iceland,ISL,79.586998
2901,2000,Iceland,ISL,79.882004
2902,2001,Iceland,ISL,80.182999
2903,2002,Iceland,ISL,80.466003
2904,2003,Iceland,ISL,80.716003
2905,2004,Iceland,ISL,80.927002
2906,2005,Iceland,ISL,81.098999
2907,2006,Iceland,ISL,81.240997
2908,2007,Iceland,ISL,81.370003
2909,2008,Iceland,ISL,81.500999
2910,2009,Iceland,ISL,81.638
2911,2010,Iceland,ISL,81.785004
2912,2011,Iceland,ISL,81.941002
2913,2012,Iceland,ISL,82.101997
2914,2013,Iceland,ISL,82.263
2915,2014,Iceland,ISL,82.425003
2916,2015,Iceland,ISL,82.586998
2917,1980,India,IND,53.841999
2918,1981,India,IND,54.294998
2919,1982,India,IND,54.710999
2920,1983,India,IND,55.098999
2921,1984,India,IND,55.467999
2922,1985,India,IND,55.830002
2923,1986,India,IND,56.201
2924,1987,India,IND,56.589001
2925,1988,India,IND,57.002998
2926,1989,India,IND,57.445
2927,1990,India,IND,57.915001
2928,1991,India,IND,58.409
2929,1992,India,IND,58.915001
2930,1993,India,IND,59.421001
2931,1994,India,IND,59.921001
2932,1995,India,IND,60.408001
2933,1996,India,IND,60.876999
2934,1997,India,IND,61.327
2935,1998,India,IND,61.761002
2936,1999,India,IND,62.179001
2937,2000,India,IND,62.582001
2938,2001,India,IND,62.977001
2939,2002,India,IND,63.368
2940,2003,India,IND,63.758999
2941,2004,India,IND,64.153999
2942,2005,India,IND,64.556
2943,2006,India,IND,64.966003
2944,2007,India,IND,65.383003
2945,2008,India,IND,65.802002
2946,2009,India,IND,66.219002
2947,2010,India,IND,66.625
2948,2011,India,IND,67.013
2949,2012,India,IND,67.376999
2950,2013,India,IND,67.713997
2951,2014,India,IND,68.021004
2952,2015,India,IND,68.302002
2953,1980,Indonesia,IDN,59.618
2954,1981,Indonesia,IDN,60.044998
2955,1982,Indonesia,IDN,60.451
2956,1983,Indonesia,IDN,60.835999
2957,1984,Indonesia,IDN,61.202999
2958,1985,Indonesia,IDN,61.555
2959,1986,Indonesia,IDN,61.898998
2960,1987,Indonesia,IDN,62.241001
2961,1988,Indonesia,IDN,62.583
2962,1989,Indonesia,IDN,62.929001
2963,1990,Indonesia,IDN,63.280998
2964,1991,Indonesia,IDN,63.638
2965,1992,Indonesia,IDN,63.998001
2966,1993,Indonesia,IDN,64.352997
2967,1994,Indonesia,IDN,64.700996
2968,1995,Indonesia,IDN,65.031998
2969,1996,Indonesia,IDN,65.338997
2970,1997,Indonesia,IDN,65.616997
2971,1998,Indonesia,IDN,65.865997
2972,1999,Indonesia,IDN,66.086998
2973,2000,Indonesia,IDN,66.285004
2974,2001,Indonesia,IDN,66.467003
2975,2002,Indonesia,IDN,66.642998
2976,2003,Indonesia,IDN,66.82
2977,2004,Indonesia,IDN,67.001999
2978,2005,Indonesia,IDN,67.191002
2979,2006,Indonesia,IDN,67.386002
2980,2007,Indonesia,IDN,67.581001
2981,2008,Indonesia,IDN,67.775002
2982,2009,Indonesia,IDN,67.963997
2983,2010,Indonesia,IDN,68.150002
2984,2011,Indonesia,IDN,68.331001
2985,2012,Indonesia,IDN,68.509003
2986,2013,Indonesia,IDN,68.683998
2987,2014,Indonesia,IDN,68.856003
2988,2015,Indonesia,IDN,69.025002
2989,1980,Iran,IRN,54.111
2990,1981,Iran,IRN,53.452
2991,1982,Iran,IRN,53.127998
2992,1983,Iran,IRN,53.292999
2993,1984,Iran,IRN,53.994999
2994,1985,Iran,IRN,55.213001
2995,1986,Iran,IRN,56.846001
2996,1987,Iran,IRN,58.682999
2997,1988,Iran,IRN,60.528
2998,1989,Iran,IRN,62.275002
2999,1990,Iran,IRN,63.827999
3000,1991,Iran,IRN,65.130997
3001,1992,Iran,IRN,66.209
3002,1993,Iran,IRN,67.094002
3003,1994,Iran,IRN,67.791
3004,1995,Iran,IRN,68.325996
3005,1996,Iran,IRN,68.740997
3006,1997,Iran,IRN,69.092003
3007,1998,Iran,IRN,69.428001
3008,1999,Iran,IRN,69.775002
3009,2000,Iran,IRN,70.143997
3010,2001,Iran,IRN,70.526001
3011,2002,Iran,IRN,70.899002
3012,2003,Iran,IRN,71.249001
3013,2004,Iran,IRN,71.582001
3014,2005,Iran,IRN,71.912003
3015,2006,Iran,IRN,72.259003
3016,2007,Iran,IRN,72.635002
3017,2008,Iran,IRN,73.043999
3018,2009,Iran,IRN,73.481003
3019,2010,Iran,IRN,73.931999
3020,2011,Iran,IRN,74.375
3021,2012,Iran,IRN,74.787003
3022,2013,Iran,IRN,75.153
3023,2014,Iran,IRN,75.466003
3024,2015,Iran,IRN,75.730003
3025,1980,Iraq,IRQ,60.126999
3026,1981,Iraq,IRQ,59.765999
3027,1982,Iraq,IRQ,59.646999
3028,1983,Iraq,IRQ,59.849998
3029,1984,Iraq,IRQ,60.393002
3030,1985,Iraq,IRQ,61.236
3031,1986,Iraq,IRQ,62.285
3032,1987,Iraq,IRQ,63.393002
3033,1988,Iraq,IRQ,64.435997
3034,1989,Iraq,IRQ,65.353996
3035,1990,Iraq,IRQ,66.117996
3036,1991,Iraq,IRQ,66.735001
3037,1992,Iraq,IRQ,67.255997
3038,1993,Iraq,IRQ,67.722
3039,1994,Iraq,IRQ,68.134003
3040,1995,Iraq,IRQ,68.488998
3041,1996,Iraq,IRQ,68.776001
3042,1997,Iraq,IRQ,68.987
3043,1998,Iraq,IRQ,69.122002
3044,1999,Iraq,IRQ,69.182999
3045,2000,Iraq,IRQ,69.168999
3046,2001,Iraq,IRQ,69.081001
3047,2002,Iraq,IRQ,68.931999
3048,2003,Iraq,IRQ,68.741997
3049,2004,Iraq,IRQ,68.537003
3050,2005,Iraq,IRQ,68.349998
3051,2006,Iraq,IRQ,68.217003
3052,2007,Iraq,IRQ,68.155998
3053,2008,Iraq,IRQ,68.177002
3054,2009,Iraq,IRQ,68.282997
3055,2010,Iraq,IRQ,68.464996
3056,2011,Iraq,IRQ,68.702003
3057,2012,Iraq,IRQ,68.962997
3058,2013,Iraq,IRQ,69.219002
3059,2014,Iraq,IRQ,69.458
3060,2015,Iraq,IRQ,69.671997
3061,1980,Ireland,IRL,72.567001
3062,1981,Ireland,IRL,72.802002
3063,1982,Ireland,IRL,73.036003
3064,1983,Ireland,IRL,73.264999
3065,1984,Ireland,IRL,73.487
3066,1985,Ireland,IRL,73.704002
3067,1986,Ireland,IRL,73.918999
3068,1987,Ireland,IRL,74.137001
3069,1988,Ireland,IRL,74.361
3070,1989,Ireland,IRL,74.586998
3071,1990,Ireland,IRL,74.806999
3072,1991,Ireland,IRL,75.011002
3073,1992,Ireland,IRL,75.192001
3074,1993,Ireland,IRL,75.351997
3075,1994,Ireland,IRL,75.496002
3076,1995,Ireland,IRL,75.639999
3077,1996,Ireland,IRL,75.800003
3078,1997,Ireland,IRL,75.994003
3079,1998,Ireland,IRL,76.232002
3080,1999,Ireland,IRL,76.516998
3081,2000,Ireland,IRL,76.848
3082,2001,Ireland,IRL,77.219002
3083,2002,Ireland,IRL,77.614998
3084,2003,Ireland,IRL,78.017998
3085,2004,Ireland,IRL,78.417
3086,2005,Ireland,IRL,78.801003
3087,2006,Ireland,IRL,79.162003
3088,2007,Ireland,IRL,79.498001
3089,2008,Ireland,IRL,79.806999
3090,2009,Ireland,IRL,80.087997
3091,2010,Ireland,IRL,80.339996
3092,2011,Ireland,IRL,80.564003
3093,2012,Ireland,IRL,80.766998
3094,2013,Ireland,IRL,80.956001
3095,2014,Ireland,IRL,81.134003
3096,2015,Ireland,IRL,81.306999
3097,1980,Israel,ISR,74.046997
3098,1981,Israel,ISR,74.274002
3099,1982,Israel,ISR,74.511002
3100,1983,Israel,ISR,74.755997
3101,1984,Israel,ISR,75.009003
3102,1985,Israel,ISR,75.268997
3103,1986,Israel,ISR,75.532997
3104,1987,Israel,ISR,75.799004
3105,1988,Israel,ISR,76.065002
3106,1989,Israel,ISR,76.327003
3107,1990,Israel,ISR,76.584
3108,1991,Israel,ISR,76.832001
3109,1992,Israel,ISR,77.072998
3110,1993,Israel,ISR,77.306
3111,1994,Israel,ISR,77.533997
3112,1995,Israel,ISR,77.758003
3113,1996,Israel,ISR,77.981003
3114,1997,Israel,ISR,78.206001
3115,1998,Israel,ISR,78.434998
3116,1999,Israel,ISR,78.670998
3117,2000,Israel,ISR,78.916
3118,2001,Israel,ISR,79.172997
3119,2002,Israel,ISR,79.440002
3120,2003,Israel,ISR,79.713997
3121,2004,Israel,ISR,79.991997
3122,2005,Israel,ISR,80.268997
3123,2006,Israel,ISR,80.538002
3124,2007,Israel,ISR,80.793999
3125,2008,Israel,ISR,81.033997
3126,2009,Israel,ISR,81.257004
3127,2010,Israel,ISR,81.461998
3128,2011,Israel,ISR,81.652
3129,2012,Israel,ISR,81.830002
3130,2013,Israel,ISR,82.001999
3131,2014,Israel,ISR,82.168999
3132,2015,Israel,ISR,82.334999
3133,1980,Italy,ITA,74.195999
3134,1981,Italy,ITA,74.471001
3135,1982,Italy,ITA,74.754997
3136,1983,Italy,ITA,75.046997
3137,1984,Italy,ITA,75.346001
3138,1985,Italy,ITA,75.643997
3139,1986,Italy,ITA,75.934998
3140,1987,Italy,ITA,76.210999
3141,1988,Italy,ITA,76.470001
3142,1989,Italy,ITA,76.710999
3143,1990,Italy,ITA,76.940002
3144,1991,Italy,ITA,77.160004
3145,1992,Italy,ITA,77.380997
3146,1993,Italy,ITA,77.610001
3147,1994,Italy,ITA,77.850998
3148,1995,Italy,ITA,78.106003
3149,1996,Italy,ITA,78.375999
3150,1997,Italy,ITA,78.660004
3151,1998,Italy,ITA,78.950996
3152,1999,Italy,ITA,79.247002
3153,2000,Italy,ITA,79.544998
3154,2001,Italy,ITA,79.841003
3155,2002,Italy,ITA,80.132004
3156,2003,Italy,ITA,80.414001
3157,2004,Italy,ITA,80.683998
3158,2005,Italy,ITA,80.936996
3159,2006,Italy,ITA,81.171997
3160,2007,Italy,ITA,81.387001
3161,2008,Italy,ITA,81.585999
3162,2009,Italy,ITA,81.771004
3163,2010,Italy,ITA,81.945
3164,2011,Italy,ITA,82.114998
3165,2012,Italy,ITA,82.282997
3166,2013,Italy,ITA,82.454002
3167,2014,Italy,ITA,82.629997
3168,2015,Italy,ITA,82.808998
3169,1980,Jamaica,JAM,71.509003
3170,1981,Jamaica,JAM,71.738998
3171,1982,Jamaica,JAM,71.919998
3172,1983,Jamaica,JAM,72.052002
3173,1984,Jamaica,JAM,72.135002
3174,1985,Jamaica,JAM,72.175003
3175,1986,Jamaica,JAM,72.179001
3176,1987,Jamaica,JAM,72.160004
3177,1988,Jamaica,JAM,72.128998
3178,1989,Jamaica,JAM,72.096001
3179,1990,Jamaica,JAM,72.065002
3180,1991,Jamaica,JAM,72.039001
3181,1992,Jamaica,JAM,72.014999
3182,1993,Jamaica,JAM,71.996002
3183,1994,Jamaica,JAM,71.986
3184,1995,Jamaica,JAM,71.989998
3185,1996,Jamaica,JAM,72.011002
3186,1997,Jamaica,JAM,72.052002
3187,1998,Jamaica,JAM,72.115997
3188,1999,Jamaica,JAM,72.205002
3189,2000,Jamaica,JAM,72.327003
3190,2001,Jamaica,JAM,72.487
3191,2002,Jamaica,JAM,72.682999
3192,2003,Jamaica,JAM,72.911003
3193,2004,Jamaica,JAM,73.167
3194,2005,Jamaica,JAM,73.445999
3195,2006,Jamaica,JAM,73.738998
3196,2007,Jamaica,JAM,74.038002
3197,2008,Jamaica,JAM,74.334
3198,2009,Jamaica,JAM,74.619003
3199,2010,Jamaica,JAM,74.883003
3200,2011,Jamaica,JAM,75.122002
3201,2012,Jamaica,JAM,75.334
3202,2013,Jamaica,JAM,75.523003
3203,2014,Jamaica,JAM,75.689003
3204,2015,Jamaica,JAM,75.835999
3205,1980,Japan,JPN,76.251999
3206,1981,Japan,JPN,76.578003
3207,1982,Japan,JPN,76.897003
3208,1983,Japan,JPN,77.212997
3209,1984,Japan,JPN,77.525002
3210,1985,Japan,JPN,77.827003
3211,1986,Japan,JPN,78.111
3212,1987,Japan,JPN,78.372002
3213,1988,Japan,JPN,78.605003
3214,1989,Japan,JPN,78.814003
3215,1990,Japan,JPN,79.003998
3216,1991,Japan,JPN,79.18
3217,1992,Japan,JPN,79.355003
3218,1993,Japan,JPN,79.536003
3219,1994,Japan,JPN,79.726997
3220,1995,Japan,JPN,79.934998
3221,1996,Japan,JPN,80.162003
3222,1997,Japan,JPN,80.403999
3223,1998,Japan,JPN,80.655998
3224,1999,Japan,JPN,80.914001
3225,2000,Japan,JPN,81.170998
3226,2001,Japan,JPN,81.422997
3227,2002,Japan,JPN,81.663002
3228,2003,Japan,JPN,81.886002
3229,2004,Japan,JPN,82.091003
3230,2005,Japan,JPN,82.275002
3231,2006,Japan,JPN,82.438004
3232,2007,Japan,JPN,82.585999
3233,2008,Japan,JPN,82.722
3234,2009,Japan,JPN,82.849998
3235,2010,Japan,JPN,82.973999
3236,2011,Japan,JPN,83.097
3237,2012,Japan,JPN,83.222
3238,2013,Japan,JPN,83.350998
3239,2014,Japan,JPN,83.484001
3240,2015,Japan,JPN,83.622002
3241,1980,Jordan,JOR,66.207001
3242,1981,Jordan,JOR,66.655998
3243,1982,Jordan,JOR,67.085999
3244,1983,Jordan,JOR,67.5
3245,1984,Jordan,JOR,67.899002
3246,1985,Jordan,JOR,68.282997
3247,1986,Jordan,JOR,68.649002
3248,1987,Jordan,JOR,68.991997
3249,1988,Jordan,JOR,69.310997
3250,1989,Jordan,JOR,69.603996
3251,1990,Jordan,JOR,69.872002
3252,1991,Jordan,JOR,70.112999
3253,1992,Jordan,JOR,70.331001
3254,1993,Jordan,JOR,70.528999
3255,1994,Jordan,JOR,70.711998
3256,1995,Jordan,JOR,70.885002
3257,1996,Jordan,JOR,71.053001
3258,1997,Jordan,JOR,71.219002
3259,1998,Jordan,JOR,71.386002
3260,1999,Jordan,JOR,71.556
3261,2000,Jordan,JOR,71.730003
3262,2001,Jordan,JOR,71.906998
3263,2002,Jordan,JOR,72.083
3264,2003,Jordan,JOR,72.255997
3265,2004,Jordan,JOR,72.427002
3266,2005,Jordan,JOR,72.594002
3267,2006,Jordan,JOR,72.760002
3268,2007,Jordan,JOR,72.924004
3269,2008,Jordan,JOR,73.086998
3270,2009,Jordan,JOR,73.25
3271,2010,Jordan,JOR,73.412003
3272,2011,Jordan,JOR,73.570999
3273,2012,Jordan,JOR,73.728996
3274,2013,Jordan,JOR,73.883003
3275,2014,Jordan,JOR,74.033997
3276,2015,Jordan,JOR,74.181999
3277,1980,Kazakhstan,KAZ,65.067001
3278,1981,Kazakhstan,KAZ,65.422997
3279,1982,Kazakhstan,KAZ,65.816002
3280,1983,Kazakhstan,KAZ,66.225998
3281,1984,Kazakhstan,KAZ,66.624001
3282,1985,Kazakhstan,KAZ,66.970001
3283,1986,Kazakhstan,KAZ,67.214996
3284,1987,Kazakhstan,KAZ,67.329002
3285,1988,Kazakhstan,KAZ,67.295998
3286,1989,Kazakhstan,KAZ,67.112
3287,1990,Kazakhstan,KAZ,66.775002
3288,1991,Kazakhstan,KAZ,66.294998
3289,1992,Kazakhstan,KAZ,65.717003
3290,1993,Kazakhstan,KAZ,65.096001
3291,1994,Kazakhstan,KAZ,64.481003
3292,1995,Kazakhstan,KAZ,63.936001
3293,1996,Kazakhstan,KAZ,63.52
3294,1997,Kazakhstan,KAZ,63.261002
3295,1998,Kazakhstan,KAZ,63.167999
3296,1999,Kazakhstan,KAZ,63.243999
3297,2000,Kazakhstan,KAZ,63.466
3298,2001,Kazakhstan,KAZ,63.789001
3299,2002,Kazakhstan,KAZ,64.155998
3300,2003,Kazakhstan,KAZ,64.524002
3301,2004,Kazakhstan,KAZ,64.875
3302,2005,Kazakhstan,KAZ,65.220001
3303,2006,Kazakhstan,KAZ,65.586998
3304,2007,Kazakhstan,KAZ,66.008003
3305,2008,Kazakhstan,KAZ,66.496002
3306,2009,Kazakhstan,KAZ,67.041
3307,2010,Kazakhstan,KAZ,67.612999
3308,2011,Kazakhstan,KAZ,68.169998
3309,2012,Kazakhstan,KAZ,68.676003
3310,2013,Kazakhstan,KAZ,69.101997
3311,2014,Kazakhstan,KAZ,69.439003
3312,2015,Kazakhstan,KAZ,69.692001
3313,1980,Kenya,KEN,57.757
3314,1981,Kenya,KEN,58.210999
3315,1982,Kenya,KEN,58.588001
3316,1983,Kenya,KEN,58.868999
3317,1984,Kenya,KEN,59.039001
3318,1985,Kenya,KEN,59.082001
3319,1986,Kenya,KEN,58.993999
3320,1987,Kenya,KEN,58.783001
3321,1988,Kenya,KEN,58.465
3322,1989,Kenya,KEN,58.049999
3323,1990,Kenya,KEN,57.535999
3324,1991,Kenya,KEN,56.917999
3325,1992,Kenya,KEN,56.212002
3326,1993,Kenya,KEN,55.449001
3327,1994,Kenya,KEN,54.668999
3328,1995,Kenya,KEN,53.910999
3329,1996,Kenya,KEN,53.205002
3330,1997,Kenya,KEN,52.589001
3331,1998,Kenya,KEN,52.105999
3332,1999,Kenya,KEN,51.805
3333,2000,Kenya,KEN,51.750999
3334,2001,Kenya,KEN,52.004002
3335,2002,Kenya,KEN,52.564999
3336,2003,Kenya,KEN,53.412998
3337,2004,Kenya,KEN,54.513
3338,2005,Kenya,KEN,55.819
3339,2006,Kenya,KEN,57.271
3340,2007,Kenya,KEN,58.784
3341,2008,Kenya,KEN,60.275002
3342,2009,Kenya,KEN,61.68
3343,2010,Kenya,KEN,62.936001
3344,2011,Kenya,KEN,64.008003
3345,2012,Kenya,KEN,64.906998
3346,2013,Kenya,KEN,65.651001
3347,2014,Kenya,KEN,66.241997
3348,2015,Kenya,KEN,66.695
3349,1980,Kiribati,KIR,56.926998
3350,1981,Kiribati,KIR,57.077
3351,1982,Kiribati,KIR,57.262001
3352,1983,Kiribati,KIR,57.490002
3353,1984,Kiribati,KIR,57.768002
3354,1985,Kiribati,KIR,58.101002
3355,1986,Kiribati,KIR,58.492001
3356,1987,Kiribati,KIR,58.926998
3357,1988,Kiribati,KIR,59.394001
3358,1989,Kiribati,KIR,59.880001
3359,1990,Kiribati,KIR,60.370998
3360,1991,Kiribati,KIR,60.854
3361,1992,Kiribati,KIR,61.318001
3362,1993,Kiribati,KIR,61.755001
3363,1994,Kiribati,KIR,62.158001
3364,1995,Kiribati,KIR,62.526001
3365,1996,Kiribati,KIR,62.862
3366,1997,Kiribati,KIR,63.174
3367,1998,Kiribati,KIR,63.469002
3368,1999,Kiribati,KIR,63.744999
3369,2000,Kiribati,KIR,64.000999
3370,2001,Kiribati,KIR,64.231003
3371,2002,Kiribati,KIR,64.43
3372,2003,Kiribati,KIR,64.598999
3373,2004,Kiribati,KIR,64.739998
3374,2005,Kiribati,KIR,64.859001
3375,2006,Kiribati,KIR,64.960999
3376,2007,Kiribati,KIR,65.054001
3377,2008,Kiribati,KIR,65.146004
3378,2009,Kiribati,KIR,65.244003
3379,2010,Kiribati,KIR,65.353996
3380,2011,Kiribati,KIR,65.481003
3381,2012,Kiribati,KIR,65.623001
3382,2013,Kiribati,KIR,65.779999
3383,2014,Kiribati,KIR,65.948997
3384,2015,Kiribati,KIR,66.129997
3385,1980,Kuwait,KWT,69.572998
3386,1981,Kuwait,KWT,69.877998
3387,1982,Kuwait,KWT,70.178001
3388,1983,Kuwait,KWT,70.470001
3389,1984,Kuwait,KWT,70.751999
3390,1985,Kuwait,KWT,71.021004
3391,1986,Kuwait,KWT,71.273003
3392,1987,Kuwait,KWT,71.504997
3393,1988,Kuwait,KWT,71.717003
3394,1989,Kuwait,KWT,71.907997
3395,1990,Kuwait,KWT,72.079002
3396,1991,Kuwait,KWT,72.232002
3397,1992,Kuwait,KWT,72.369003
3398,1993,Kuwait,KWT,72.496002
3399,1994,Kuwait,KWT,72.612999
3400,1995,Kuwait,KWT,72.722
3401,1996,Kuwait,KWT,72.823997
3402,1997,Kuwait,KWT,72.917
3403,1998,Kuwait,KWT,73.003998
3404,1999,Kuwait,KWT,73.084
3405,2000,Kuwait,KWT,73.160004
3406,2001,Kuwait,KWT,73.232002
3407,2002,Kuwait,KWT,73.300003
3408,2003,Kuwait,KWT,73.366997
3409,2004,Kuwait,KWT,73.433998
3410,2005,Kuwait,KWT,73.504997
3411,2006,Kuwait,KWT,73.584
3412,2007,Kuwait,KWT,73.669998
3413,2008,Kuwait,KWT,73.764
3414,2009,Kuwait,KWT,73.867996
3415,2010,Kuwait,KWT,73.978996
3416,2011,Kuwait,KWT,74.096001
3417,2012,Kuwait,KWT,74.217003
3418,2013,Kuwait,KWT,74.337997
3419,2014,Kuwait,KWT,74.458
3420,2015,Kuwait,KWT,74.577003
3421,1980,Kyrgyzstan,KGZ,63.152
3422,1981,Kyrgyzstan,KGZ,63.508999
3423,1982,Kyrgyzstan,KGZ,63.903
3424,1983,Kyrgyzstan,KGZ,64.321999
3425,1984,Kyrgyzstan,KGZ,64.75
3426,1985,Kyrgyzstan,KGZ,65.165001
3427,1986,Kyrgyzstan,KGZ,65.539001
3428,1987,Kyrgyzstan,KGZ,65.852997
3429,1988,Kyrgyzstan,KGZ,66.094002
3430,1989,Kyrgyzstan,KGZ,66.257004
3431,1990,Kyrgyzstan,KGZ,66.336998
3432,1991,Kyrgyzstan,KGZ,66.339996
3433,1992,Kyrgyzstan,KGZ,66.288002
3434,1993,Kyrgyzstan,KGZ,66.206001
3435,1994,Kyrgyzstan,KGZ,66.113998
3436,1995,Kyrgyzstan,KGZ,66.036003
3437,1996,Kyrgyzstan,KGZ,65.997002
3438,1997,Kyrgyzstan,KGZ,66.007004
3439,1998,Kyrgyzstan,KGZ,66.07
3440,1999,Kyrgyzstan,KGZ,66.184998
3441,2000,Kyrgyzstan,KGZ,66.337997
3442,2001,Kyrgyzstan,KGZ,66.502998
3443,2002,Kyrgyzstan,KGZ,66.656998
3444,2003,Kyrgyzstan,KGZ,66.792
3445,2004,Kyrgyzstan,KGZ,66.912003
3446,2005,Kyrgyzstan,KGZ,67.046997
3447,2006,Kyrgyzstan,KGZ,67.237999
3448,2007,Kyrgyzstan,KGZ,67.514
3449,2008,Kyrgyzstan,KGZ,67.887001
3450,2009,Kyrgyzstan,KGZ,68.346001
3451,2010,Kyrgyzstan,KGZ,68.860001
3452,2011,Kyrgyzstan,KGZ,69.380997
3453,2012,Kyrgyzstan,KGZ,69.861
3454,2013,Kyrgyzstan,KGZ,70.264999
3455,2014,Kyrgyzstan,KGZ,70.578003
3456,2015,Kyrgyzstan,KGZ,70.801003
3457,1980,Laos,LAO,49.060001
3458,1981,Laos,LAO,49.380001
3459,1982,Laos,LAO,49.740002
3460,1983,Laos,LAO,50.139999
3461,1984,Laos,LAO,50.580002
3462,1985,Laos,LAO,51.055
3463,1986,Laos,LAO,51.553001
3464,1987,Laos,LAO,52.063999
3465,1988,Laos,LAO,52.576
3466,1989,Laos,LAO,53.084999
3467,1990,Laos,LAO,53.589001
3468,1991,Laos,LAO,54.09
3469,1992,Laos,LAO,54.594002
3470,1993,Laos,LAO,55.105999
3471,1994,Laos,LAO,55.627998
3472,1995,Laos,LAO,56.158001
3473,1996,Laos,LAO,56.698002
3474,1997,Laos,LAO,57.245998
3475,1998,Laos,LAO,57.800999
3476,1999,Laos,LAO,58.359001
3477,2000,Laos,LAO,58.923
3478,2001,Laos,LAO,59.493999
3479,2002,Laos,LAO,60.07
3480,2003,Laos,LAO,60.647999
3481,2004,Laos,LAO,61.223999
3482,2005,Laos,LAO,61.792999
3483,2006,Laos,LAO,62.348
3484,2007,Laos,LAO,62.886002
3485,2008,Laos,LAO,63.402
3486,2009,Laos,LAO,63.893002
3487,2010,Laos,LAO,64.357002
3488,2011,Laos,LAO,64.794998
3489,2012,Laos,LAO,65.208
3490,2013,Laos,LAO,65.599998
3491,2014,Laos,LAO,65.974998
3492,2015,Laos,LAO,66.334999
3493,1980,Latvia,LVA,68.819
3494,1981,Latvia,LVA,68.926003
3495,1982,Latvia,LVA,69.125
3496,1983,Latvia,LVA,69.389
3497,1984,Latvia,LVA,69.686996
3498,1985,Latvia,LVA,69.946999
3499,1986,Latvia,LVA,70.089996
3500,1987,Latvia,LVA,70.07
3501,1988,Latvia,LVA,69.873001
3502,1989,Latvia,LVA,69.514999
3503,1990,Latvia,LVA,69.052002
3504,1991,Latvia,LVA,68.563004
3505,1992,Latvia,LVA,68.141998
3506,1993,Latvia,LVA,67.861
3507,1994,Latvia,LVA,67.751999
3508,1995,Latvia,LVA,67.828003
3509,1996,Latvia,LVA,68.075996
3510,1997,Latvia,LVA,68.436996
3511,1998,Latvia,LVA,68.855003
3512,1999,Latvia,LVA,69.296997
3513,2000,Latvia,LVA,69.725998
3514,2001,Latvia,LVA,70.108002
3515,2002,Latvia,LVA,70.434998
3516,2003,Latvia,LVA,70.709
3517,2004,Latvia,LVA,70.931999
3518,2005,Latvia,LVA,71.129997
3519,2006,Latvia,LVA,71.339996
3520,2007,Latvia,LVA,71.598
3521,2008,Latvia,LVA,71.920998
3522,2009,Latvia,LVA,72.306999
3523,2010,Latvia,LVA,72.737999
3524,2011,Latvia,LVA,73.177002
3525,2012,Latvia,LVA,73.586998
3526,2013,Latvia,LVA,73.936996
3527,2014,Latvia,LVA,74.218002
3528,2015,Latvia,LVA,74.431
3529,1980,Lebanon,LBN,67.955002
3530,1981,Lebanon,LBN,68.114998
3531,1982,Lebanon,LBN,68.287003
3532,1983,Lebanon,LBN,68.474998
3533,1984,Lebanon,LBN,68.681
3534,1985,Lebanon,LBN,68.903999
3535,1986,Lebanon,LBN,69.142998
3536,1987,Lebanon,LBN,69.393997
3537,1988,Lebanon,LBN,69.655998
3538,1989,Lebanon,LBN,69.93
3539,1990,Lebanon,LBN,70.222
3540,1991,Lebanon,LBN,70.537003
3541,1992,Lebanon,LBN,70.877998
3542,1993,Lebanon,LBN,71.248001
3543,1994,Lebanon,LBN,71.646004
3544,1995,Lebanon,LBN,72.070999
3545,1996,Lebanon,LBN,72.522003
3546,1997,Lebanon,LBN,72.990997
3547,1998,Lebanon,LBN,73.473
3548,1999,Lebanon,LBN,73.959
3549,2000,Lebanon,LBN,74.446999
3550,2001,Lebanon,LBN,74.933998
3551,2002,Lebanon,LBN,75.417999
3552,2003,Lebanon,LBN,75.891998
3553,2004,Lebanon,LBN,76.350998
3554,2005,Lebanon,LBN,76.786003
3555,2006,Lebanon,LBN,77.186996
3556,2007,Lebanon,LBN,77.553001
3557,2008,Lebanon,LBN,77.880997
3558,2009,Lebanon,LBN,78.172997
3559,2010,Lebanon,LBN,78.43
3560,2011,Lebanon,LBN,78.655998
3561,2012,Lebanon,LBN,78.860001
3562,2013,Lebanon,LBN,79.050003
3563,2014,Lebanon,LBN,79.231003
3564,2015,Lebanon,LBN,79.408997
3565,1980,Lesotho,LSO,53.806999
3566,1981,Lesotho,LSO,54.396
3567,1982,Lesotho,LSO,54.949001
3568,1983,Lesotho,LSO,55.462002
3569,1984,Lesotho,LSO,55.931
3570,1985,Lesotho,LSO,56.395
3571,1986,Lesotho,LSO,56.904999
3572,1987,Lesotho,LSO,57.48
3573,1988,Lesotho,LSO,58.098
3574,1989,Lesotho,LSO,58.708
3575,1990,Lesotho,LSO,59.206001
3576,1991,Lesotho,LSO,59.464001
3577,1992,Lesotho,LSO,59.394001
3578,1993,Lesotho,LSO,58.944
3579,1994,Lesotho,LSO,58.112
3580,1995,Lesotho,LSO,56.902
3581,1996,Lesotho,LSO,55.351002
3582,1997,Lesotho,LSO,53.584
3583,1998,Lesotho,LSO,51.75
3584,1999,Lesotho,LSO,49.971001
3585,2000,Lesotho,LSO,48.404999
3586,2001,Lesotho,LSO,47.195
3587,2002,Lesotho,LSO,46.394001
3588,2003,Lesotho,LSO,46.021
3589,2004,Lesotho,LSO,46.077999
3590,2005,Lesotho,LSO,46.521
3591,2006,Lesotho,LSO,47.265999
3592,2007,Lesotho,LSO,48.171001
3593,2008,Lesotho,LSO,49.112
3594,2009,Lesotho,LSO,50.014
3595,2010,Lesotho,LSO,50.826
3596,2011,Lesotho,LSO,51.529999
3597,2012,Lesotho,LSO,52.158001
3598,2013,Lesotho,LSO,52.737999
3599,2014,Lesotho,LSO,53.268002
3600,2015,Lesotho,LSO,53.744999
3601,1980,Liberia,LBR,45.995998
3602,1981,Liberia,LBR,46.435001
3603,1982,Liberia,LBR,46.778
3604,1983,Liberia,LBR,47.032001
3605,1984,Liberia,LBR,47.206001
3606,1985,Liberia,LBR,47.298
3607,1986,Liberia,LBR,47.308998
3608,1987,Liberia,LBR,47.259998
3609,1988,Liberia,LBR,47.188999
3610,1989,Liberia,LBR,47.138
3611,1990,Liberia,LBR,47.182999
3612,1991,Liberia,LBR,47.405998
3613,1992,Liberia,LBR,47.839001
3614,1993,Liberia,LBR,48.474998
3615,1994,Liberia,LBR,49.283001
3616,1995,Liberia,LBR,50.162998
3617,1996,Liberia,LBR,50.984001
3618,1997,Liberia,LBR,51.640999
3619,1998,Liberia,LBR,52.082001
3620,1999,Liberia,LBR,52.313999
3621,2000,Liberia,LBR,52.423
3622,2001,Liberia,LBR,52.542999
3623,2002,Liberia,LBR,52.813999
3624,2003,Liberia,LBR,53.323002
3625,2004,Liberia,LBR,54.084
3626,2005,Liberia,LBR,55.051998
3627,2006,Liberia,LBR,56.136002
3628,2007,Liberia,LBR,57.207001
3629,2008,Liberia,LBR,58.167
3630,2009,Liberia,LBR,58.977001
3631,2010,Liberia,LBR,59.631001
3632,2011,Liberia,LBR,60.154999
3633,2012,Liberia,LBR,60.615002
3634,2013,Liberia,LBR,61.066002
3635,2014,Liberia,LBR,61.527
3636,2015,Liberia,LBR,62.007
3637,1980,Libya,LBY,64.184998
3638,1981,Libya,LBY,64.771004
3639,1982,Libya,LBY,65.306
3640,1983,Libya,LBY,65.792999
3641,1984,Libya,LBY,66.235001
3642,1985,Libya,LBY,66.643997
3643,1986,Libya,LBY,67.033997
3644,1987,Libya,LBY,67.413002
3645,1988,Libya,LBY,67.789001
3646,1989,Libya,LBY,68.160004
3647,1990,Libya,LBY,68.522003
3648,1991,Libya,LBY,68.863998
3649,1992,Libya,LBY,69.171997
3650,1993,Libya,LBY,69.439003
3651,1994,Libya,LBY,69.664001
3652,1995,Libya,LBY,69.849998
3653,1996,Libya,LBY,70.0
3654,1997,Libya,LBY,70.126999
3655,1998,Libya,LBY,70.240997
3656,1999,Libya,LBY,70.351997
3657,2000,Libya,LBY,70.473
3658,2001,Libya,LBY,70.615997
3659,2002,Libya,LBY,70.782997
3660,2003,Libya,LBY,70.970001
3661,2004,Libya,LBY,71.169998
3662,2005,Libya,LBY,71.362
3663,2006,Libya,LBY,71.521004
3664,2007,Libya,LBY,71.628998
3665,2008,Libya,LBY,71.681
3666,2009,Libya,LBY,71.679001
3667,2010,Libya,LBY,71.642998
3668,2011,Libya,LBY,71.598
3669,2012,Libya,LBY,71.573997
3670,2013,Libya,LBY,71.592003
3671,2014,Libya,LBY,71.658997
3672,2015,Libya,LBY,71.776001
3673,1980,Lithuania,LTU,70.491997
3674,1981,Lithuania,LTU,70.523003
3675,1982,Lithuania,LTU,70.625
3676,1983,Lithuania,LTU,70.786003
3677,1984,Lithuania,LTU,70.986
3678,1985,Lithuania,LTU,71.176003
3679,1986,Lithuania,LTU,71.299004
3680,1987,Lithuania,LTU,71.315002
3681,1988,Lithuania,LTU,71.208
3682,1989,Lithuania,LTU,70.986
3683,1990,Lithuania,LTU,70.681999
3684,1991,Lithuania,LTU,70.349998
3685,1992,Lithuania,LTU,70.054001
3686,1993,Lithuania,LTU,69.844002
3687,1994,Lithuania,LTU,69.745003
3688,1995,Lithuania,LTU,69.767998
3689,1996,Lithuania,LTU,69.908997
3690,1997,Lithuania,LTU,70.132004
3691,1998,Lithuania,LTU,70.399002
3692,1999,Lithuania,LTU,70.688004
3693,2000,Lithuania,LTU,70.967003
3694,2001,Lithuania,LTU,71.204002
3695,2002,Lithuania,LTU,71.390999
3696,2003,Lithuania,LTU,71.527
3697,2004,Lithuania,LTU,71.617996
3698,2005,Lithuania,LTU,71.695
3699,2006,Lithuania,LTU,71.795998
3700,2007,Lithuania,LTU,71.957001
3701,2008,Lithuania,LTU,72.196999
3702,2009,Lithuania,LTU,72.514999
3703,2010,Lithuania,LTU,72.890999
3704,2011,Lithuania,LTU,73.290001
3705,2012,Lithuania,LTU,73.671997
3706,2013,Lithuania,LTU,74.002998
3707,2014,Lithuania,LTU,74.273003
3708,2015,Lithuania,LTU,74.481003
3709,1980,Luxembourg,LUX,72.128998
3710,1981,Luxembourg,LUX,72.429001
3711,1982,Luxembourg,LUX,72.737999
3712,1983,Luxembourg,LUX,73.056
3713,1984,Luxembourg,LUX,73.378998
3714,1985,Luxembourg,LUX,73.702003
3715,1986,Luxembourg,LUX,74.018997
3716,1987,Luxembourg,LUX,74.324997
3717,1988,Luxembourg,LUX,74.616997
3718,1989,Luxembourg,LUX,74.894997
3719,1990,Luxembourg,LUX,75.158997
3720,1991,Luxembourg,LUX,75.410004
3721,1992,Luxembourg,LUX,75.653
3722,1993,Luxembourg,LUX,75.891998
3723,1994,Luxembourg,LUX,76.130997
3724,1995,Luxembourg,LUX,76.373001
3725,1996,Luxembourg,LUX,76.620003
3726,1997,Luxembourg,LUX,76.872002
3727,1998,Luxembourg,LUX,77.128998
3728,1999,Luxembourg,LUX,77.389999
3729,2000,Luxembourg,LUX,77.652
3730,2001,Luxembourg,LUX,77.910004
3731,2002,Luxembourg,LUX,78.161003
3732,2003,Luxembourg,LUX,78.405998
3733,2004,Luxembourg,LUX,78.644997
3734,2005,Luxembourg,LUX,78.888
3735,2006,Luxembourg,LUX,79.144997
3736,2007,Luxembourg,LUX,79.420998
3737,2008,Luxembourg,LUX,79.718002
3738,2009,Luxembourg,LUX,80.031998
3739,2010,Luxembourg,LUX,80.350998
3740,2011,Luxembourg,LUX,80.663002
3741,2012,Luxembourg,LUX,80.952003
3742,2013,Luxembourg,LUX,81.210999
3743,2014,Luxembourg,LUX,81.435997
3744,2015,Luxembourg,LUX,81.629997
3745,1980,Macao,MAC,73.973999
3746,1981,Macao,MAC,74.330002
3747,1982,Macao,MAC,74.677002
3748,1983,Macao,MAC,75.019997
3749,1984,Macao,MAC,75.362
3750,1985,Macao,MAC,75.702003
3751,1986,Macao,MAC,76.036003
3752,1987,Macao,MAC,76.362999
3753,1988,Macao,MAC,76.68
3754,1989,Macao,MAC,76.989998
3755,1990,Macao,MAC,77.295998
3756,1991,Macao,MAC,77.607002
3757,1992,Macao,MAC,77.926003
3758,1993,Macao,MAC,78.252998
3759,1994,Macao,MAC,78.587997
3760,1995,Macao,MAC,78.925003
3761,1996,Macao,MAC,79.255997
3762,1997,Macao,MAC,79.572998
3763,1998,Macao,MAC,79.872002
3764,1999,Macao,MAC,80.150002
3765,2000,Macao,MAC,80.406998
3766,2001,Macao,MAC,80.644997
3767,2002,Macao,MAC,80.870003
3768,2003,Macao,MAC,81.088997
3769,2004,Macao,MAC,81.304001
3770,2005,Macao,MAC,81.523003
3771,2006,Macao,MAC,81.748001
3772,2007,Macao,MAC,81.981003
3773,2008,Macao,MAC,82.220001
3774,2009,Macao,MAC,82.461998
3775,2010,Macao,MAC,82.704002
3776,2011,Macao,MAC,82.936996
3777,2012,Macao,MAC,83.154999
3778,2013,Macao,MAC,83.355003
3779,2014,Macao,MAC,83.536003
3780,2015,Macao,MAC,83.699997
3781,1980,Macedonia,MKD,68.639999
3782,1981,Macedonia,MKD,68.764
3783,1982,Macedonia,MKD,68.935997
3784,1983,Macedonia,MKD,69.162003
3785,1984,Macedonia,MKD,69.442001
3786,1985,Macedonia,MKD,69.760002
3787,1986,Macedonia,MKD,70.094002
3788,1987,Macedonia,MKD,70.414001
3789,1988,Macedonia,MKD,70.699997
3790,1989,Macedonia,MKD,70.945
3791,1990,Macedonia,MKD,71.152
3792,1991,Macedonia,MKD,71.331001
3793,1992,Macedonia,MKD,71.501999
3794,1993,Macedonia,MKD,71.68
3795,1994,Macedonia,MKD,71.871002
3796,1995,Macedonia,MKD,72.080002
3797,1996,Macedonia,MKD,72.308998
3798,1997,Macedonia,MKD,72.550003
3799,1998,Macedonia,MKD,72.794998
3800,1999,Macedonia,MKD,73.038002
3801,2000,Macedonia,MKD,73.266998
3802,2001,Macedonia,MKD,73.470001
3803,2002,Macedonia,MKD,73.641998
3804,2003,Macedonia,MKD,73.781998
3805,2004,Macedonia,MKD,73.892998
3806,2005,Macedonia,MKD,73.986
3807,2006,Macedonia,MKD,74.077003
3808,2007,Macedonia,MKD,74.18
3809,2008,Macedonia,MKD,74.305
3810,2009,Macedonia,MKD,74.457001
3811,2010,Macedonia,MKD,74.632004
3812,2011,Macedonia,MKD,74.823997
3813,2012,Macedonia,MKD,75.018997
3814,2013,Macedonia,MKD,75.207001
3815,2014,Macedonia,MKD,75.384003
3816,2015,Macedonia,MKD,75.549004
3817,1980,Madagascar,MDG,49.005001
3818,1981,Madagascar,MDG,49.259998
3819,1982,Madagascar,MDG,49.442001
3820,1983,Madagascar,MDG,49.560001
3821,1984,Madagascar,MDG,49.633999
3822,1985,Madagascar,MDG,49.694
3823,1986,Madagascar,MDG,49.780998
3824,1987,Madagascar,MDG,49.931999
3825,1988,Madagascar,MDG,50.175999
3826,1989,Madagascar,MDG,50.529999
3827,1990,Madagascar,MDG,51.002998
3828,1991,Madagascar,MDG,51.595001
3829,1992,Madagascar,MDG,52.278
3830,1993,Madagascar,MDG,53.021999
3831,1994,Madagascar,MDG,53.807999
3832,1995,Madagascar,MDG,54.616001
3833,1996,Madagascar,MDG,55.43
3834,1997,Madagascar,MDG,56.238998
3835,1998,Madagascar,MDG,57.028
3836,1999,Madagascar,MDG,57.782001
3837,2000,Madagascar,MDG,58.485001
3838,2001,Madagascar,MDG,59.129002
3839,2002,Madagascar,MDG,59.716999
3840,2003,Madagascar,MDG,60.256001
3841,2004,Madagascar,MDG,60.751999
3842,2005,Madagascar,MDG,61.212002
3843,2006,Madagascar,MDG,61.650002
3844,2007,Madagascar,MDG,62.078999
3845,2008,Madagascar,MDG,62.508999
3846,2009,Madagascar,MDG,62.944
3847,2010,Madagascar,MDG,63.388
3848,2011,Madagascar,MDG,63.835999
3849,2012,Madagascar,MDG,64.279999
3850,2013,Madagascar,MDG,64.712997
3851,2014,Madagascar,MDG,65.133003
3852,2015,Madagascar,MDG,65.539001
3853,1980,Malawi,MWI,44.776001
3854,1981,Malawi,MWI,45.112
3855,1982,Malawi,MWI,45.410999
3856,1983,Malawi,MWI,45.667999
3857,1984,Malawi,MWI,45.882
3858,1985,Malawi,MWI,46.055
3859,1986,Malawi,MWI,46.195999
3860,1987,Malawi,MWI,46.313
3861,1988,Malawi,MWI,46.414001
3862,1989,Malawi,MWI,46.502998
3863,1990,Malawi,MWI,46.576
3864,1991,Malawi,MWI,46.626999
3865,1992,Malawi,MWI,46.650002
3866,1993,Malawi,MWI,46.646999
3867,1994,Malawi,MWI,46.626999
3868,1995,Malawi,MWI,46.584999
3869,1996,Malawi,MWI,46.515999
3870,1997,Malawi,MWI,46.433998
3871,1998,Malawi,MWI,46.368999
3872,1999,Malawi,MWI,46.355
3873,2000,Malawi,MWI,46.450001
3874,2001,Malawi,MWI,46.709999
3875,2002,Malawi,MWI,47.168999
3876,2003,Malawi,MWI,47.842999
3877,2004,Malawi,MWI,48.735001
3878,2005,Malawi,MWI,49.846001
3879,2006,Malawi,MWI,51.162998
3880,2007,Malawi,MWI,52.630001
3881,2008,Malawi,MWI,54.176998
3882,2009,Malawi,MWI,55.744999
3883,2010,Malawi,MWI,57.263
3884,2011,Malawi,MWI,58.667
3885,2012,Malawi,MWI,59.926998
3886,2013,Malawi,MWI,61.02
3887,2014,Malawi,MWI,61.931999
3888,2015,Malawi,MWI,62.660999
3889,1980,Malaysia,MYS,68.043999
3890,1981,Malaysia,MYS,68.348
3891,1982,Malaysia,MYS,68.642998
3892,1983,Malaysia,MYS,68.93
3893,1984,Malaysia,MYS,69.209999
3894,1985,Malaysia,MYS,69.482002
3895,1986,Malaysia,MYS,69.746002
3896,1987,Malaysia,MYS,70.001999
3897,1988,Malaysia,MYS,70.250999
3898,1989,Malaysia,MYS,70.491997
3899,1990,Malaysia,MYS,70.726997
3900,1991,Malaysia,MYS,70.955002
3901,1992,Malaysia,MYS,71.177002
3902,1993,Malaysia,MYS,71.393997
3903,1994,Malaysia,MYS,71.605003
3904,1995,Malaysia,MYS,71.813004
3905,1996,Malaysia,MYS,72.018997
3906,1997,Malaysia,MYS,72.222
3907,1998,Malaysia,MYS,72.421997
3908,1999,Malaysia,MYS,72.615997
3909,2000,Malaysia,MYS,72.800003
3910,2001,Malaysia,MYS,72.966003
3911,2002,Malaysia,MYS,73.112999
3912,2003,Malaysia,MYS,73.241997
3913,2004,Malaysia,MYS,73.356003
3914,2005,Malaysia,MYS,73.462997
3915,2006,Malaysia,MYS,73.577003
3916,2007,Malaysia,MYS,73.704002
3917,2008,Malaysia,MYS,73.851997
3918,2009,Malaysia,MYS,74.022003
3919,2010,Malaysia,MYS,74.209999
3920,2011,Malaysia,MYS,74.407997
3921,2012,Malaysia,MYS,74.606003
3922,2013,Malaysia,MYS,74.796997
3923,2014,Malaysia,MYS,74.975998
3924,2015,Malaysia,MYS,75.142998
3925,1980,Maldives,MDV,53.119999
3926,1981,Maldives,MDV,54.061001
3927,1982,Maldives,MDV,54.964001
3928,1983,Maldives,MDV,55.826
3929,1984,Maldives,MDV,56.647999
3930,1985,Maldives,MDV,57.437
3931,1986,Maldives,MDV,58.208
3932,1987,Maldives,MDV,58.98
3933,1988,Maldives,MDV,59.765999
3934,1989,Maldives,MDV,60.573002
3935,1990,Maldives,MDV,61.398998
3936,1991,Maldives,MDV,62.237
3937,1992,Maldives,MDV,63.077
3938,1993,Maldives,MDV,63.910999
3939,1994,Maldives,MDV,64.738998
3940,1995,Maldives,MDV,65.568001
3941,1996,Maldives,MDV,66.407997
3942,1997,Maldives,MDV,67.266998
3943,1998,Maldives,MDV,68.143997
3944,1999,Maldives,MDV,69.035004
3945,2000,Maldives,MDV,69.935997
3946,2001,Maldives,MDV,70.842003
3947,2002,Maldives,MDV,71.737
3948,2003,Maldives,MDV,72.602997
3949,2004,Maldives,MDV,73.417999
3950,2005,Maldives,MDV,74.151001
3951,2006,Maldives,MDV,74.771004
3952,2007,Maldives,MDV,75.268997
3953,2008,Maldives,MDV,75.648003
3954,2009,Maldives,MDV,75.919998
3955,2010,Maldives,MDV,76.112
3956,2011,Maldives,MDV,76.259003
3957,2012,Maldives,MDV,76.401001
3958,2013,Maldives,MDV,76.570999
3959,2014,Maldives,MDV,76.782997
3960,2015,Maldives,MDV,77.042
3961,1980,Mali,MLI,39.676998
3962,1981,Mali,MLI,40.435001
3963,1982,Mali,MLI,41.173
3964,1983,Mali,MLI,41.879002
3965,1984,Mali,MLI,42.544998
3966,1985,Mali,MLI,43.169998
3967,1986,Mali,MLI,43.758999
3968,1987,Mali,MLI,44.314999
3969,1988,Mali,MLI,44.838001
3970,1989,Mali,MLI,45.323002
3971,1990,Mali,MLI,45.745998
3972,1991,Mali,MLI,46.076
3973,1992,Mali,MLI,46.305
3974,1993,Mali,MLI,46.445
3975,1994,Mali,MLI,46.52
3976,1995,Mali,MLI,46.573002
3977,1996,Mali,MLI,46.658001
3978,1997,Mali,MLI,46.823002
3979,1998,Mali,MLI,47.103001
3980,1999,Mali,MLI,47.514999
3981,2000,Mali,MLI,48.069
3982,2001,Mali,MLI,48.757999
3983,2002,Mali,MLI,49.540001
3984,2003,Mali,MLI,50.373001
3985,2004,Mali,MLI,51.223999
3986,2005,Mali,MLI,52.056999
3987,2006,Mali,MLI,52.839001
3988,2007,Mali,MLI,53.553001
3989,2008,Mali,MLI,54.193001
3990,2009,Mali,MLI,54.756001
3991,2010,Mali,MLI,55.249001
3992,2011,Mali,MLI,55.694
3993,2012,Mali,MLI,56.122002
3994,2013,Mali,MLI,56.556
3995,2014,Mali,MLI,57.007
3996,2015,Mali,MLI,57.478001
3997,1980,Malta,MLT,73.794998
3998,1981,Malta,MLT,74.023003
3999,1982,Malta,MLT,74.250999
4000,1983,Malta,MLT,74.477997
4001,1984,Malta,MLT,74.705002
4002,1985,Malta,MLT,74.931999
4003,1986,Malta,MLT,75.155998
4004,1987,Malta,MLT,75.377998
4005,1988,Malta,MLT,75.596001
4006,1989,Malta,MLT,75.810997
4007,1990,Malta,MLT,76.022003
4008,1991,Malta,MLT,76.230003
4009,1992,Malta,MLT,76.434998
4010,1993,Malta,MLT,76.638
4011,1994,Malta,MLT,76.839996
4012,1995,Malta,MLT,77.039001
4013,1996,Malta,MLT,77.237999
4014,1997,Malta,MLT,77.433998
4015,1998,Malta,MLT,77.628998
4016,1999,Malta,MLT,77.820999
4017,2000,Malta,MLT,78.013
4018,2001,Malta,MLT,78.203003
4019,2002,Malta,MLT,78.390999
4020,2003,Malta,MLT,78.578003
4021,2004,Malta,MLT,78.764
4022,2005,Malta,MLT,78.947998
4023,2006,Malta,MLT,79.130997
4024,2007,Malta,MLT,79.313004
4025,2008,Malta,MLT,79.494003
4026,2009,Malta,MLT,79.672997
4027,2010,Malta,MLT,79.849998
4028,2011,Malta,MLT,80.025002
4029,2012,Malta,MLT,80.195999
4030,2013,Malta,MLT,80.364998
4031,2014,Malta,MLT,80.530998
4032,2015,Malta,MLT,80.694
4033,1980,Martinique,MTQ,70.820999
4034,1981,Martinique,MTQ,71.251999
4035,1982,Martinique,MTQ,71.675003
4036,1983,Martinique,MTQ,72.088997
4037,1984,Martinique,MTQ,72.496002
4038,1985,Martinique,MTQ,72.894997
4039,1986,Martinique,MTQ,73.287003
4040,1987,Martinique,MTQ,73.672997
4041,1988,Martinique,MTQ,74.051003
4042,1989,Martinique,MTQ,74.422997
4043,1990,Martinique,MTQ,74.789001
4044,1991,Martinique,MTQ,75.150002
4045,1992,Martinique,MTQ,75.504997
4046,1993,Martinique,MTQ,75.855003
4047,1994,Martinique,MTQ,76.199997
4048,1995,Martinique,MTQ,76.541
4049,1996,Martinique,MTQ,76.879997
4050,1997,Martinique,MTQ,77.217003
4051,1998,Martinique,MTQ,77.550003
4052,1999,Martinique,MTQ,77.877998
4053,2000,Martinique,MTQ,78.196999
4054,2001,Martinique,MTQ,78.501999
4055,2002,Martinique,MTQ,78.792
4056,2003,Martinique,MTQ,79.065002
4057,2004,Martinique,MTQ,79.320999
4058,2005,Martinique,MTQ,79.561996
4059,2006,Martinique,MTQ,79.790001
4060,2007,Martinique,MTQ,80.011002
4061,2008,Martinique,MTQ,80.226997
4062,2009,Martinique,MTQ,80.442001
4063,2010,Martinique,MTQ,80.658997
4064,2011,Martinique,MTQ,80.878998
4065,2012,Martinique,MTQ,81.101997
4066,2013,Martinique,MTQ,81.325996
4067,2014,Martinique,MTQ,81.551003
4068,2015,Martinique,MTQ,81.776001
4069,1980,Mauritania,MRT,54.279999
4070,1981,Mauritania,MRT,54.875999
4071,1982,Mauritania,MRT,55.450001
4072,1983,Mauritania,MRT,55.986
4073,1984,Mauritania,MRT,56.476002
4074,1985,Mauritania,MRT,56.911999
4075,1986,Mauritania,MRT,57.292999
4076,1987,Mauritania,MRT,57.625
4077,1988,Mauritania,MRT,57.918999
4078,1989,Mauritania,MRT,58.18
4079,1990,Mauritania,MRT,58.415001
4080,1991,Mauritania,MRT,58.632999
4081,1992,Mauritania,MRT,58.839001
4082,1993,Mauritania,MRT,59.039001
4083,1994,Mauritania,MRT,59.233002
4084,1995,Mauritania,MRT,59.418999
4085,1996,Mauritania,MRT,59.587002
4086,1997,Mauritania,MRT,59.733002
4087,1998,Mauritania,MRT,59.855
4088,1999,Mauritania,MRT,59.957001
4089,2000,Mauritania,MRT,60.049
4090,2001,Mauritania,MRT,60.143002
4091,2002,Mauritania,MRT,60.25
4092,2003,Mauritania,MRT,60.381001
4093,2004,Mauritania,MRT,60.539001
4094,2005,Mauritania,MRT,60.729
4095,2006,Mauritania,MRT,60.952
4096,2007,Mauritania,MRT,61.199001
4097,2008,Mauritania,MRT,61.460999
4098,2009,Mauritania,MRT,61.73
4099,2010,Mauritania,MRT,61.997002
4100,2011,Mauritania,MRT,62.252998
4101,2012,Mauritania,MRT,62.492001
4102,2013,Mauritania,MRT,62.710999
4103,2014,Mauritania,MRT,62.907001
4104,2015,Mauritania,MRT,63.082001
4105,1980,Mauritius,MUS,67.016998
4106,1981,Mauritius,MUS,67.454002
4107,1982,Mauritius,MUS,67.805
4108,1983,Mauritius,MUS,68.069
4109,1984,Mauritius,MUS,68.250999
4110,1985,Mauritius,MUS,68.380997
4111,1986,Mauritius,MUS,68.501999
4112,1987,Mauritius,MUS,68.653
4113,1988,Mauritius,MUS,68.859001
4114,1989,Mauritius,MUS,69.124001
4115,1990,Mauritius,MUS,69.425003
4116,1991,Mauritius,MUS,69.721001
4117,1992,Mauritius,MUS,69.972
4118,1993,Mauritius,MUS,70.153999
4119,1994,Mauritius,MUS,70.267998
4120,1995,Mauritius,MUS,70.338997
4121,1996,Mauritius,MUS,70.405998
4122,1997,Mauritius,MUS,70.510002
4123,1998,Mauritius,MUS,70.677002
4124,1999,Mauritius,MUS,70.912003
4125,2000,Mauritius,MUS,71.199997
4126,2001,Mauritius,MUS,71.510002
4127,2002,Mauritius,MUS,71.806
4128,2003,Mauritius,MUS,72.061996
4129,2004,Mauritius,MUS,72.272003
4130,2005,Mauritius,MUS,72.445999
4131,2006,Mauritius,MUS,72.603996
4132,2007,Mauritius,MUS,72.773003
4133,2008,Mauritius,MUS,72.970001
4134,2009,Mauritius,MUS,73.197998
4135,2010,Mauritius,MUS,73.449997
4136,2011,Mauritius,MUS,73.711998
4137,2012,Mauritius,MUS,73.964996
4138,2013,Mauritius,MUS,74.194
4139,2014,Mauritius,MUS,74.394997
4140,2015,Mauritius,MUS,74.569
4141,1980,Mayotte,MYT,67.862999
4142,1981,Mayotte,MYT,68.336998
4143,1982,Mayotte,MYT,68.799004
4144,1983,Mayotte,MYT,69.249001
4145,1984,Mayotte,MYT,69.688004
4146,1985,Mayotte,MYT,70.115997
4147,1986,Mayotte,MYT,70.536003
4148,1987,Mayotte,MYT,70.946999
4149,1988,Mayotte,MYT,71.351997
4150,1989,Mayotte,MYT,71.749001
4151,1990,Mayotte,MYT,72.140999
4152,1991,Mayotte,MYT,72.527
4153,1992,Mayotte,MYT,72.905998
4154,1993,Mayotte,MYT,73.278
4155,1994,Mayotte,MYT,73.641998
4156,1995,Mayotte,MYT,74.0
4157,1996,Mayotte,MYT,74.350998
4158,1997,Mayotte,MYT,74.694
4159,1998,Mayotte,MYT,75.030998
4160,1999,Mayotte,MYT,75.361
4161,2000,Mayotte,MYT,75.685997
4162,2001,Mayotte,MYT,76.003998
4163,2002,Mayotte,MYT,76.318001
4164,2003,Mayotte,MYT,76.625999
4165,2004,Mayotte,MYT,76.929001
4166,2005,Mayotte,MYT,77.228996
4167,2006,Mayotte,MYT,77.525002
4168,2007,Mayotte,MYT,77.819
4169,2008,Mayotte,MYT,78.110001
4170,2009,Mayotte,MYT,78.396004
4171,2010,Mayotte,MYT,78.675003
4172,2011,Mayotte,MYT,78.945
4173,2012,Mayotte,MYT,79.204002
4174,2013,Mayotte,MYT,79.450996
4175,2014,Mayotte,MYT,79.686996
4176,2015,Mayotte,MYT,79.914001
4177,1980,Melanesia,OWID_MNS,57.136002
4178,1981,Melanesia,OWID_MNS,57.667999
4179,1982,Melanesia,OWID_MNS,58.110001
4180,1983,Melanesia,OWID_MNS,58.459
4181,1984,Melanesia,OWID_MNS,58.722
4182,1985,Melanesia,OWID_MNS,58.919998
4183,1986,Melanesia,OWID_MNS,59.083
4184,1987,Melanesia,OWID_MNS,59.247002
4185,1988,Melanesia,OWID_MNS,59.438999
4186,1989,Melanesia,OWID_MNS,59.671001
4187,1990,Melanesia,OWID_MNS,59.945
4188,1991,Melanesia,OWID_MNS,60.254002
4189,1992,Melanesia,OWID_MNS,60.574001
4190,1993,Melanesia,OWID_MNS,60.889999
4191,1994,Melanesia,OWID_MNS,61.196999
4192,1995,Melanesia,OWID_MNS,61.492001
4193,1996,Melanesia,OWID_MNS,61.778
4194,1997,Melanesia,OWID_MNS,62.061001
4195,1998,Melanesia,OWID_MNS,62.345001
4196,1999,Melanesia,OWID_MNS,62.632999
4197,2000,Melanesia,OWID_MNS,62.926998
4198,2001,Melanesia,OWID_MNS,63.23
4199,2002,Melanesia,OWID_MNS,63.541
4200,2003,Melanesia,OWID_MNS,63.856998
4201,2004,Melanesia,OWID_MNS,64.172997
4202,2005,Melanesia,OWID_MNS,64.483002
4203,2006,Melanesia,OWID_MNS,64.777
4204,2007,Melanesia,OWID_MNS,65.050003
4205,2008,Melanesia,OWID_MNS,65.296997
4206,2009,Melanesia,OWID_MNS,65.518997
4207,2010,Melanesia,OWID_MNS,65.716003
4208,2011,Melanesia,OWID_MNS,65.894997
4209,2012,Melanesia,OWID_MNS,66.060997
4210,2013,Melanesia,OWID_MNS,66.223
4211,2014,Melanesia,OWID_MNS,66.383003
4212,2015,Melanesia,OWID_MNS,66.544998
4213,1980,Mexico,MEX,66.561996
4214,1981,Mexico,MEX,67.040001
4215,1982,Mexico,MEX,67.500999
4216,1983,Mexico,MEX,67.948997
4217,1984,Mexico,MEX,68.385002
4218,1985,Mexico,MEX,68.809998
4219,1986,Mexico,MEX,69.225998
4220,1987,Mexico,MEX,69.635002
4221,1988,Mexico,MEX,70.039001
4222,1989,Mexico,MEX,70.438004
4223,1990,Mexico,MEX,70.835999
4224,1991,Mexico,MEX,71.235001
4225,1992,Mexico,MEX,71.633003
4226,1993,Mexico,MEX,72.028999
4227,1994,Mexico,MEX,72.417999
4228,1995,Mexico,MEX,72.795998
4229,1996,Mexico,MEX,73.157997
4230,1997,Mexico,MEX,73.498001
4231,1998,Mexico,MEX,73.814003
4232,1999,Mexico,MEX,74.102997
4233,2000,Mexico,MEX,74.363998
4234,2001,Mexico,MEX,74.598
4235,2002,Mexico,MEX,74.808998
4236,2003,Mexico,MEX,75.001999
4237,2004,Mexico,MEX,75.18
4238,2005,Mexico,MEX,75.347
4239,2006,Mexico,MEX,75.504997
4240,2007,Mexico,MEX,75.655998
4241,2008,Mexico,MEX,75.802002
4242,2009,Mexico,MEX,75.947998
4243,2010,Mexico,MEX,76.096001
4244,2011,Mexico,MEX,76.250999
4245,2012,Mexico,MEX,76.412003
4246,2013,Mexico,MEX,76.579002
4247,2014,Mexico,MEX,76.752998
4248,2015,Mexico,MEX,76.932999
4249,1980,Micronesia (country),FSM,65.170998
4250,1981,Micronesia (country),FSM,65.279999
4251,1982,Micronesia (country),FSM,65.367996
4252,1983,Micronesia (country),FSM,65.452003
4253,1984,Micronesia (country),FSM,65.541
4254,1985,Micronesia (country),FSM,65.640999
4255,1986,Micronesia (country),FSM,65.751999
4256,1987,Micronesia (country),FSM,65.867996
4257,1988,Micronesia (country),FSM,65.983002
4258,1989,Micronesia (country),FSM,66.098
4259,1990,Micronesia (country),FSM,66.211998
4260,1991,Micronesia (country),FSM,66.324997
4261,1992,Micronesia (country),FSM,66.439003
4262,1993,Micronesia (country),FSM,66.552002
4263,1994,Micronesia (country),FSM,66.665001
4264,1995,Micronesia (country),FSM,66.776001
4265,1996,Micronesia (country),FSM,66.884003
4266,1997,Micronesia (country),FSM,66.989998
4267,1998,Micronesia (country),FSM,67.092003
4268,1999,Micronesia (country),FSM,67.195
4269,2000,Micronesia (country),FSM,67.300003
4270,2001,Micronesia (country),FSM,67.414001
4271,2002,Micronesia (country),FSM,67.539001
4272,2003,Micronesia (country),FSM,67.675003
4273,2004,Micronesia (country),FSM,67.82
4274,2005,Micronesia (country),FSM,67.969002
4275,2006,Micronesia (country),FSM,68.114998
4276,2007,Micronesia (country),FSM,68.250999
4277,2008,Micronesia (country),FSM,68.375
4278,2009,Micronesia (country),FSM,68.484001
4279,2010,Micronesia (country),FSM,68.582001
4280,2011,Micronesia (country),FSM,68.672997
4281,2012,Micronesia (country),FSM,68.764999
4282,2013,Micronesia (country),FSM,68.862
4283,2014,Micronesia (country),FSM,68.966003
4284,2015,Micronesia (country),FSM,69.078003
4285,1980,Moldova,MDA,64.950996
4286,1981,Moldova,MDA,65.022003
4287,1982,Moldova,MDA,65.205002
4288,1983,Moldova,MDA,65.499001
4289,1984,Moldova,MDA,65.887001
4290,1985,Moldova,MDA,66.330002
4291,1986,Moldova,MDA,66.772003
4292,1987,Moldova,MDA,67.155998
4293,1988,Moldova,MDA,67.440002
4294,1989,Moldova,MDA,67.605003
4295,1990,Moldova,MDA,67.642998
4296,1991,Moldova,MDA,67.563004
4297,1992,Moldova,MDA,67.407997
4298,1993,Moldova,MDA,67.221001
4299,1994,Moldova,MDA,67.029999
4300,1995,Moldova,MDA,66.866997
4301,1996,Moldova,MDA,66.761002
4302,1997,Moldova,MDA,66.722
4303,1998,Moldova,MDA,66.751999
4304,1999,Moldova,MDA,66.851997
4305,2000,Moldova,MDA,67.005997
4306,2001,Moldova,MDA,67.184998
4307,2002,Moldova,MDA,67.362
4308,2003,Moldova,MDA,67.521004
4309,2004,Moldova,MDA,67.665001
4310,2005,Moldova,MDA,67.82
4311,2006,Moldova,MDA,68.022003
4312,2007,Moldova,MDA,68.302002
4313,2008,Moldova,MDA,68.670998
4314,2009,Moldova,MDA,69.119003
4315,2010,Moldova,MDA,69.615997
4316,2011,Moldova,MDA,70.116997
4317,2012,Moldova,MDA,70.577003
4318,2013,Moldova,MDA,70.960999
4319,2014,Moldova,MDA,71.258003
4320,2015,Moldova,MDA,71.468002
4321,1980,Mongolia,MNG,56.936001
4322,1981,Mongolia,MNG,57.074001
4323,1982,Mongolia,MNG,57.294998
4324,1983,Mongolia,MNG,57.595001
4325,1984,Mongolia,MNG,57.967999
4326,1985,Mongolia,MNG,58.391998
4327,1986,Mongolia,MNG,58.835999
4328,1987,Mongolia,MNG,59.265999
4329,1988,Mongolia,MNG,59.654999
4330,1989,Mongolia,MNG,59.992001
4331,1990,Mongolia,MNG,60.268002
4332,1991,Mongolia,MNG,60.486
4333,1992,Mongolia,MNG,60.669998
4334,1993,Mongolia,MNG,60.841
4335,1994,Mongolia,MNG,61.014999
4336,1995,Mongolia,MNG,61.210999
4337,1996,Mongolia,MNG,61.446999
4338,1997,Mongolia,MNG,61.73
4339,1998,Mongolia,MNG,62.063
4340,1999,Mongolia,MNG,62.445999
4341,2000,Mongolia,MNG,62.868999
4342,2001,Mongolia,MNG,63.319
4343,2002,Mongolia,MNG,63.777
4344,2003,Mongolia,MNG,64.230003
4345,2004,Mongolia,MNG,64.670998
4346,2005,Mongolia,MNG,65.103996
4347,2006,Mongolia,MNG,65.539001
4348,2007,Mongolia,MNG,65.987
4349,2008,Mongolia,MNG,66.448997
4350,2009,Mongolia,MNG,66.919998
4351,2010,Mongolia,MNG,67.383003
4352,2011,Mongolia,MNG,67.82
4353,2012,Mongolia,MNG,68.214996
4354,2013,Mongolia,MNG,68.557999
4355,2014,Mongolia,MNG,68.847
4356,2015,Mongolia,MNG,69.086998
4357,1980,Montenegro,MNE,73.129997
4358,1981,Montenegro,MNE,73.334
4359,1982,Montenegro,MNE,73.524002
4360,1983,Montenegro,MNE,73.693001
4361,1984,Montenegro,MNE,73.843002
4362,1985,Montenegro,MNE,73.981003
4363,1986,Montenegro,MNE,74.115997
4364,1987,Montenegro,MNE,74.254997
4365,1988,Montenegro,MNE,74.393997
4366,1989,Montenegro,MNE,74.526001
4367,1990,Montenegro,MNE,74.626999
4368,1991,Montenegro,MNE,74.668999
4369,1992,Montenegro,MNE,74.634003
4370,1993,Montenegro,MNE,74.519997
4371,1994,Montenegro,MNE,74.334
4372,1995,Montenegro,MNE,74.099998
4373,1996,Montenegro,MNE,73.846001
4374,1997,Montenegro,MNE,73.608002
4375,1998,Montenegro,MNE,73.417
4376,1999,Montenegro,MNE,73.288002
4377,2000,Montenegro,MNE,73.227997
4378,2001,Montenegro,MNE,73.230003
4379,2002,Montenegro,MNE,73.277
4380,2003,Montenegro,MNE,73.355003
4381,2004,Montenegro,MNE,73.464996
4382,2005,Montenegro,MNE,73.620003
4383,2006,Montenegro,MNE,73.834
4384,2007,Montenegro,MNE,74.115997
4385,2008,Montenegro,MNE,74.461998
4386,2009,Montenegro,MNE,74.858002
4387,2010,Montenegro,MNE,75.279999
4388,2011,Montenegro,MNE,75.699997
4389,2012,Montenegro,MNE,76.088997
4390,2013,Montenegro,MNE,76.43
4391,2014,Montenegro,MNE,76.711998
4392,2015,Montenegro,MNE,76.938004
4393,1980,Morocco,MAR,57.560001
4394,1981,Morocco,MAR,58.339001
4395,1982,Morocco,MAR,59.139
4396,1983,Morocco,MAR,59.937
4397,1984,Morocco,MAR,60.716999
4398,1985,Morocco,MAR,61.469002
4399,1986,Morocco,MAR,62.188999
4400,1987,Morocco,MAR,62.877998
4401,1988,Morocco,MAR,63.535999
4402,1989,Morocco,MAR,64.157997
4403,1990,Morocco,MAR,64.733002
4404,1991,Morocco,MAR,65.252998
4405,1992,Morocco,MAR,65.716003
4406,1993,Morocco,MAR,66.128998
4407,1994,Morocco,MAR,66.501999
4408,1995,Morocco,MAR,66.848
4409,1996,Morocco,MAR,67.183998
4410,1997,Morocco,MAR,67.526001
4411,1998,Morocco,MAR,67.889
4412,1999,Morocco,MAR,68.283997
4413,2000,Morocco,MAR,68.722
4414,2001,Morocco,MAR,69.209
4415,2002,Morocco,MAR,69.737999
4416,2003,Morocco,MAR,70.295998
4417,2004,Morocco,MAR,70.873001
4418,2005,Morocco,MAR,71.456001
4419,2006,Morocco,MAR,72.028999
4420,2007,Morocco,MAR,72.580002
4421,2008,Morocco,MAR,73.097
4422,2009,Morocco,MAR,73.571999
4423,2010,Morocco,MAR,73.999001
4424,2011,Morocco,MAR,74.376999
4425,2012,Morocco,MAR,74.717003
4426,2013,Morocco,MAR,75.026001
4427,2014,Morocco,MAR,75.308998
4428,2015,Morocco,MAR,75.572998
4429,1980,Mozambique,MOZ,41.912998
4430,1981,Mozambique,MOZ,41.778
4431,1982,Mozambique,MOZ,41.66
4432,1983,Mozambique,MOZ,41.597
4433,1984,Mozambique,MOZ,41.610001
4434,1985,Mozambique,MOZ,41.705002
4435,1986,Mozambique,MOZ,41.872002
4436,1987,Mozambique,MOZ,42.084999
4437,1988,Mozambique,MOZ,42.327
4438,1989,Mozambique,MOZ,42.599998
4439,1990,Mozambique,MOZ,42.915001
4440,1991,Mozambique,MOZ,43.292999
4441,1992,Mozambique,MOZ,43.744999
4442,1993,Mozambique,MOZ,44.271999
4443,1994,Mozambique,MOZ,44.862
4444,1995,Mozambique,MOZ,45.491001
4445,1996,Mozambique,MOZ,46.124001
4446,1997,Mozambique,MOZ,46.736
4447,1998,Mozambique,MOZ,47.308998
4448,1999,Mozambique,MOZ,47.841
4449,2000,Mozambique,MOZ,48.348
4450,2001,Mozambique,MOZ,48.859001
4451,2002,Mozambique,MOZ,49.405998
4452,2003,Mozambique,MOZ,50.007
4453,2004,Mozambique,MOZ,50.662998
4454,2005,Mozambique,MOZ,51.362
4455,2006,Mozambique,MOZ,52.078999
4456,2007,Mozambique,MOZ,52.785
4457,2008,Mozambique,MOZ,53.459
4458,2009,Mozambique,MOZ,54.096001
4459,2010,Mozambique,MOZ,54.700001
4460,2011,Mozambique,MOZ,55.287998
4461,2012,Mozambique,MOZ,55.877998
4462,2013,Mozambique,MOZ,56.483002
4463,2014,Mozambique,MOZ,57.098999
4464,2015,Mozambique,MOZ,57.714001
4465,1980,Myanmar,MMR,54.978001
4466,1981,Myanmar,MMR,55.370998
4467,1982,Myanmar,MMR,55.761002
4468,1983,Myanmar,MMR,56.145
4469,1984,Myanmar,MMR,56.526001
4470,1985,Myanmar,MMR,56.903999
4471,1986,Myanmar,MMR,57.278
4472,1987,Myanmar,MMR,57.650002
4473,1988,Myanmar,MMR,58.018002
4474,1989,Myanmar,MMR,58.382999
4475,1990,Myanmar,MMR,58.743
4476,1991,Myanmar,MMR,59.098999
4477,1992,Myanmar,MMR,59.448002
4478,1993,Myanmar,MMR,59.791
4479,1994,Myanmar,MMR,60.127998
4480,1995,Myanmar,MMR,60.463001
4481,1996,Myanmar,MMR,60.796001
4482,1997,Myanmar,MMR,61.131001
4483,1998,Myanmar,MMR,61.466999
4484,1999,Myanmar,MMR,61.801998
4485,2000,Myanmar,MMR,62.132999
4486,2001,Myanmar,MMR,62.452
4487,2002,Myanmar,MMR,62.757
4488,2003,Myanmar,MMR,63.046001
4489,2004,Myanmar,MMR,63.323002
4490,2005,Myanmar,MMR,63.597
4491,2006,Myanmar,MMR,63.880001
4492,2007,Myanmar,MMR,64.181
4493,2008,Myanmar,MMR,64.500999
4494,2009,Myanmar,MMR,64.837997
4495,2010,Myanmar,MMR,65.178001
4496,2011,Myanmar,MMR,65.505997
4497,2012,Myanmar,MMR,65.805
4498,2013,Myanmar,MMR,66.066002
4499,2014,Myanmar,MMR,66.285004
4500,2015,Myanmar,MMR,66.463997
4501,1980,Namibia,NAM,57.521
4502,1981,Namibia,NAM,57.891998
4503,1982,Namibia,NAM,58.275002
4504,1983,Namibia,NAM,58.685001
4505,1984,Namibia,NAM,59.122002
4506,1985,Namibia,NAM,59.584
4507,1986,Namibia,NAM,60.063
4508,1987,Namibia,NAM,60.533001
4509,1988,Namibia,NAM,60.957001
4510,1989,Namibia,NAM,61.306999
4511,1990,Namibia,NAM,61.539001
4512,1991,Namibia,NAM,61.613998
4513,1992,Namibia,NAM,61.518002
4514,1993,Namibia,NAM,61.247002
4515,1994,Namibia,NAM,60.806
4516,1995,Namibia,NAM,60.192001
4517,1996,Namibia,NAM,59.407001
4518,1997,Namibia,NAM,58.494999
4519,1998,Namibia,NAM,57.516998
4520,1999,Namibia,NAM,56.533001
4521,2000,Namibia,NAM,55.608002
4522,2001,Namibia,NAM,54.798
4523,2002,Namibia,NAM,54.145
4524,2003,Namibia,NAM,53.693001
4525,2004,Namibia,NAM,53.48
4526,2005,Namibia,NAM,53.563
4527,2006,Namibia,NAM,53.983002
4528,2007,Namibia,NAM,54.712002
4529,2008,Namibia,NAM,55.696999
4530,2009,Namibia,NAM,56.882999
4531,2010,Namibia,NAM,58.188999
4532,2011,Namibia,NAM,59.527
4533,2012,Namibia,NAM,60.814999
4534,2013,Namibia,NAM,61.981998
4535,2014,Namibia,NAM,62.980999
4536,2015,Namibia,NAM,63.782001
4537,1980,Nepal,NPL,46.562
4538,1981,Nepal,NPL,47.249001
4539,1982,Nepal,NPL,47.953999
4540,1983,Nepal,NPL,48.673
4541,1984,Nepal,NPL,49.408001
4542,1985,Nepal,NPL,50.161999
4543,1986,Nepal,NPL,50.938
4544,1987,Nepal,NPL,51.737999
4545,1988,Nepal,NPL,52.561001
4546,1989,Nepal,NPL,53.403
4547,1990,Nepal,NPL,54.259998
4548,1991,Nepal,NPL,55.125
4549,1992,Nepal,NPL,55.992001
4550,1993,Nepal,NPL,56.852001
4551,1994,Nepal,NPL,57.699001
4552,1995,Nepal,NPL,58.528999
4553,1996,Nepal,NPL,59.341
4554,1997,Nepal,NPL,60.133999
4555,1998,Nepal,NPL,60.909
4556,1999,Nepal,NPL,61.660999
4557,2000,Nepal,NPL,62.386002
4558,2001,Nepal,NPL,63.082001
4559,2002,Nepal,NPL,63.744999
4560,2003,Nepal,NPL,64.375999
4561,2004,Nepal,NPL,64.973
4562,2005,Nepal,NPL,65.537003
4563,2006,Nepal,NPL,66.066002
4564,2007,Nepal,NPL,66.565002
4565,2008,Nepal,NPL,67.036003
4566,2009,Nepal,NPL,67.484001
4567,2010,Nepal,NPL,67.914001
4568,2011,Nepal,NPL,68.329002
4569,2012,Nepal,NPL,68.732002
4570,2013,Nepal,NPL,69.125999
4571,2014,Nepal,NPL,69.511002
4572,2015,Nepal,NPL,69.887001
4573,1980,Netherlands,NLD,75.689003
4574,1981,Netherlands,NLD,75.875
4575,1982,Netherlands,NLD,76.043999
4576,1983,Netherlands,NLD,76.197998
4577,1984,Netherlands,NLD,76.336998
4578,1985,Netherlands,NLD,76.461998
4579,1986,Netherlands,NLD,76.575996
4580,1987,Netherlands,NLD,76.682999
4581,1988,Netherlands,NLD,76.787003
4582,1989,Netherlands,NLD,76.889999
4583,1990,Netherlands,NLD,76.992996
4584,1991,Netherlands,NLD,77.098
4585,1992,Netherlands,NLD,77.202003
4586,1993,Netherlands,NLD,77.307999
4587,1994,Netherlands,NLD,77.416
4588,1995,Netherlands,NLD,77.528
4589,1996,Netherlands,NLD,77.641998
4590,1997,Netherlands,NLD,77.762001
4591,1998,Netherlands,NLD,77.889
4592,1999,Netherlands,NLD,78.028
4593,2000,Netherlands,NLD,78.186996
4594,2001,Netherlands,NLD,78.373001
4595,2002,Netherlands,NLD,78.589996
4596,2003,Netherlands,NLD,78.836998
4597,2004,Netherlands,NLD,79.110001
4598,2005,Netherlands,NLD,79.401001
4599,2006,Netherlands,NLD,79.702003
4600,2007,Netherlands,NLD,80.000999
4601,2008,Netherlands,NLD,80.287003
4602,2009,Netherlands,NLD,80.554001
4603,2010,Netherlands,NLD,80.796997
4604,2011,Netherlands,NLD,81.014
4605,2012,Netherlands,NLD,81.209999
4606,2013,Netherlands,NLD,81.389
4607,2014,Netherlands,NLD,81.555
4608,2015,Netherlands,NLD,81.709999
4609,1980,New Caledonia,NCL,67.089996
4610,1981,New Caledonia,NCL,67.494003
4611,1982,New Caledonia,NCL,67.889
4612,1983,New Caledonia,NCL,68.273003
4613,1984,New Caledonia,NCL,68.648003
4614,1985,New Caledonia,NCL,69.013
4615,1986,New Caledonia,NCL,69.369003
4616,1987,New Caledonia,NCL,69.714996
4617,1988,New Caledonia,NCL,70.052002
4618,1989,New Caledonia,NCL,70.380997
4619,1990,New Caledonia,NCL,70.699997
4620,1991,New Caledonia,NCL,71.010002
4621,1992,New Caledonia,NCL,71.309998
4622,1993,New Caledonia,NCL,71.602997
4623,1994,New Caledonia,NCL,71.887001
4624,1995,New Caledonia,NCL,72.164001
4625,1996,New Caledonia,NCL,72.433998
4626,1997,New Caledonia,NCL,72.698997
4627,1998,New Caledonia,NCL,72.959
4628,1999,New Caledonia,NCL,73.213997
4629,2000,New Caledonia,NCL,73.462997
4630,2001,New Caledonia,NCL,73.707001
4631,2002,New Caledonia,NCL,73.945
4632,2003,New Caledonia,NCL,74.176003
4633,2004,New Caledonia,NCL,74.403
4634,2005,New Caledonia,NCL,74.625
4635,2006,New Caledonia,NCL,74.845001
4636,2007,New Caledonia,NCL,75.064003
4637,2008,New Caledonia,NCL,75.283997
4638,2009,New Caledonia,NCL,75.502998
4639,2010,New Caledonia,NCL,75.721001
4640,2011,New Caledonia,NCL,75.938004
4641,2012,New Caledonia,NCL,76.150002
4642,2013,New Caledonia,NCL,76.358002
4643,2014,New Caledonia,NCL,76.560997
4644,2015,New Caledonia,NCL,76.759003
4645,1980,New Zealand,NZL,73.209
4646,1981,New Zealand,NZL,73.416
4647,1982,New Zealand,NZL,73.599998
4648,1983,New Zealand,NZL,73.763
4649,1984,New Zealand,NZL,73.908997
4650,1985,New Zealand,NZL,74.055
4651,1986,New Zealand,NZL,74.225998
4652,1987,New Zealand,NZL,74.436996
4653,1988,New Zealand,NZL,74.699997
4654,1989,New Zealand,NZL,75.011002
4655,1990,New Zealand,NZL,75.360001
4656,1991,New Zealand,NZL,75.724998
4657,1992,New Zealand,NZL,76.082001
4658,1993,New Zealand,NZL,76.414001
4659,1994,New Zealand,NZL,76.716003
4660,1995,New Zealand,NZL,76.988998
4661,1996,New Zealand,NZL,77.244003
4662,1997,New Zealand,NZL,77.497002
4663,1998,New Zealand,NZL,77.760002
4664,1999,New Zealand,NZL,78.036003
4665,2000,New Zealand,NZL,78.323997
4666,2001,New Zealand,NZL,78.620003
4667,2002,New Zealand,NZL,78.914001
4668,2003,New Zealand,NZL,79.199997
4669,2004,New Zealand,NZL,79.473999
4670,2005,New Zealand,NZL,79.734001
4671,2006,New Zealand,NZL,79.980003
4672,2007,New Zealand,NZL,80.213997
4673,2008,New Zealand,NZL,80.438004
4674,2009,New Zealand,NZL,80.653
4675,2010,New Zealand,NZL,80.857002
4676,2011,New Zealand,NZL,81.050003
4677,2012,New Zealand,NZL,81.232002
4678,2013,New Zealand,NZL,81.404999
4679,2014,New Zealand,NZL,81.57
4680,2015,New Zealand,NZL,81.728996
4681,1980,Nicaragua,NIC,58.508999
4682,1981,Nicaragua,NIC,58.880001
4683,1982,Nicaragua,NIC,59.271
4684,1983,Nicaragua,NIC,59.691002
4685,1984,Nicaragua,NIC,60.151001
4686,1985,Nicaragua,NIC,60.669998
4687,1986,Nicaragua,NIC,61.261002
4688,1987,Nicaragua,NIC,61.919998
4689,1988,Nicaragua,NIC,62.637001
4690,1989,Nicaragua,NIC,63.396
4691,1990,Nicaragua,NIC,64.168999
4692,1991,Nicaragua,NIC,64.927002
4693,1992,Nicaragua,NIC,65.641998
4694,1993,Nicaragua,NIC,66.296997
4695,1994,Nicaragua,NIC,66.886002
4696,1995,Nicaragua,NIC,67.411003
4697,1996,Nicaragua,NIC,67.890999
4698,1997,Nicaragua,NIC,68.348999
4699,1998,Nicaragua,NIC,68.807999
4700,1999,Nicaragua,NIC,69.272003
4701,2000,Nicaragua,NIC,69.741997
4702,2001,Nicaragua,NIC,70.213997
4703,2002,Nicaragua,NIC,70.675003
4704,2003,Nicaragua,NIC,71.116997
4705,2004,Nicaragua,NIC,71.537003
4706,2005,Nicaragua,NIC,71.934998
4707,2006,Nicaragua,NIC,72.313004
4708,2007,Nicaragua,NIC,72.677002
4709,2008,Nicaragua,NIC,73.028
4710,2009,Nicaragua,NIC,73.369003
4711,2010,Nicaragua,NIC,73.698997
4712,2011,Nicaragua,NIC,74.015999
4713,2012,Nicaragua,NIC,74.319
4714,2013,Nicaragua,NIC,74.608002
4715,2014,Nicaragua,NIC,74.884003
4716,2015,Nicaragua,NIC,75.149002
4717,1980,Niger,NER,38.962002
4718,1981,Niger,NER,39.450001
4719,1982,Niger,NER,39.926998
4720,1983,Niger,NER,40.384998
4721,1984,Niger,NER,40.820999
4722,1985,Niger,NER,41.240002
4723,1986,Niger,NER,41.653999
4724,1987,Niger,NER,42.078999
4725,1988,Niger,NER,42.530998
4726,1989,Niger,NER,43.014999
4727,1990,Niger,NER,43.540001
4728,1991,Niger,NER,44.108002
4729,1992,Niger,NER,44.710999
4730,1993,Niger,NER,45.342999
4731,1994,Niger,NER,45.995998
4732,1995,Niger,NER,46.659
4733,1996,Niger,NER,47.323002
4734,1997,Niger,NER,47.979
4735,1998,Niger,NER,48.622002
4736,1999,Niger,NER,49.252998
4737,2000,Niger,NER,49.874001
4738,2001,Niger,NER,50.493999
4739,2002,Niger,NER,51.123001
4740,2003,Niger,NER,51.77
4741,2004,Niger,NER,52.436001
4742,2005,Niger,NER,53.126999
4743,2006,Niger,NER,53.848999
4744,2007,Niger,NER,54.592999
4745,2008,Niger,NER,55.349998
4746,2009,Niger,NER,56.105
4747,2010,Niger,NER,56.838001
4748,2011,Niger,NER,57.528
4749,2012,Niger,NER,58.16
4750,2013,Niger,NER,58.727001
4751,2014,Niger,NER,59.228001
4752,2015,Niger,NER,59.667
4753,1980,Nigeria,NGA,45.331001
4754,1981,Nigeria,NGA,45.634998
4755,1982,Nigeria,NGA,45.866001
4756,1983,Nigeria,NGA,46.021
4757,1984,Nigeria,NGA,46.104
4758,1985,Nigeria,NGA,46.125
4759,1986,Nigeria,NGA,46.098999
4760,1987,Nigeria,NGA,46.046001
4761,1988,Nigeria,NGA,45.987999
4762,1989,Nigeria,NGA,45.937
4763,1990,Nigeria,NGA,45.897999
4764,1991,Nigeria,NGA,45.873001
4765,1992,Nigeria,NGA,45.855
4766,1993,Nigeria,NGA,45.842999
4767,1994,Nigeria,NGA,45.841
4768,1995,Nigeria,NGA,45.852001
4769,1996,Nigeria,NGA,45.876999
4770,1997,Nigeria,NGA,45.921001
4771,1998,Nigeria,NGA,45.992001
4772,1999,Nigeria,NGA,46.101002
4773,2000,Nigeria,NGA,46.265999
4774,2001,Nigeria,NGA,46.508999
4775,2002,Nigeria,NGA,46.834
4776,2003,Nigeria,NGA,47.240002
4777,2004,Nigeria,NGA,47.716999
4778,2005,Nigeria,NGA,48.245998
4779,2006,Nigeria,NGA,48.801998
4780,2007,Nigeria,NGA,49.355999
4781,2008,Nigeria,NGA,49.887001
4782,2009,Nigeria,NGA,50.384998
4783,2010,Nigeria,NGA,50.847
4784,2011,Nigeria,NGA,51.278999
4785,2012,Nigeria,NGA,51.699001
4786,2013,Nigeria,NGA,52.120998
4787,2014,Nigeria,NGA,52.549
4788,2015,Nigeria,NGA,52.985001
4789,1980,North Korea,PRK,66.185997
4790,1981,North Korea,PRK,66.570999
4791,1982,North Korea,PRK,66.924004
4792,1983,North Korea,PRK,67.254997
4793,1984,North Korea,PRK,67.569
4794,1985,North Korea,PRK,67.900002
4795,1986,North Korea,PRK,68.283997
4796,1987,North Korea,PRK,68.719002
4797,1988,North Korea,PRK,69.177002
4798,1989,North Korea,PRK,69.611
4799,1990,North Korea,PRK,69.896004
4800,1991,North Korea,PRK,69.878998
4801,1992,North Korea,PRK,69.491997
4802,1993,North Korea,PRK,68.741997
4803,1994,North Korea,PRK,67.697998
4804,1995,North Korea,PRK,66.537003
4805,1996,North Korea,PRK,65.495003
4806,1997,North Korea,PRK,64.772003
4807,1998,North Korea,PRK,64.492996
4808,1999,North Korea,PRK,64.683998
4809,2000,North Korea,PRK,65.267998
4810,2001,North Korea,PRK,66.086998
4811,2002,North Korea,PRK,66.925003
4812,2003,North Korea,PRK,67.614998
4813,2004,North Korea,PRK,68.101997
4814,2005,North Korea,PRK,68.389
4815,2006,North Korea,PRK,68.540001
4816,2007,North Korea,PRK,68.676003
4817,2008,North Korea,PRK,68.886002
4818,2009,North Korea,PRK,69.186996
4819,2010,North Korea,PRK,69.571999
4820,2011,North Korea,PRK,70.011002
4821,2012,North Korea,PRK,70.447998
4822,2013,North Korea,PRK,70.842003
4823,2014,North Korea,PRK,71.179001
4824,2015,North Korea,PRK,71.457001
4825,1980,Norway,NOR,75.696999
4826,1981,Norway,NOR,75.82
4827,1982,Norway,NOR,75.917999
4828,1983,Norway,NOR,75.997002
4829,1984,Norway,NOR,76.060997
4830,1985,Norway,NOR,76.121002
4831,1986,Norway,NOR,76.190002
4832,1987,Norway,NOR,76.280998
4833,1988,Norway,NOR,76.400002
4834,1989,Norway,NOR,76.550003
4835,1990,Norway,NOR,76.728996
4836,1991,Norway,NOR,76.931999
4837,1992,Norway,NOR,77.146004
4838,1993,Norway,NOR,77.361
4839,1994,Norway,NOR,77.574997
4840,1995,Norway,NOR,77.782997
4841,1996,Norway,NOR,77.985001
4842,1997,Norway,NOR,78.183998
4843,1998,Norway,NOR,78.384003
4844,1999,Norway,NOR,78.585999
4845,2000,Norway,NOR,78.792999
4846,2001,Norway,NOR,79.010002
4847,2002,Norway,NOR,79.237
4848,2003,Norway,NOR,79.473999
4849,2004,Norway,NOR,79.720001
4850,2005,Norway,NOR,79.971001
4851,2006,Norway,NOR,80.222
4852,2007,Norway,NOR,80.468002
4853,2008,Norway,NOR,80.705002
4854,2009,Norway,NOR,80.93
4855,2010,Norway,NOR,81.139999
4856,2011,Norway,NOR,81.334999
4857,2012,Norway,NOR,81.517998
4858,2013,Norway,NOR,81.691002
4859,2014,Norway,NOR,81.856003
4860,2015,Norway,NOR,82.015999
4861,1980,Oman,OMN,59.757999
4862,1981,Oman,OMN,60.659
4863,1982,Oman,OMN,61.522999
4864,1983,Oman,OMN,62.355
4865,1984,Oman,OMN,63.153
4866,1985,Oman,OMN,63.915001
4867,1986,Oman,OMN,64.638
4868,1987,Oman,OMN,65.323997
4869,1988,Oman,OMN,65.974998
4870,1989,Oman,OMN,66.593002
4871,1990,Oman,OMN,67.181
4872,1991,Oman,OMN,67.739998
4873,1992,Oman,OMN,68.274002
4874,1993,Oman,OMN,68.787003
4875,1994,Oman,OMN,69.283997
4876,1995,Oman,OMN,69.771004
4877,1996,Oman,OMN,70.250999
4878,1997,Oman,OMN,70.725998
4879,1998,Oman,OMN,71.197998
4880,1999,Oman,OMN,71.664001
4881,2000,Oman,OMN,72.125999
4882,2001,Oman,OMN,72.580002
4883,2002,Oman,OMN,73.022003
4884,2003,Oman,OMN,73.446999
4885,2004,Oman,OMN,73.850998
4886,2005,Oman,OMN,74.231003
4887,2006,Oman,OMN,74.580002
4888,2007,Oman,OMN,74.898003
4889,2008,Oman,OMN,75.188004
4890,2009,Oman,OMN,75.450996
4891,2010,Oman,OMN,75.694
4892,2011,Oman,OMN,75.921997
4893,2012,Oman,OMN,76.140999
4894,2013,Oman,OMN,76.358002
4895,2014,Oman,OMN,76.578003
4896,2015,Oman,OMN,76.801003
4897,1980,Pakistan,PAK,56.972
4898,1981,Pakistan,PAK,57.294998
4899,1982,Pakistan,PAK,57.612999
4900,1983,Pakistan,PAK,57.925999
4901,1984,Pakistan,PAK,58.237
4902,1985,Pakistan,PAK,58.544998
4903,1986,Pakistan,PAK,58.852001
4904,1987,Pakistan,PAK,59.157001
4905,1988,Pakistan,PAK,59.458
4906,1989,Pakistan,PAK,59.756001
4907,1990,Pakistan,PAK,60.049999
4908,1991,Pakistan,PAK,60.338001
4909,1992,Pakistan,PAK,60.620998
4910,1993,Pakistan,PAK,60.897999
4911,1994,Pakistan,PAK,61.168999
4912,1995,Pakistan,PAK,61.436001
4913,1996,Pakistan,PAK,61.700001
4914,1997,Pakistan,PAK,61.960999
4915,1998,Pakistan,PAK,62.220001
4916,1999,Pakistan,PAK,62.476002
4917,2000,Pakistan,PAK,62.727001
4918,2001,Pakistan,PAK,62.966999
4919,2002,Pakistan,PAK,63.195999
4920,2003,Pakistan,PAK,63.414001
4921,2004,Pakistan,PAK,63.625
4922,2005,Pakistan,PAK,63.835999
4923,2006,Pakistan,PAK,64.059998
4924,2007,Pakistan,PAK,64.303001
4925,2008,Pakistan,PAK,64.565002
4926,2009,Pakistan,PAK,64.845001
4927,2010,Pakistan,PAK,65.134003
4928,2011,Pakistan,PAK,65.418999
4929,2012,Pakistan,PAK,65.685997
4930,2013,Pakistan,PAK,65.927002
4931,2014,Pakistan,PAK,66.139
4932,2015,Pakistan,PAK,66.321999
4933,1980,Palestine,PSE,62.757999
4934,1981,Palestine,PSE,63.435001
4935,1982,Palestine,PSE,64.089996
4936,1983,Palestine,PSE,64.721001
4937,1984,Palestine,PSE,65.32
4938,1985,Palestine,PSE,65.883003
4939,1986,Palestine,PSE,66.403
4940,1987,Palestine,PSE,66.879997
4941,1988,Palestine,PSE,67.318001
4942,1989,Palestine,PSE,67.717003
4943,1990,Palestine,PSE,68.084
4944,1991,Palestine,PSE,68.425003
4945,1992,Palestine,PSE,68.748001
4946,1993,Palestine,PSE,69.056999
4947,1994,Palestine,PSE,69.355003
4948,1995,Palestine,PSE,69.641998
4949,1996,Palestine,PSE,69.912003
4950,1997,Palestine,PSE,70.162003
4951,1998,Palestine,PSE,70.387001
4952,1999,Palestine,PSE,70.592003
4953,2000,Palestine,PSE,70.778
4954,2001,Palestine,PSE,70.949997
4955,2002,Palestine,PSE,71.114998
4956,2003,Palestine,PSE,71.277
4957,2004,Palestine,PSE,71.440002
4958,2005,Palestine,PSE,71.605003
4959,2006,Palestine,PSE,71.773003
4960,2007,Palestine,PSE,71.942001
4961,2008,Palestine,PSE,72.110001
4962,2009,Palestine,PSE,72.277
4963,2010,Palestine,PSE,72.444
4964,2011,Palestine,PSE,72.612999
4965,2012,Palestine,PSE,72.782997
4966,2013,Palestine,PSE,72.954002
4967,2014,Palestine,PSE,73.125999
4968,2015,Palestine,PSE,73.299004
4969,1980,Panama,PAN,70.194
4970,1981,Panama,PAN,70.539001
4971,1982,Panama,PAN,70.860001
4972,1983,Panama,PAN,71.165001
4973,1984,Panama,PAN,71.455002
4974,1985,Panama,PAN,71.734001
4975,1986,Panama,PAN,72.001999
4976,1987,Panama,PAN,72.261002
4977,1988,Panama,PAN,72.510002
4978,1989,Panama,PAN,72.751999
4979,1990,Panama,PAN,72.987
4980,1991,Panama,PAN,73.218002
4981,1992,Panama,PAN,73.443001
4982,1993,Panama,PAN,73.663002
4983,1994,Panama,PAN,73.878998
4984,1995,Panama,PAN,74.089996
4985,1996,Panama,PAN,74.297997
4986,1997,Panama,PAN,74.500999
4987,1998,Panama,PAN,74.699997
4988,1999,Panama,PAN,74.894997
4989,2000,Panama,PAN,75.084
4990,2001,Panama,PAN,75.266998
4991,2002,Panama,PAN,75.443001
4992,2003,Panama,PAN,75.613998
4993,2004,Panama,PAN,75.781998
4994,2005,Panama,PAN,75.946999
4995,2006,Panama,PAN,76.113998
4996,2007,Panama,PAN,76.285004
4997,2008,Panama,PAN,76.459999
4998,2009,Panama,PAN,76.640999
4999,2010,Panama,PAN,76.828003
5000,2011,Panama,PAN,77.021004
5001,2012,Panama,PAN,77.216003
5002,2013,Panama,PAN,77.413002
5003,2014,Panama,PAN,77.610001
5004,2015,Panama,PAN,77.806
5005,1980,Papua New Guinea,PNG,55.618999
5006,1981,Papua New Guinea,PNG,56.237
5007,1982,Papua New Guinea,PNG,56.756001
5008,1983,Papua New Guinea,PNG,57.172001
5009,1984,Papua New Guinea,PNG,57.491001
5010,1985,Papua New Guinea,PNG,57.731998
5011,1986,Papua New Guinea,PNG,57.928001
5012,1987,Papua New Guinea,PNG,58.117001
5013,1988,Papua New Guinea,PNG,58.328999
5014,1989,Papua New Guinea,PNG,58.577
5015,1990,Papua New Guinea,PNG,58.865002
5016,1991,Papua New Guinea,PNG,59.181999
5017,1992,Papua New Guinea,PNG,59.507999
5018,1993,Papua New Guinea,PNG,59.824001
5019,1994,Papua New Guinea,PNG,60.127998
5020,1995,Papua New Guinea,PNG,60.417999
5021,1996,Papua New Guinea,PNG,60.698002
5022,1997,Papua New Guinea,PNG,60.974998
5023,1998,Papua New Guinea,PNG,61.254002
5024,1999,Papua New Guinea,PNG,61.537998
5025,2000,Papua New Guinea,PNG,61.832001
5026,2001,Papua New Guinea,PNG,62.139
5027,2002,Papua New Guinea,PNG,62.458
5028,2003,Papua New Guinea,PNG,62.784
5029,2004,Papua New Guinea,PNG,63.112999
5030,2005,Papua New Guinea,PNG,63.432999
5031,2006,Papua New Guinea,PNG,63.733002
5032,2007,Papua New Guinea,PNG,64.005997
5033,2008,Papua New Guinea,PNG,64.247002
5034,2009,Papua New Guinea,PNG,64.455002
5035,2010,Papua New Guinea,PNG,64.634003
5036,2011,Papua New Guinea,PNG,64.791
5037,2012,Papua New Guinea,PNG,64.936996
5038,2013,Papua New Guinea,PNG,65.082001
5039,2014,Papua New Guinea,PNG,65.230003
5040,2015,Papua New Guinea,PNG,65.384003
5041,1980,Paraguay,PRY,66.792999
5042,1981,Paraguay,PRY,66.898003
5043,1982,Paraguay,PRY,67.0
5044,1983,Paraguay,PRY,67.099998
5045,1984,Paraguay,PRY,67.198997
5046,1985,Paraguay,PRY,67.304001
5047,1986,Paraguay,PRY,67.417
5048,1987,Paraguay,PRY,67.543999
5049,1988,Paraguay,PRY,67.686996
5050,1989,Paraguay,PRY,67.844002
5051,1990,Paraguay,PRY,68.014
5052,1991,Paraguay,PRY,68.191002
5053,1992,Paraguay,PRY,68.370003
5054,1993,Paraguay,PRY,68.547997
5055,1994,Paraguay,PRY,68.726997
5056,1995,Paraguay,PRY,68.911003
5057,1996,Paraguay,PRY,69.108002
5058,1997,Paraguay,PRY,69.321999
5059,1998,Paraguay,PRY,69.556
5060,1999,Paraguay,PRY,69.807999
5061,2000,Paraguay,PRY,70.07
5062,2001,Paraguay,PRY,70.334999
5063,2002,Paraguay,PRY,70.593002
5064,2003,Paraguay,PRY,70.837997
5065,2004,Paraguay,PRY,71.067001
5066,2005,Paraguay,PRY,71.280998
5067,2006,Paraguay,PRY,71.485001
5068,2007,Paraguay,PRY,71.685997
5069,2008,Paraguay,PRY,71.887001
5070,2009,Paraguay,PRY,72.088997
5071,2010,Paraguay,PRY,72.285004
5072,2011,Paraguay,PRY,72.470001
5073,2012,Paraguay,PRY,72.638
5074,2013,Paraguay,PRY,72.786003
5075,2014,Paraguay,PRY,72.913002
5076,2015,Paraguay,PRY,73.023003
5077,1980,Peru,PER,60.064999
5078,1981,Peru,PER,60.661999
5079,1982,Peru,PER,61.254002
5080,1983,Peru,PER,61.835999
5081,1984,Peru,PER,62.405998
5082,1985,Peru,PER,62.962002
5083,1986,Peru,PER,63.502998
5084,1987,Peru,PER,64.028999
5085,1988,Peru,PER,64.542
5086,1989,Peru,PER,65.044998
5087,1990,Peru,PER,65.541
5088,1991,Peru,PER,66.033997
5089,1992,Peru,PER,66.528
5090,1993,Peru,PER,67.024002
5091,1994,Peru,PER,67.523003
5092,1995,Peru,PER,68.026001
5093,1996,Peru,PER,68.532997
5094,1997,Peru,PER,69.041
5095,1998,Peru,PER,69.543999
5096,1999,Peru,PER,70.036003
5097,2000,Peru,PER,70.512001
5098,2001,Peru,PER,70.963997
5099,2002,Peru,PER,71.389
5100,2003,Peru,PER,71.783997
5101,2004,Peru,PER,72.146004
5102,2005,Peru,PER,72.473
5103,2006,Peru,PER,72.764
5104,2007,Peru,PER,73.023003
5105,2008,Peru,PER,73.258003
5106,2009,Peru,PER,73.474998
5107,2010,Peru,PER,73.681
5108,2011,Peru,PER,73.883003
5109,2012,Peru,PER,74.087997
5110,2013,Peru,PER,74.297997
5111,2014,Peru,PER,74.517998
5112,2015,Peru,PER,74.747002
5113,1980,Philippines,PHL,62.154999
5114,1981,Philippines,PHL,62.421001
5115,1982,Philippines,PHL,62.731998
5116,1983,Philippines,PHL,63.073002
5117,1984,Philippines,PHL,63.433998
5118,1985,Philippines,PHL,63.798
5119,1986,Philippines,PHL,64.149002
5120,1987,Philippines,PHL,64.474998
5121,1988,Philippines,PHL,64.769997
5122,1989,Philippines,PHL,65.028999
5123,1990,Philippines,PHL,65.255997
5124,1991,Philippines,PHL,65.460999
5125,1992,Philippines,PHL,65.656998
5126,1993,Philippines,PHL,65.856003
5127,1994,Philippines,PHL,66.058998
5128,1995,Philippines,PHL,66.264999
5129,1996,Philippines,PHL,66.471001
5130,1997,Philippines,PHL,66.667999
5131,1998,Philippines,PHL,66.850998
5132,1999,Philippines,PHL,67.018997
5133,2000,Philippines,PHL,67.169998
5134,2001,Philippines,PHL,67.307999
5135,2002,Philippines,PHL,67.433998
5136,2003,Philippines,PHL,67.555
5137,2004,Philippines,PHL,67.669998
5138,2005,Philippines,PHL,67.782997
5139,2006,Philippines,PHL,67.891998
5140,2007,Philippines,PHL,68.0
5141,2008,Philippines,PHL,68.105003
5142,2009,Philippines,PHL,68.210999
5143,2010,Philippines,PHL,68.32
5144,2011,Philippines,PHL,68.432999
5145,2012,Philippines,PHL,68.553001
5146,2013,Philippines,PHL,68.68
5147,2014,Philippines,PHL,68.813004
5148,2015,Philippines,PHL,68.950996
5149,1980,Poland,POL,70.528
5150,1981,Poland,POL,70.584
5151,1982,Poland,POL,70.633003
5152,1983,Poland,POL,70.667999
5153,1984,Poland,POL,70.691002
5154,1985,Poland,POL,70.702003
5155,1986,Poland,POL,70.705002
5156,1987,Poland,POL,70.709
5157,1988,Poland,POL,70.723
5158,1989,Poland,POL,70.757004
5159,1990,Poland,POL,70.822998
5160,1991,Poland,POL,70.93
5161,1992,Poland,POL,71.084
5162,1993,Poland,POL,71.285004
5163,1994,Poland,POL,71.532997
5164,1995,Poland,POL,71.827003
5165,1996,Poland,POL,72.164001
5166,1997,Poland,POL,72.535004
5167,1998,Poland,POL,72.922997
5168,1999,Poland,POL,73.318001
5169,2000,Poland,POL,73.699997
5170,2001,Poland,POL,74.054001
5171,2002,Poland,POL,74.372002
5172,2003,Poland,POL,74.652
5173,2004,Poland,POL,74.894997
5174,2005,Poland,POL,75.112
5175,2006,Poland,POL,75.319
5176,2007,Poland,POL,75.532997
5177,2008,Poland,POL,75.764999
5178,2009,Poland,POL,76.017998
5179,2010,Poland,POL,76.287003
5180,2011,Poland,POL,76.557999
5181,2012,Poland,POL,76.817001
5182,2013,Poland,POL,77.053001
5183,2014,Poland,POL,77.264
5184,2015,Poland,POL,77.448997
5185,1980,Polynesia,OWID_PYA,63.535999
5186,1981,Polynesia,OWID_PYA,64.036003
5187,1982,Polynesia,OWID_PYA,64.522003
5188,1983,Polynesia,OWID_PYA,64.984001
5189,1984,Polynesia,OWID_PYA,65.417
5190,1985,Polynesia,OWID_PYA,65.820999
5191,1986,Polynesia,OWID_PYA,66.200996
5192,1987,Polynesia,OWID_PYA,66.567001
5193,1988,Polynesia,OWID_PYA,66.927002
5194,1989,Polynesia,OWID_PYA,67.282997
5195,1990,Polynesia,OWID_PYA,67.638
5196,1991,Polynesia,OWID_PYA,67.989998
5197,1992,Polynesia,OWID_PYA,68.337997
5198,1993,Polynesia,OWID_PYA,68.68
5199,1994,Polynesia,OWID_PYA,69.014999
5200,1995,Polynesia,OWID_PYA,69.341003
5201,1996,Polynesia,OWID_PYA,69.657997
5202,1997,Polynesia,OWID_PYA,69.966003
5203,1998,Polynesia,OWID_PYA,70.266998
5204,1999,Polynesia,OWID_PYA,70.560997
5205,2000,Polynesia,OWID_PYA,70.853996
5206,2001,Polynesia,OWID_PYA,71.151001
5207,2002,Polynesia,OWID_PYA,71.454002
5208,2003,Polynesia,OWID_PYA,71.764
5209,2004,Polynesia,OWID_PYA,72.081001
5210,2005,Polynesia,OWID_PYA,72.402
5211,2006,Polynesia,OWID_PYA,72.723
5212,2007,Polynesia,OWID_PYA,73.040001
5213,2008,Polynesia,OWID_PYA,73.347
5214,2009,Polynesia,OWID_PYA,73.639999
5215,2010,Polynesia,OWID_PYA,73.917999
5216,2011,Polynesia,OWID_PYA,74.178001
5217,2012,Polynesia,OWID_PYA,74.421997
5218,2013,Polynesia,OWID_PYA,74.653
5219,2014,Polynesia,OWID_PYA,74.871002
5220,2015,Polynesia,OWID_PYA,75.079002
5221,1980,Portugal,PRT,71.505997
5222,1981,Portugal,PRT,71.924004
5223,1982,Portugal,PRT,72.324997
5224,1983,Portugal,PRT,72.703003
5225,1984,Portugal,PRT,73.056
5226,1985,Portugal,PRT,73.375999
5227,1986,Portugal,PRT,73.658997
5228,1987,Portugal,PRT,73.906998
5229,1988,Portugal,PRT,74.125
5230,1989,Portugal,PRT,74.319
5231,1990,Portugal,PRT,74.496002
5232,1991,Portugal,PRT,74.662003
5233,1992,Portugal,PRT,74.825996
5234,1993,Portugal,PRT,74.998001
5235,1994,Portugal,PRT,75.182999
5236,1995,Portugal,PRT,75.388
5237,1996,Portugal,PRT,75.617996
5238,1997,Portugal,PRT,75.871002
5239,1998,Portugal,PRT,76.142998
5240,1999,Portugal,PRT,76.433998
5241,2000,Portugal,PRT,76.744003
5242,2001,Portugal,PRT,77.071999
5243,2002,Portugal,PRT,77.414001
5244,2003,Portugal,PRT,77.763
5245,2004,Portugal,PRT,78.114998
5246,2005,Portugal,PRT,78.459999
5247,2006,Portugal,PRT,78.793999
5248,2007,Portugal,PRT,79.112
5249,2008,Portugal,PRT,79.411003
5250,2009,Portugal,PRT,79.689003
5251,2010,Portugal,PRT,79.945999
5252,2011,Portugal,PRT,80.183998
5253,2012,Portugal,PRT,80.406998
5254,2013,Portugal,PRT,80.620003
5255,2014,Portugal,PRT,80.827003
5256,2015,Portugal,PRT,81.028999
5257,1980,Puerto Rico,PRI,73.766998
5258,1981,Puerto Rico,PRI,73.861
5259,1982,Puerto Rico,PRI,73.966003
5260,1983,Puerto Rico,PRI,74.084999
5261,1984,Puerto Rico,PRI,74.213997
5262,1985,Puerto Rico,PRI,74.333
5263,1986,Puerto Rico,PRI,74.414001
5264,1987,Puerto Rico,PRI,74.436996
5265,1988,Puerto Rico,PRI,74.396004
5266,1989,Puerto Rico,PRI,74.302002
5267,1990,Puerto Rico,PRI,74.177002
5268,1991,Puerto Rico,PRI,74.054001
5269,1992,Puerto Rico,PRI,73.969002
5270,1993,Puerto Rico,PRI,73.950996
5271,1994,Puerto Rico,PRI,74.013
5272,1995,Puerto Rico,PRI,74.165001
5273,1996,Puerto Rico,PRI,74.405998
5274,1997,Puerto Rico,PRI,74.714996
5275,1998,Puerto Rico,PRI,75.067001
5276,1999,Puerto Rico,PRI,75.444
5277,2000,Puerto Rico,PRI,75.825996
5278,2001,Puerto Rico,PRI,76.193001
5279,2002,Puerto Rico,PRI,76.533997
5280,2003,Puerto Rico,PRI,76.843002
5281,2004,Puerto Rico,PRI,77.114998
5282,2005,Puerto Rico,PRI,77.356003
5283,2006,Puerto Rico,PRI,77.580002
5284,2007,Puerto Rico,PRI,77.803001
5285,2008,Puerto Rico,PRI,78.037003
5286,2009,Puerto Rico,PRI,78.285004
5287,2010,Puerto Rico,PRI,78.544998
5288,2011,Puerto Rico,PRI,78.809998
5289,2012,Puerto Rico,PRI,79.068001
5290,2013,Puerto Rico,PRI,79.311996
5291,2014,Puerto Rico,PRI,79.539001
5292,2015,Puerto Rico,PRI,79.75
5293,1980,Qatar,QAT,72.649002
5294,1981,Qatar,QAT,72.956001
5295,1982,Qatar,QAT,73.247002
5296,1983,Qatar,QAT,73.519997
5297,1984,Qatar,QAT,73.777
5298,1985,Qatar,QAT,74.016998
5299,1986,Qatar,QAT,74.240997
5300,1987,Qatar,QAT,74.447998
5301,1988,Qatar,QAT,74.639999
5302,1989,Qatar,QAT,74.818001
5303,1990,Qatar,QAT,74.984001
5304,1991,Qatar,QAT,75.138
5305,1992,Qatar,QAT,75.282997
5306,1993,Qatar,QAT,75.419998
5307,1994,Qatar,QAT,75.551003
5308,1995,Qatar,QAT,75.678001
5309,1996,Qatar,QAT,75.802002
5310,1997,Qatar,QAT,75.924004
5311,1998,Qatar,QAT,76.044998
5312,1999,Qatar,QAT,76.164001
5313,2000,Qatar,QAT,76.278999
5314,2001,Qatar,QAT,76.387001
5315,2002,Qatar,QAT,76.487999
5316,2003,Qatar,QAT,76.581001
5317,2004,Qatar,QAT,76.667999
5318,2005,Qatar,QAT,76.753998
5319,2006,Qatar,QAT,76.843002
5320,2007,Qatar,QAT,76.940002
5321,2008,Qatar,QAT,77.049004
5322,2009,Qatar,QAT,77.168999
5323,2010,Qatar,QAT,77.301003
5324,2011,Qatar,QAT,77.443001
5325,2012,Qatar,QAT,77.589996
5326,2013,Qatar,QAT,77.738998
5327,2014,Qatar,QAT,77.888
5328,2015,Qatar,QAT,78.036003
5329,1980,Reunion,REU,68.508003
5330,1981,Reunion,REU,68.972
5331,1982,Reunion,REU,69.426003
5332,1983,Reunion,REU,69.870003
5333,1984,Reunion,REU,70.304001
5334,1985,Reunion,REU,70.727997
5335,1986,Reunion,REU,71.141998
5336,1987,Reunion,REU,71.543999
5337,1988,Reunion,REU,71.936996
5338,1989,Reunion,REU,72.319
5339,1990,Reunion,REU,72.691002
5340,1991,Reunion,REU,73.056
5341,1992,Reunion,REU,73.414001
5342,1993,Reunion,REU,73.764999
5343,1994,Reunion,REU,74.111
5344,1995,Reunion,REU,74.452003
5345,1996,Reunion,REU,74.788002
5346,1997,Reunion,REU,75.119003
5347,1998,Reunion,REU,75.444
5348,1999,Reunion,REU,75.764
5349,2000,Reunion,REU,76.077003
5350,2001,Reunion,REU,76.382004
5351,2002,Reunion,REU,76.68
5352,2003,Reunion,REU,76.970001
5353,2004,Reunion,REU,77.252998
5354,2005,Reunion,REU,77.531998
5355,2006,Reunion,REU,77.806999
5356,2007,Reunion,REU,78.082001
5357,2008,Reunion,REU,78.356003
5358,2009,Reunion,REU,78.627998
5359,2010,Reunion,REU,78.896004
5360,2011,Reunion,REU,79.156998
5361,2012,Reunion,REU,79.406998
5362,2013,Reunion,REU,79.646004
5363,2014,Reunion,REU,79.873001
5364,2015,Reunion,REU,80.089996
5365,1980,Romania,ROU,69.723999
5366,1981,Romania,ROU,69.736
5367,1982,Romania,ROU,69.731003
5368,1983,Romania,ROU,69.708
5369,1984,Romania,ROU,69.674004
5370,1985,Romania,ROU,69.634003
5371,1986,Romania,ROU,69.595001
5372,1987,Romania,ROU,69.563004
5373,1988,Romania,ROU,69.542
5374,1989,Romania,ROU,69.535004
5375,1990,Romania,ROU,69.535004
5376,1991,Romania,ROU,69.535004
5377,1992,Romania,ROU,69.528
5378,1993,Romania,ROU,69.516998
5379,1994,Romania,ROU,69.510002
5380,1995,Romania,ROU,69.526001
5381,1996,Romania,ROU,69.586998
5382,1997,Romania,ROU,69.708
5383,1998,Romania,ROU,69.898003
5384,1999,Romania,ROU,70.154999
5385,2000,Romania,ROU,70.470001
5386,2001,Romania,ROU,70.824997
5387,2002,Romania,ROU,71.196999
5388,2003,Romania,ROU,71.566002
5389,2004,Romania,ROU,71.924004
5390,2005,Romania,ROU,72.269997
5391,2006,Romania,ROU,72.610001
5392,2007,Romania,ROU,72.957001
5393,2008,Romania,ROU,73.313004
5394,2009,Romania,ROU,73.674004
5395,2010,Romania,ROU,74.026001
5396,2011,Romania,ROU,74.357002
5397,2012,Romania,ROU,74.653
5398,2013,Romania,ROU,74.907997
5399,2014,Romania,ROU,75.122002
5400,2015,Romania,ROU,75.296997
5401,1980,Russia,RUS,67.348
5402,1981,Russia,RUS,67.414001
5403,1982,Russia,RUS,67.586998
5404,1983,Russia,RUS,67.847
5405,1984,Russia,RUS,68.166
5406,1985,Russia,RUS,68.478996
5407,1986,Russia,RUS,68.708
5408,1987,Russia,RUS,68.793999
5409,1988,Russia,RUS,68.708
5410,1989,Russia,RUS,68.447998
5411,1990,Russia,RUS,68.045998
5412,1991,Russia,RUS,67.559998
5413,1992,Russia,RUS,67.068001
5414,1993,Russia,RUS,66.630997
5415,1994,Russia,RUS,66.278
5416,1995,Russia,RUS,66.008003
5417,1996,Russia,RUS,65.796997
5418,1997,Russia,RUS,65.607002
5419,1998,Russia,RUS,65.416
5420,1999,Russia,RUS,65.233002
5421,2000,Russia,RUS,65.081001
5422,2001,Russia,RUS,64.992996
5423,2002,Russia,RUS,65.001999
5424,2003,Russia,RUS,65.127998
5425,2004,Russia,RUS,65.375999
5426,2005,Russia,RUS,65.751999
5427,2006,Russia,RUS,66.250999
5428,2007,Russia,RUS,66.843002
5429,2008,Russia,RUS,67.490997
5430,2009,Russia,RUS,68.161003
5431,2010,Russia,RUS,68.813004
5432,2011,Russia,RUS,69.406998
5433,2012,Russia,RUS,69.922997
5434,2013,Russia,RUS,70.348999
5435,2014,Russia,RUS,70.679001
5436,2015,Russia,RUS,70.918999
5437,1980,Rwanda,RWA,48.084999
5438,1981,Rwanda,RWA,49.013
5439,1982,Rwanda,RWA,49.933998
5440,1983,Rwanda,RWA,50.708
5441,1984,Rwanda,RWA,51.176998
5442,1985,Rwanda,RWA,50.948002
5443,1986,Rwanda,RWA,49.578999
5444,1987,Rwanda,RWA,46.969002
5445,1988,Rwanda,RWA,43.264
5446,1989,Rwanda,RWA,38.782001
5447,1990,Rwanda,RWA,34.216999
5448,1991,Rwanda,RWA,30.434
5449,1992,Rwanda,RWA,28.101999
5450,1993,Rwanda,RWA,27.610001
5451,1994,Rwanda,RWA,29.003
5452,1995,Rwanda,RWA,31.976999
5453,1996,Rwanda,RWA,35.923
5454,1997,Rwanda,RWA,40.013
5455,1998,Rwanda,RWA,43.596001
5456,1999,Rwanda,RWA,46.411999
5457,2000,Rwanda,RWA,48.415001
5458,2001,Rwanda,RWA,49.792999
5459,2002,Rwanda,RWA,50.970001
5460,2003,Rwanda,RWA,52.268002
5461,2004,Rwanda,RWA,53.755001
5462,2005,Rwanda,RWA,55.43
5463,2006,Rwanda,RWA,57.219002
5464,2007,Rwanda,RWA,58.971001
5465,2008,Rwanda,RWA,60.564999
5466,2009,Rwanda,RWA,61.962002
5467,2010,Rwanda,RWA,63.139999
5468,2011,Rwanda,RWA,64.106003
5469,2012,Rwanda,RWA,64.911003
5470,2013,Rwanda,RWA,65.598
5471,2014,Rwanda,RWA,66.188004
5472,2015,Rwanda,RWA,66.695999
5473,1980,Saint Lucia,LCA,68.879997
5474,1981,Saint Lucia,LCA,69.348
5475,1982,Saint Lucia,LCA,69.747002
5476,1983,Saint Lucia,LCA,70.073997
5477,1984,Saint Lucia,LCA,70.329002
5478,1985,Saint Lucia,LCA,70.521004
5479,1986,Saint Lucia,LCA,70.667999
5480,1987,Saint Lucia,LCA,70.789001
5481,1988,Saint Lucia,LCA,70.900002
5482,1989,Saint Lucia,LCA,71.008003
5483,1990,Saint Lucia,LCA,71.108002
5484,1991,Saint Lucia,LCA,71.186996
5485,1992,Saint Lucia,LCA,71.235001
5486,1993,Saint Lucia,LCA,71.248001
5487,1994,Saint Lucia,LCA,71.235001
5488,1995,Saint Lucia,LCA,71.209
5489,1996,Saint Lucia,LCA,71.185997
5490,1997,Saint Lucia,LCA,71.183998
5491,1998,Saint Lucia,LCA,71.221001
5492,1999,Saint Lucia,LCA,71.306999
5493,2000,Saint Lucia,LCA,71.456001
5494,2001,Saint Lucia,LCA,71.676003
5495,2002,Saint Lucia,LCA,71.958
5496,2003,Saint Lucia,LCA,72.287003
5497,2004,Saint Lucia,LCA,72.652
5498,2005,Saint Lucia,LCA,73.028
5499,2006,Saint Lucia,LCA,73.392998
5500,2007,Saint Lucia,LCA,73.727997
5501,2008,Saint Lucia,LCA,74.019997
5502,2009,Saint Lucia,LCA,74.264999
5503,2010,Saint Lucia,LCA,74.464996
5504,2011,Saint Lucia,LCA,74.633003
5505,2012,Saint Lucia,LCA,74.788002
5506,2013,Saint Lucia,LCA,74.946999
5507,2014,Saint Lucia,LCA,75.116997
5508,2015,Saint Lucia,LCA,75.300003
5509,1980,Saint Vincent and the Grenadines,VCT,67.537003
5510,1981,Saint Vincent and the Grenadines,VCT,67.874001
5511,1982,Saint Vincent and the Grenadines,VCT,68.209999
5512,1983,Saint Vincent and the Grenadines,VCT,68.528
5513,1984,Saint Vincent and the Grenadines,VCT,68.819
5514,1985,Saint Vincent and the Grenadines,VCT,69.083
5515,1986,Saint Vincent and the Grenadines,VCT,69.321999
5516,1987,Saint Vincent and the Grenadines,VCT,69.544998
5517,1988,Saint Vincent and the Grenadines,VCT,69.758003
5518,1989,Saint Vincent and the Grenadines,VCT,69.958
5519,1990,Saint Vincent and the Grenadines,VCT,70.139999
5520,1991,Saint Vincent and the Grenadines,VCT,70.297997
5521,1992,Saint Vincent and the Grenadines,VCT,70.425003
5522,1993,Saint Vincent and the Grenadines,VCT,70.519997
5523,1994,Saint Vincent and the Grenadines,VCT,70.584999
5524,1995,Saint Vincent and the Grenadines,VCT,70.620003
5525,1996,Saint Vincent and the Grenadines,VCT,70.627998
5526,1997,Saint Vincent and the Grenadines,VCT,70.617996
5527,1998,Saint Vincent and the Grenadines,VCT,70.599998
5528,1999,Saint Vincent and the Grenadines,VCT,70.586998
5529,2000,Saint Vincent and the Grenadines,VCT,70.593002
5530,2001,Saint Vincent and the Grenadines,VCT,70.635002
5531,2002,Saint Vincent and the Grenadines,VCT,70.719002
5532,2003,Saint Vincent and the Grenadines,VCT,70.846001
5533,2004,Saint Vincent and the Grenadines,VCT,71.014
5534,2005,Saint Vincent and the Grenadines,VCT,71.218002
5535,2006,Saint Vincent and the Grenadines,VCT,71.445999
5536,2007,Saint Vincent and the Grenadines,VCT,71.682999
5537,2008,Saint Vincent and the Grenadines,VCT,71.914001
5538,2009,Saint Vincent and the Grenadines,VCT,72.129997
5539,2010,Saint Vincent and the Grenadines,VCT,72.327003
5540,2011,Saint Vincent and the Grenadines,VCT,72.500999
5541,2012,Saint Vincent and the Grenadines,VCT,72.656998
5542,2013,Saint Vincent and the Grenadines,VCT,72.802002
5543,2014,Saint Vincent and the Grenadines,VCT,72.934998
5544,2015,Saint Vincent and the Grenadines,VCT,73.059998
5545,1980,Samoa,WSM,59.797001
5546,1981,Samoa,WSM,60.296001
5547,1982,Samoa,WSM,60.791
5548,1983,Samoa,WSM,61.283001
5549,1984,Samoa,WSM,61.771999
5550,1985,Samoa,WSM,62.264999
5551,1986,Samoa,WSM,62.764
5552,1987,Samoa,WSM,63.272999
5553,1988,Samoa,WSM,63.792
5554,1989,Samoa,WSM,64.319
5555,1990,Samoa,WSM,64.850998
5556,1991,Samoa,WSM,65.384003
5557,1992,Samoa,WSM,65.910004
5558,1993,Samoa,WSM,66.424004
5559,1994,Samoa,WSM,66.918999
5560,1995,Samoa,WSM,67.389
5561,1996,Samoa,WSM,67.827003
5562,1997,Samoa,WSM,68.234001
5563,1998,Samoa,WSM,68.612
5564,1999,Samoa,WSM,68.967003
5565,2000,Samoa,WSM,69.305
5566,2001,Samoa,WSM,69.637001
5567,2002,Samoa,WSM,69.970001
5568,2003,Samoa,WSM,70.314003
5569,2004,Samoa,WSM,70.672997
5570,2005,Samoa,WSM,71.051003
5571,2006,Samoa,WSM,71.450996
5572,2007,Samoa,WSM,71.865997
5573,2008,Samoa,WSM,72.288002
5574,2009,Samoa,WSM,72.709999
5575,2010,Samoa,WSM,73.122002
5576,2011,Samoa,WSM,73.513
5577,2012,Samoa,WSM,73.875
5578,2013,Samoa,WSM,74.206001
5579,2014,Samoa,WSM,74.503998
5580,2015,Samoa,WSM,74.769997
5581,1980,Sao Tome and Principe,STP,60.554001
5582,1981,Sao Tome and Principe,STP,60.627998
5583,1982,Sao Tome and Principe,STP,60.682999
5584,1983,Sao Tome and Principe,STP,60.75
5585,1984,Sao Tome and Principe,STP,60.841999
5586,1985,Sao Tome and Principe,STP,60.969002
5587,1986,Sao Tome and Principe,STP,61.125999
5588,1987,Sao Tome and Principe,STP,61.297001
5589,1988,Sao Tome and Principe,STP,61.470001
5590,1989,Sao Tome and Principe,STP,61.640999
5591,1990,Sao Tome and Principe,STP,61.807999
5592,1991,Sao Tome and Principe,STP,61.972
5593,1992,Sao Tome and Principe,STP,62.132999
5594,1993,Sao Tome and Principe,STP,62.293999
5595,1994,Sao Tome and Principe,STP,62.453999
5596,1995,Sao Tome and Principe,STP,62.611
5597,1996,Sao Tome and Principe,STP,62.759998
5598,1997,Sao Tome and Principe,STP,62.902
5599,1998,Sao Tome and Principe,STP,63.041
5600,1999,Sao Tome and Principe,STP,63.181
5601,2000,Sao Tome and Principe,STP,63.338001
5602,2001,Sao Tome and Principe,STP,63.526001
5603,2002,Sao Tome and Principe,STP,63.754002
5604,2003,Sao Tome and Principe,STP,64.021004
5605,2004,Sao Tome and Principe,STP,64.321999
5606,2005,Sao Tome and Principe,STP,64.640999
5607,2006,Sao Tome and Principe,STP,64.956001
5608,2007,Sao Tome and Principe,STP,65.248001
5609,2008,Sao Tome and Principe,STP,65.5
5610,2009,Sao Tome and Principe,STP,65.709
5611,2010,Sao Tome and Principe,STP,65.875
5612,2011,Sao Tome and Principe,STP,66.008003
5613,2012,Sao Tome and Principe,STP,66.125
5614,2013,Sao Tome and Principe,STP,66.240997
5615,2014,Sao Tome and Principe,STP,66.361
5616,2015,Sao Tome and Principe,STP,66.487999
5617,1980,Saudi Arabia,SAU,63.041
5618,1981,Saudi Arabia,SAU,63.84
5619,1982,Saudi Arabia,SAU,64.585999
5620,1983,Saudi Arabia,SAU,65.285004
5621,1984,Saudi Arabia,SAU,65.938004
5622,1985,Saudi Arabia,SAU,66.547997
5623,1986,Saudi Arabia,SAU,67.114998
5624,1987,Saudi Arabia,SAU,67.639999
5625,1988,Saudi Arabia,SAU,68.128998
5626,1989,Saudi Arabia,SAU,68.585999
5627,1990,Saudi Arabia,SAU,69.016998
5628,1991,Saudi Arabia,SAU,69.428001
5629,1992,Saudi Arabia,SAU,69.821999
5630,1993,Saudi Arabia,SAU,70.200996
5631,1994,Saudi Arabia,SAU,70.567001
5632,1995,Saudi Arabia,SAU,70.921997
5633,1996,Saudi Arabia,SAU,71.265999
5634,1997,Saudi Arabia,SAU,71.594002
5635,1998,Saudi Arabia,SAU,71.902
5636,1999,Saudi Arabia,SAU,72.186996
5637,2000,Saudi Arabia,SAU,72.440002
5638,2001,Saudi Arabia,SAU,72.651001
5639,2002,Saudi Arabia,SAU,72.82
5640,2003,Saudi Arabia,SAU,72.947998
5641,2004,Saudi Arabia,SAU,73.041
5642,2005,Saudi Arabia,SAU,73.112
5643,2006,Saudi Arabia,SAU,73.176003
5644,2007,Saudi Arabia,SAU,73.245003
5645,2008,Saudi Arabia,SAU,73.331001
5646,2009,Saudi Arabia,SAU,73.440002
5647,2010,Saudi Arabia,SAU,73.573997
5648,2011,Saudi Arabia,SAU,73.730003
5649,2012,Saudi Arabia,SAU,73.896004
5650,2013,Saudi Arabia,SAU,74.066002
5651,2014,Saudi Arabia,SAU,74.234001
5652,2015,Saudi Arabia,SAU,74.400002
5653,1980,Senegal,SEN,48.944
5654,1981,Senegal,SEN,49.939999
5655,1982,Senegal,SEN,50.938
5656,1983,Senegal,SEN,51.945
5657,1984,Senegal,SEN,52.945999
5658,1985,Senegal,SEN,53.914001
5659,1986,Senegal,SEN,54.813
5660,1987,Senegal,SEN,55.610001
5661,1988,Senegal,SEN,56.283001
5662,1989,Senegal,SEN,56.818001
5663,1990,Senegal,SEN,57.202
5664,1991,Senegal,SEN,57.43
5665,1992,Senegal,SEN,57.528999
5666,1993,Senegal,SEN,57.535
5667,1994,Senegal,SEN,57.48
5668,1995,Senegal,SEN,57.404999
5669,1996,Senegal,SEN,57.344002
5670,1997,Senegal,SEN,57.327999
5671,1998,Senegal,SEN,57.382999
5672,1999,Senegal,SEN,57.533001
5673,2000,Senegal,SEN,57.796001
5674,2001,Senegal,SEN,58.18
5675,2002,Senegal,SEN,58.665001
5676,2003,Senegal,SEN,59.23
5677,2004,Senegal,SEN,59.859001
5678,2005,Senegal,SEN,60.541
5679,2006,Senegal,SEN,61.263
5680,2007,Senegal,SEN,62.007999
5681,2008,Senegal,SEN,62.755001
5682,2009,Senegal,SEN,63.485001
5683,2010,Senegal,SEN,64.177002
5684,2011,Senegal,SEN,64.814003
5685,2012,Senegal,SEN,65.392998
5686,2013,Senegal,SEN,65.914001
5687,2014,Senegal,SEN,66.375999
5688,2015,Senegal,SEN,66.783997
5689,1980,Seychelles,SYC,69.786003
5690,1981,Seychelles,SYC,70.045998
5691,1982,Seychelles,SYC,70.285004
5692,1983,Seychelles,SYC,70.503998
5693,1984,Seychelles,SYC,70.697998
5694,1985,Seychelles,SYC,70.855003
5695,1986,Seychelles,SYC,70.956001
5696,1987,Seychelles,SYC,70.997002
5697,1988,Seychelles,SYC,70.981003
5698,1989,Seychelles,SYC,70.919998
5699,1990,Seychelles,SYC,70.834999
5700,1991,Seychelles,SYC,70.755997
5701,1992,Seychelles,SYC,70.708
5702,1993,Seychelles,SYC,70.708
5703,1994,Seychelles,SYC,70.764999
5704,1995,Seychelles,SYC,70.878998
5705,1996,Seychelles,SYC,71.040001
5706,1997,Seychelles,SYC,71.225998
5707,1998,Seychelles,SYC,71.415001
5708,1999,Seychelles,SYC,71.598
5709,2000,Seychelles,SYC,71.764
5710,2001,Seychelles,SYC,71.904999
5711,2002,Seychelles,SYC,72.023003
5712,2003,Seychelles,SYC,72.122002
5713,2004,Seychelles,SYC,72.202003
5714,2005,Seychelles,SYC,72.267998
5715,2006,Seychelles,SYC,72.322998
5716,2007,Seychelles,SYC,72.375999
5717,2008,Seychelles,SYC,72.433998
5718,2009,Seychelles,SYC,72.503998
5719,2010,Seychelles,SYC,72.592003
5720,2011,Seychelles,SYC,72.703003
5721,2012,Seychelles,SYC,72.835999
5722,2013,Seychelles,SYC,72.989998
5723,2014,Seychelles,SYC,73.162003
5724,2015,Seychelles,SYC,73.348999
5725,1980,Sierra Leone,SLE,40.640999
5726,1981,Sierra Leone,SLE,40.807999
5727,1982,Sierra Leone,SLE,40.861
5728,1983,Sierra Leone,SLE,40.796001
5729,1984,Sierra Leone,SLE,40.616001
5730,1985,Sierra Leone,SLE,40.312
5731,1986,Sierra Leone,SLE,39.873001
5732,1987,Sierra Leone,SLE,39.318001
5733,1988,Sierra Leone,SLE,38.682999
5734,1989,Sierra Leone,SLE,38.009998
5735,1990,Sierra Leone,SLE,37.348
5736,1991,Sierra Leone,SLE,36.745998
5737,1992,Sierra Leone,SLE,36.245998
5738,1993,Sierra Leone,SLE,35.888
5739,1994,Sierra Leone,SLE,35.705002
5740,1995,Sierra Leone,SLE,35.729
5741,1996,Sierra Leone,SLE,35.98
5742,1997,Sierra Leone,SLE,36.431999
5743,1998,Sierra Leone,SLE,37.055
5744,1999,Sierra Leone,SLE,37.821999
5745,2000,Sierra Leone,SLE,38.702
5746,2001,Sierra Leone,SLE,39.66
5747,2002,Sierra Leone,SLE,40.66
5748,2003,Sierra Leone,SLE,41.668999
5749,2004,Sierra Leone,SLE,42.66
5750,2005,Sierra Leone,SLE,43.624001
5751,2006,Sierra Leone,SLE,44.566002
5752,2007,Sierra Leone,SLE,45.5
5753,2008,Sierra Leone,SLE,46.431999
5754,2009,Sierra Leone,SLE,47.348
5755,2010,Sierra Leone,SLE,48.223999
5756,2011,Sierra Leone,SLE,49.034
5757,2012,Sierra Leone,SLE,49.762001
5758,2013,Sierra Leone,SLE,50.401001
5759,2014,Sierra Leone,SLE,50.951
5760,2015,Sierra Leone,SLE,51.423
5761,1980,Singapore,SGP,71.955002
5762,1981,Singapore,SGP,72.332001
5763,1982,Singapore,SGP,72.712997
5764,1983,Singapore,SGP,73.100998
5765,1984,Singapore,SGP,73.497002
5766,1985,Singapore,SGP,73.903999
5767,1986,Singapore,SGP,74.325996
5768,1987,Singapore,SGP,74.760002
5769,1988,Singapore,SGP,75.199997
5770,1989,Singapore,SGP,75.636002
5771,1990,Singapore,SGP,76.049004
5772,1991,Singapore,SGP,76.417999
5773,1992,Singapore,SGP,76.732002
5774,1993,Singapore,SGP,76.988998
5775,1994,Singapore,SGP,77.193001
5776,1995,Singapore,SGP,77.358002
5777,1996,Singapore,SGP,77.505997
5778,1997,Singapore,SGP,77.661003
5779,1998,Singapore,SGP,77.845001
5780,1999,Singapore,SGP,78.067001
5781,2000,Singapore,SGP,78.338997
5782,2001,Singapore,SGP,78.664001
5783,2002,Singapore,SGP,79.028999
5784,2003,Singapore,SGP,79.419998
5785,2004,Singapore,SGP,79.824997
5786,2005,Singapore,SGP,80.230003
5787,2006,Singapore,SGP,80.619003
5788,2007,Singapore,SGP,80.982002
5789,2008,Singapore,SGP,81.311996
5790,2009,Singapore,SGP,81.602997
5791,2010,Singapore,SGP,81.856003
5792,2011,Singapore,SGP,82.078003
5793,2012,Singapore,SGP,82.279999
5794,2013,Singapore,SGP,82.473
5795,2014,Singapore,SGP,82.662003
5796,2015,Singapore,SGP,82.848999
5797,1980,Slovakia,SVK,70.553001
5798,1981,Slovakia,SVK,70.585999
5799,1982,Slovakia,SVK,70.616997
5800,1983,Slovakia,SVK,70.653999
5801,1984,Slovakia,SVK,70.699997
5802,1985,Slovakia,SVK,70.757004
5803,1986,Slovakia,SVK,70.825996
5804,1987,Slovakia,SVK,70.905998
5805,1988,Slovakia,SVK,70.997002
5806,1989,Slovakia,SVK,71.100998
5807,1990,Slovakia,SVK,71.222
5808,1991,Slovakia,SVK,71.363998
5809,1992,Slovakia,SVK,71.528
5810,1993,Slovakia,SVK,71.712997
5811,1994,Slovakia,SVK,71.917
5812,1995,Slovakia,SVK,72.137001
5813,1996,Slovakia,SVK,72.366997
5814,1997,Slovakia,SVK,72.601997
5815,1998,Slovakia,SVK,72.836998
5816,1999,Slovakia,SVK,73.067001
5817,2000,Slovakia,SVK,73.288002
5818,2001,Slovakia,SVK,73.496002
5819,2002,Slovakia,SVK,73.692001
5820,2003,Slovakia,SVK,73.882004
5821,2004,Slovakia,SVK,74.069
5822,2005,Slovakia,SVK,74.262001
5823,2006,Slovakia,SVK,74.474998
5824,2007,Slovakia,SVK,74.713997
5825,2008,Slovakia,SVK,74.977997
5826,2009,Slovakia,SVK,75.264
5827,2010,Slovakia,SVK,75.559998
5828,2011,Slovakia,SVK,75.848999
5829,2012,Slovakia,SVK,76.115997
5830,2013,Slovakia,SVK,76.350998
5831,2014,Slovakia,SVK,76.550003
5832,2015,Slovakia,SVK,76.713997
5833,1980,Slovenia,SVN,71.081001
5834,1981,Slovenia,SVN,71.161003
5835,1982,Slovenia,SVN,71.272003
5836,1983,Slovenia,SVN,71.431
5837,1984,Slovenia,SVN,71.640999
5838,1985,Slovenia,SVN,71.893997
5839,1986,Slovenia,SVN,72.172997
5840,1987,Slovenia,SVN,72.455002
5841,1988,Slovenia,SVN,72.722
5842,1989,Slovenia,SVN,72.971001
5843,1990,Slovenia,SVN,73.203003
5844,1991,Slovenia,SVN,73.429001
5845,1992,Slovenia,SVN,73.663002
5846,1993,Slovenia,SVN,73.915001
5847,1994,Slovenia,SVN,74.185997
5848,1995,Slovenia,SVN,74.473
5849,1996,Slovenia,SVN,74.768997
5850,1997,Slovenia,SVN,75.065002
5851,1998,Slovenia,SVN,75.355003
5852,1999,Slovenia,SVN,75.639999
5853,2000,Slovenia,SVN,75.926003
5854,2001,Slovenia,SVN,76.219002
5855,2002,Slovenia,SVN,76.528999
5856,2003,Slovenia,SVN,76.859001
5857,2004,Slovenia,SVN,77.209999
5858,2005,Slovenia,SVN,77.581001
5859,2006,Slovenia,SVN,77.969002
5860,2007,Slovenia,SVN,78.364998
5861,2008,Slovenia,SVN,78.761002
5862,2009,Slovenia,SVN,79.146004
5863,2010,Slovenia,SVN,79.509003
5864,2011,Slovenia,SVN,79.839996
5865,2012,Slovenia,SVN,80.133003
5866,2013,Slovenia,SVN,80.389999
5867,2014,Slovenia,SVN,80.610001
5868,2015,Slovenia,SVN,80.797997
5869,1980,Solomon Islands,SLB,58.778
5870,1981,Solomon Islands,SLB,58.773998
5871,1982,Solomon Islands,SLB,58.574001
5872,1983,Solomon Islands,SLB,58.202999
5873,1984,Solomon Islands,SLB,57.705002
5874,1985,Solomon Islands,SLB,57.161999
5875,1986,Solomon Islands,SLB,56.676998
5876,1987,Solomon Islands,SLB,56.337002
5877,1988,Solomon Islands,SLB,56.203999
5878,1989,Solomon Islands,SLB,56.306
5879,1990,Solomon Islands,SLB,56.638
5880,1991,Solomon Islands,SLB,57.161999
5881,1992,Solomon Islands,SLB,57.796001
5882,1993,Solomon Islands,SLB,58.471001
5883,1994,Solomon Islands,SLB,59.153
5884,1995,Solomon Islands,SLB,59.821999
5885,1996,Solomon Islands,SLB,60.474998
5886,1997,Solomon Islands,SLB,61.126999
5887,1998,Solomon Islands,SLB,61.787998
5888,1999,Solomon Islands,SLB,62.449001
5889,2000,Solomon Islands,SLB,63.103001
5890,2001,Solomon Islands,SLB,63.743999
5891,2002,Solomon Islands,SLB,64.367996
5892,2003,Solomon Islands,SLB,64.971001
5893,2004,Solomon Islands,SLB,65.549004
5894,2005,Solomon Islands,SLB,66.103996
5895,2006,Solomon Islands,SLB,66.635002
5896,2007,Solomon Islands,SLB,67.147003
5897,2008,Solomon Islands,SLB,67.640999
5898,2009,Solomon Islands,SLB,68.117996
5899,2010,Solomon Islands,SLB,68.571999
5900,2011,Solomon Islands,SLB,69.000999
5901,2012,Solomon Islands,SLB,69.400002
5902,2013,Solomon Islands,SLB,69.771004
5903,2014,Solomon Islands,SLB,70.112999
5904,2015,Solomon Islands,SLB,70.43
5905,1980,Somalia,SOM,44.723999
5906,1981,Somalia,SOM,45.064999
5907,1982,Somalia,SOM,45.390999
5908,1983,Somalia,SOM,45.693001
5909,1984,Somalia,SOM,45.957001
5910,1985,Somalia,SOM,46.141998
5911,1986,Somalia,SOM,46.195999
5912,1987,Somalia,SOM,46.111
5913,1988,Somalia,SOM,45.908001
5914,1989,Somalia,SOM,45.631001
5915,1990,Somalia,SOM,45.375
5916,1991,Somalia,SOM,45.257999
5917,1992,Somalia,SOM,45.359001
5918,1993,Somalia,SOM,45.720001
5919,1994,Somalia,SOM,46.334999
5920,1995,Somalia,SOM,47.147999
5921,1996,Somalia,SOM,48.064999
5922,1997,Somalia,SOM,48.963001
5923,1998,Somalia,SOM,49.750999
5924,1999,Somalia,SOM,50.389
5925,2000,Somalia,SOM,50.867001
5926,2001,Somalia,SOM,51.210999
5927,2002,Somalia,SOM,51.490002
5928,2003,Somalia,SOM,51.761002
5929,2004,Somalia,SOM,52.042
5930,2005,Somalia,SOM,52.344002
5931,2006,Somalia,SOM,52.666
5932,2007,Somalia,SOM,52.995998
5933,2008,Somalia,SOM,53.323002
5934,2009,Somalia,SOM,53.652
5935,2010,Somalia,SOM,53.986
5936,2011,Somalia,SOM,54.332001
5937,2012,Somalia,SOM,54.694
5938,2013,Somalia,SOM,55.071999
5939,2014,Somalia,SOM,55.466999
5940,2015,Somalia,SOM,55.875999
5941,1980,South Africa,ZAF,57.703999
5942,1981,South Africa,ZAF,57.957001
5943,1982,South Africa,ZAF,58.286999
5944,1983,South Africa,ZAF,58.689999
5945,1984,South Africa,ZAF,59.153999
5946,1985,South Africa,ZAF,59.667999
5947,1986,South Africa,ZAF,60.219002
5948,1987,South Africa,ZAF,60.772999
5949,1988,South Africa,ZAF,61.291
5950,1989,South Africa,ZAF,61.734001
5951,1990,South Africa,ZAF,62.062
5952,1991,South Africa,ZAF,62.238998
5953,1992,South Africa,ZAF,62.250999
5954,1993,South Africa,ZAF,62.091999
5955,1994,South Africa,ZAF,61.756001
5956,1995,South Africa,ZAF,61.226002
5957,1996,South Africa,ZAF,60.490002
5958,1997,South Africa,ZAF,59.580002
5959,1998,South Africa,ZAF,58.548
5960,1999,South Africa,ZAF,57.450001
5961,2000,South Africa,ZAF,56.341
5962,2001,South Africa,ZAF,55.272999
5963,2002,South Africa,ZAF,54.299
5964,2003,South Africa,ZAF,53.480999
5965,2004,South Africa,ZAF,52.877998
5966,2005,South Africa,ZAF,52.567001
5967,2006,South Africa,ZAF,52.613998
5968,2007,South Africa,ZAF,53.009998
5969,2008,South Africa,ZAF,53.720001
5970,2009,South Africa,ZAF,54.701
5971,2010,South Africa,ZAF,55.888
5972,2011,South Africa,ZAF,57.201
5973,2012,South Africa,ZAF,58.544998
5974,2013,South Africa,ZAF,59.830002
5975,2014,South Africa,ZAF,60.993
5976,2015,South Africa,ZAF,61.980999
5977,1980,South Korea,KOR,66.119003
5978,1981,South Korea,KOR,66.608002
5979,1982,South Korea,KOR,67.136002
5980,1983,South Korea,KOR,67.690002
5981,1984,South Korea,KOR,68.264999
5982,1985,South Korea,KOR,68.850998
5983,1986,South Korea,KOR,69.441002
5984,1987,South Korea,KOR,70.024002
5985,1988,South Korea,KOR,70.591003
5986,1989,South Korea,KOR,71.137001
5987,1990,South Korea,KOR,71.655998
5988,1991,South Korea,KOR,72.146004
5989,1992,South Korea,KOR,72.612
5990,1993,South Korea,KOR,73.060997
5991,1994,South Korea,KOR,73.494003
5992,1995,South Korea,KOR,73.917999
5993,1996,South Korea,KOR,74.336998
5994,1997,South Korea,KOR,74.755997
5995,1998,South Korea,KOR,75.179001
5996,1999,South Korea,KOR,75.608002
5997,2000,South Korea,KOR,76.046997
5998,2001,South Korea,KOR,76.499001
5999,2002,South Korea,KOR,76.959999
6000,2003,South Korea,KOR,77.426003
6001,2004,South Korea,KOR,77.892998
6002,2005,South Korea,KOR,78.356003
6003,2006,South Korea,KOR,78.810997
6004,2007,South Korea,KOR,79.253998
6005,2008,South Korea,KOR,79.678001
6006,2009,South Korea,KOR,80.080002
6007,2010,South Korea,KOR,80.456001
6008,2011,South Korea,KOR,80.802002
6009,2012,South Korea,KOR,81.119003
6010,2013,South Korea,KOR,81.411003
6011,2014,South Korea,KOR,81.678001
6012,2015,South Korea,KOR,81.924004
6013,1980,South Sudan,SSD,39.033001
6014,1981,South Sudan,SSD,39.206001
6015,1982,South Sudan,SSD,39.41
6016,1983,South Sudan,SSD,39.671001
6017,1984,South Sudan,SSD,40.005001
6018,1985,South Sudan,SSD,40.423
6019,1986,South Sudan,SSD,40.931
6020,1987,South Sudan,SSD,41.513
6021,1988,South Sudan,SSD,42.148998
6022,1989,South Sudan,SSD,42.825001
6023,1990,South Sudan,SSD,43.525002
6024,1991,South Sudan,SSD,44.231998
6025,1992,South Sudan,SSD,44.932999
6026,1993,South Sudan,SSD,45.612
6027,1994,South Sudan,SSD,46.257999
6028,1995,South Sudan,SSD,46.859001
6029,1996,South Sudan,SSD,47.409
6030,1997,South Sudan,SSD,47.916
6031,1998,South Sudan,SSD,48.386002
6032,1999,South Sudan,SSD,48.825001
6033,2000,South Sudan,SSD,49.238998
6034,2001,South Sudan,SSD,49.631001
6035,2002,South Sudan,SSD,50.013
6036,2003,South Sudan,SSD,50.393002
6037,2004,South Sudan,SSD,50.782001
6038,2005,South Sudan,SSD,51.189999
6039,2006,South Sudan,SSD,51.626999
6040,2007,South Sudan,SSD,52.095001
6041,2008,South Sudan,SSD,52.591
6042,2009,South Sudan,SSD,53.112999
6043,2010,South Sudan,SSD,53.654999
6044,2011,South Sudan,SSD,54.206001
6045,2012,South Sudan,SSD,54.756001
6046,2013,South Sudan,SSD,55.293999
6047,2014,South Sudan,SSD,55.817001
6048,2015,South Sudan,SSD,56.321999
6049,1980,Spain,ESP,75.322998
6050,1981,Spain,ESP,75.641998
6051,1982,Spain,ESP,75.925003
6052,1983,Spain,ESP,76.168999
6053,1984,Spain,ESP,76.375
6054,1985,Spain,ESP,76.544998
6055,1986,Spain,ESP,76.686996
6056,1987,Spain,ESP,76.814003
6057,1988,Spain,ESP,76.936996
6058,1989,Spain,ESP,77.065002
6059,1990,Spain,ESP,77.206001
6060,1991,Spain,ESP,77.365997
6061,1992,Spain,ESP,77.542999
6062,1993,Spain,ESP,77.736
6063,1994,Spain,ESP,77.945
6064,1995,Spain,ESP,78.167
6065,1996,Spain,ESP,78.397003
6066,1997,Spain,ESP,78.629997
6067,1998,Spain,ESP,78.862
6068,1999,Spain,ESP,79.093002
6069,2000,Spain,ESP,79.321999
6070,2001,Spain,ESP,79.553001
6071,2002,Spain,ESP,79.789001
6072,2003,Spain,ESP,80.032997
6073,2004,Spain,ESP,80.285004
6074,2005,Spain,ESP,80.544998
6075,2006,Spain,ESP,80.813004
6076,2007,Spain,ESP,81.086998
6077,2008,Spain,ESP,81.361
6078,2009,Spain,ESP,81.634003
6079,2010,Spain,ESP,81.898003
6080,2011,Spain,ESP,82.149002
6081,2012,Spain,ESP,82.385002
6082,2013,Spain,ESP,82.602997
6083,2014,Spain,ESP,82.802002
6084,2015,Spain,ESP,82.983002
6085,1980,Sri Lanka,LKA,68.170998
6086,1981,Sri Lanka,LKA,68.528999
6087,1982,Sri Lanka,LKA,68.801003
6088,1983,Sri Lanka,LKA,68.974998
6089,1984,Sri Lanka,LKA,69.057999
6090,1985,Sri Lanka,LKA,69.079002
6091,1986,Sri Lanka,LKA,69.085999
6092,1987,Sri Lanka,LKA,69.121002
6093,1988,Sri Lanka,LKA,69.209
6094,1989,Sri Lanka,LKA,69.350998
6095,1990,Sri Lanka,LKA,69.511002
6096,1991,Sri Lanka,LKA,69.627998
6097,1992,Sri Lanka,LKA,69.660004
6098,1993,Sri Lanka,LKA,69.593002
6099,1994,Sri Lanka,LKA,69.452003
6100,1995,Sri Lanka,LKA,69.309998
6101,1996,Sri Lanka,LKA,69.266998
6102,1997,Sri Lanka,LKA,69.399002
6103,1998,Sri Lanka,LKA,69.744003
6104,1999,Sri Lanka,LKA,70.295998
6105,2000,Sri Lanka,LKA,71.001999
6106,2001,Sri Lanka,LKA,71.775002
6107,2002,Sri Lanka,LKA,72.511002
6108,2003,Sri Lanka,LKA,73.127998
6109,2004,Sri Lanka,LKA,73.593002
6110,2005,Sri Lanka,LKA,73.896004
6111,2006,Sri Lanka,LKA,74.058998
6112,2007,Sri Lanka,LKA,74.143997
6113,2008,Sri Lanka,LKA,74.207001
6114,2009,Sri Lanka,LKA,74.269997
6115,2010,Sri Lanka,LKA,74.351997
6116,2011,Sri Lanka,LKA,74.461998
6117,2012,Sri Lanka,LKA,74.593002
6118,2013,Sri Lanka,LKA,74.740997
6119,2014,Sri Lanka,LKA,74.905998
6120,2015,Sri Lanka,LKA,75.087997
6121,1980,Sudan,SDN,54.252998
6122,1981,Sudan,SDN,54.341999
6123,1982,Sudan,SDN,54.435001
6124,1983,Sudan,SDN,54.534
6125,1984,Sudan,SDN,54.645
6126,1985,Sudan,SDN,54.768002
6127,1986,Sudan,SDN,54.901001
6128,1987,Sudan,SDN,55.039001
6129,1988,Sudan,SDN,55.181999
6130,1989,Sudan,SDN,55.334
6131,1990,Sudan,SDN,55.5
6132,1991,Sudan,SDN,55.688
6133,1992,Sudan,SDN,55.902
6134,1993,Sudan,SDN,56.145
6135,1994,Sudan,SDN,56.417
6136,1995,Sudan,SDN,56.716
6137,1996,Sudan,SDN,57.035999
6138,1997,Sudan,SDN,57.372002
6139,1998,Sudan,SDN,57.717999
6140,1999,Sudan,SDN,58.07
6141,2000,Sudan,SDN,58.43
6142,2001,Sudan,SDN,58.800999
6143,2002,Sudan,SDN,59.183998
6144,2003,Sudan,SDN,59.582001
6145,2004,Sudan,SDN,59.993
6146,2005,Sudan,SDN,60.416
6147,2006,Sudan,SDN,60.854
6148,2007,Sudan,SDN,61.299999
6149,2008,Sudan,SDN,61.749001
6150,2009,Sudan,SDN,62.193001
6151,2010,Sudan,SDN,62.619999
6152,2011,Sudan,SDN,63.019001
6153,2012,Sudan,SDN,63.383999
6154,2013,Sudan,SDN,63.712002
6155,2014,Sudan,SDN,64.001999
6156,2015,Sudan,SDN,64.257004
6157,1980,Suriname,SUR,65.862999
6158,1981,Suriname,SUR,66.127998
6159,1982,Suriname,SUR,66.371002
6160,1983,Suriname,SUR,66.582001
6161,1984,Suriname,SUR,66.758003
6162,1985,Suriname,SUR,66.902
6163,1986,Suriname,SUR,67.018997
6164,1987,Suriname,SUR,67.120003
6165,1988,Suriname,SUR,67.213997
6166,1989,Suriname,SUR,67.305
6167,1990,Suriname,SUR,67.392998
6168,1991,Suriname,SUR,67.477997
6169,1992,Suriname,SUR,67.554001
6170,1993,Suriname,SUR,67.620003
6171,1994,Suriname,SUR,67.677002
6172,1995,Suriname,SUR,67.722
6173,1996,Suriname,SUR,67.750999
6174,1997,Suriname,SUR,67.767998
6175,1998,Suriname,SUR,67.780998
6176,1999,Suriname,SUR,67.797997
6177,2000,Suriname,SUR,67.837997
6178,2001,Suriname,SUR,67.917999
6179,2002,Suriname,SUR,68.051003
6180,2003,Suriname,SUR,68.238998
6181,2004,Suriname,SUR,68.480003
6182,2005,Suriname,SUR,68.767998
6183,2006,Suriname,SUR,69.088997
6184,2007,Suriname,SUR,69.421997
6185,2008,Suriname,SUR,69.749001
6186,2009,Suriname,SUR,70.056999
6187,2010,Suriname,SUR,70.334999
6188,2011,Suriname,SUR,70.578003
6189,2012,Suriname,SUR,70.790001
6190,2013,Suriname,SUR,70.975998
6191,2014,Suriname,SUR,71.138
6192,2015,Suriname,SUR,71.278999
6193,1980,Swaziland,SWZ,54.348
6194,1981,Swaziland,SWZ,55.098
6195,1982,Swaziland,SWZ,55.881001
6196,1983,Swaziland,SWZ,56.676998
6197,1984,Swaziland,SWZ,57.459999
6198,1985,Swaziland,SWZ,58.208
6199,1986,Swaziland,SWZ,58.900002
6200,1987,Swaziland,SWZ,59.505001
6201,1988,Swaziland,SWZ,59.983002
6202,1989,Swaziland,SWZ,60.292
6203,1990,Swaziland,SWZ,60.368999
6204,1991,Swaziland,SWZ,60.154999
6205,1992,Swaziland,SWZ,59.639
6206,1993,Swaziland,SWZ,58.835999
6207,1994,Swaziland,SWZ,57.771
6208,1995,Swaziland,SWZ,56.464001
6209,1996,Swaziland,SWZ,54.942001
6210,1997,Swaziland,SWZ,53.285
6211,1998,Swaziland,SWZ,51.594002
6212,1999,Swaziland,SWZ,49.967999
6213,2000,Swaziland,SWZ,48.521
6214,2001,Swaziland,SWZ,47.352001
6215,2002,Swaziland,SWZ,46.507999
6216,2003,Swaziland,SWZ,46.018002
6217,2004,Swaziland,SWZ,45.904999
6218,2005,Swaziland,SWZ,46.185001
6219,2006,Swaziland,SWZ,46.846001
6220,2007,Swaziland,SWZ,47.805
6221,2008,Swaziland,SWZ,48.969002
6222,2009,Swaziland,SWZ,50.259998
6223,2010,Swaziland,SWZ,51.598
6224,2011,Swaziland,SWZ,52.911999
6225,2012,Swaziland,SWZ,54.158001
6226,2013,Swaziland,SWZ,55.296001
6227,2014,Swaziland,SWZ,56.286999
6228,2015,Swaziland,SWZ,57.106998
6229,1980,Sweden,SWE,75.853996
6230,1981,Sweden,SWE,76.056999
6231,1982,Sweden,SWE,76.255997
6232,1983,Sweden,SWE,76.444
6233,1984,Sweden,SWE,76.617996
6234,1985,Sweden,SWE,76.780998
6235,1986,Sweden,SWE,76.938004
6236,1987,Sweden,SWE,77.098
6237,1988,Sweden,SWE,77.264999
6238,1989,Sweden,SWE,77.445
6239,1990,Sweden,SWE,77.637001
6240,1991,Sweden,SWE,77.845001
6241,1992,Sweden,SWE,78.063004
6242,1993,Sweden,SWE,78.288002
6243,1994,Sweden,SWE,78.516998
6244,1995,Sweden,SWE,78.742996
6245,1996,Sweden,SWE,78.962997
6246,1997,Sweden,SWE,79.170998
6247,1998,Sweden,SWE,79.366997
6248,1999,Sweden,SWE,79.551003
6249,2000,Sweden,SWE,79.724998
6250,2001,Sweden,SWE,79.893997
6251,2002,Sweden,SWE,80.061996
6252,2003,Sweden,SWE,80.235001
6253,2004,Sweden,SWE,80.413002
6254,2005,Sweden,SWE,80.596001
6255,2006,Sweden,SWE,80.780998
6256,2007,Sweden,SWE,80.963997
6257,2008,Sweden,SWE,81.142998
6258,2009,Sweden,SWE,81.317001
6259,2010,Sweden,SWE,81.486
6260,2011,Sweden,SWE,81.650002
6261,2012,Sweden,SWE,81.813004
6262,2013,Sweden,SWE,81.974998
6263,2014,Sweden,SWE,82.136002
6264,2015,Sweden,SWE,82.299004
6265,1980,Switzerland,CHE,75.664001
6266,1981,Switzerland,CHE,75.852997
6267,1982,Switzerland,CHE,76.045998
6268,1983,Switzerland,CHE,76.247002
6269,1984,Switzerland,CHE,76.459
6270,1985,Switzerland,CHE,76.676003
6271,1986,Switzerland,CHE,76.886002
6272,1987,Switzerland,CHE,77.082001
6273,1988,Switzerland,CHE,77.258003
6274,1989,Switzerland,CHE,77.417999
6275,1990,Switzerland,CHE,77.568001
6276,1991,Switzerland,CHE,77.721001
6277,1992,Switzerland,CHE,77.889
6278,1993,Switzerland,CHE,78.079002
6279,1994,Switzerland,CHE,78.295998
6280,1995,Switzerland,CHE,78.537003
6281,1996,Switzerland,CHE,78.795998
6282,1997,Switzerland,CHE,79.064003
6283,1998,Switzerland,CHE,79.332001
6284,1999,Switzerland,CHE,79.597
6285,2000,Switzerland,CHE,79.858002
6286,2001,Switzerland,CHE,80.117996
6287,2002,Switzerland,CHE,80.377998
6288,2003,Switzerland,CHE,80.640999
6289,2004,Switzerland,CHE,80.903999
6290,2005,Switzerland,CHE,81.163002
6291,2006,Switzerland,CHE,81.413002
6292,2007,Switzerland,CHE,81.650002
6293,2008,Switzerland,CHE,81.872002
6294,2009,Switzerland,CHE,82.078003
6295,2010,Switzerland,CHE,82.269997
6296,2011,Switzerland,CHE,82.449997
6297,2012,Switzerland,CHE,82.625
6298,2013,Switzerland,CHE,82.796997
6299,2014,Switzerland,CHE,82.968002
6300,2015,Switzerland,CHE,83.139
6301,1980,Syria,SYR,65.774002
6302,1981,Syria,SYR,66.359001
6303,1982,Syria,SYR,66.928001
6304,1983,Syria,SYR,67.476997
6305,1984,Syria,SYR,68.004997
6306,1985,Syria,SYR,68.508003
6307,1986,Syria,SYR,68.981003
6308,1987,Syria,SYR,69.422997
6309,1988,Syria,SYR,69.831001
6310,1989,Syria,SYR,70.207001
6311,1990,Syria,SYR,70.553001
6312,1991,Syria,SYR,70.871002
6313,1992,Syria,SYR,71.167
6314,1993,Syria,SYR,71.444
6315,1994,Syria,SYR,71.708
6316,1995,Syria,SYR,71.960999
6317,1996,Syria,SYR,72.205002
6318,1997,Syria,SYR,72.439003
6319,1998,Syria,SYR,72.664001
6320,1999,Syria,SYR,72.882004
6321,2000,Syria,SYR,73.110001
6322,2001,Syria,SYR,73.371002
6323,2002,Syria,SYR,73.663002
6324,2003,Syria,SYR,73.967003
6325,2004,Syria,SYR,74.25
6326,2005,Syria,SYR,74.43
6327,2006,Syria,SYR,74.412003
6328,2007,Syria,SYR,74.152
6329,2008,Syria,SYR,73.648003
6330,2009,Syria,SYR,72.939003
6331,2010,Syria,SYR,72.108002
6332,2011,Syria,SYR,71.269997
6333,2012,Syria,SYR,70.549004
6334,2013,Syria,SYR,70.045998
6335,2014,Syria,SYR,69.817001
6336,2015,Syria,SYR,69.903999
6337,1980,Taiwan,TWN,71.494003
6338,1981,Taiwan,TWN,71.752998
6339,1982,Taiwan,TWN,72.010002
6340,1983,Taiwan,TWN,72.263
6341,1984,Taiwan,TWN,72.512001
6342,1985,Taiwan,TWN,72.755997
6343,1986,Taiwan,TWN,72.997002
6344,1987,Taiwan,TWN,73.233002
6345,1988,Taiwan,TWN,73.462997
6346,1989,Taiwan,TWN,73.684998
6347,1990,Taiwan,TWN,73.896004
6348,1991,Taiwan,TWN,74.088997
6349,1992,Taiwan,TWN,74.264
6350,1993,Taiwan,TWN,74.424004
6351,1994,Taiwan,TWN,74.577003
6352,1995,Taiwan,TWN,74.736
6353,1996,Taiwan,TWN,74.918999
6354,1997,Taiwan,TWN,75.135002
6355,1998,Taiwan,TWN,75.390999
6356,1999,Taiwan,TWN,75.683998
6357,2000,Taiwan,TWN,76.007004
6358,2001,Taiwan,TWN,76.347
6359,2002,Taiwan,TWN,76.685997
6360,2003,Taiwan,TWN,77.009003
6361,2004,Taiwan,TWN,77.309998
6362,2005,Taiwan,TWN,77.584999
6363,2006,Taiwan,TWN,77.835999
6364,2007,Taiwan,TWN,78.071999
6365,2008,Taiwan,TWN,78.299004
6366,2009,Taiwan,TWN,78.519997
6367,2010,Taiwan,TWN,78.735001
6368,2011,Taiwan,TWN,78.945
6369,2012,Taiwan,TWN,79.148003
6370,2013,Taiwan,TWN,79.346001
6371,2014,Taiwan,TWN,79.540001
6372,2015,Taiwan,TWN,79.728996
6373,1980,Tajikistan,TJK,62.679001
6374,1981,Tajikistan,TJK,62.925999
6375,1982,Tajikistan,TJK,63.183998
6376,1983,Tajikistan,TJK,63.442001
6377,1984,Tajikistan,TJK,63.683998
6378,1985,Tajikistan,TJK,63.868999
6379,1986,Tajikistan,TJK,63.945999
6380,1987,Tajikistan,TJK,63.896
6381,1988,Tajikistan,TJK,63.723999
6382,1989,Tajikistan,TJK,63.455002
6383,1990,Tajikistan,TJK,63.148998
6384,1991,Tajikistan,TJK,62.880001
6385,1992,Tajikistan,TJK,62.719002
6386,1993,Tajikistan,TJK,62.709999
6387,1994,Tajikistan,TJK,62.868999
6388,1995,Tajikistan,TJK,63.185001
6389,1996,Tajikistan,TJK,63.618
6390,1997,Tajikistan,TJK,64.105003
6391,1998,Tajikistan,TJK,64.591003
6392,1999,Tajikistan,TJK,65.053001
6393,2000,Tajikistan,TJK,65.485001
6394,2001,Tajikistan,TJK,65.893997
6395,2002,Tajikistan,TJK,66.303001
6396,2003,Tajikistan,TJK,66.726997
6397,2004,Tajikistan,TJK,67.163002
6398,2005,Tajikistan,TJK,67.607002
6399,2006,Tajikistan,TJK,68.052002
6400,2007,Tajikistan,TJK,68.487
6401,2008,Tajikistan,TJK,68.902
6402,2009,Tajikistan,TJK,69.290001
6403,2010,Tajikistan,TJK,69.643997
6404,2011,Tajikistan,TJK,69.958
6405,2012,Tajikistan,TJK,70.234001
6406,2013,Tajikistan,TJK,70.476997
6407,2014,Tajikistan,TJK,70.690002
6408,2015,Tajikistan,TJK,70.878998
6409,1980,Tanzania,TZA,50.429001
6410,1981,Tanzania,TZA,50.576
6411,1982,Tanzania,TZA,50.692001
6412,1983,Tanzania,TZA,50.787998
6413,1984,Tanzania,TZA,50.862999
6414,1985,Tanzania,TZA,50.903999
6415,1986,Tanzania,TZA,50.888
6416,1987,Tanzania,TZA,50.803001
6417,1988,Tanzania,TZA,50.651001
6418,1989,Tanzania,TZA,50.446999
6419,1990,Tanzania,TZA,50.206001
6420,1991,Tanzania,TZA,49.952999
6421,1992,Tanzania,TZA,49.719002
6422,1993,Tanzania,TZA,49.540001
6423,1994,Tanzania,TZA,49.444
6424,1995,Tanzania,TZA,49.459999
6425,1996,Tanzania,TZA,49.609001
6426,1997,Tanzania,TZA,49.889
6427,1998,Tanzania,TZA,50.297001
6428,1999,Tanzania,TZA,50.831001
6429,2000,Tanzania,TZA,51.493
6430,2001,Tanzania,TZA,52.280998
6431,2002,Tanzania,TZA,53.173
6432,2003,Tanzania,TZA,54.141998
6433,2004,Tanzania,TZA,55.160999
6434,2005,Tanzania,TZA,56.195999
6435,2006,Tanzania,TZA,57.217999
6436,2007,Tanzania,TZA,58.209
6437,2008,Tanzania,TZA,59.155998
6438,2009,Tanzania,TZA,60.048
6439,2010,Tanzania,TZA,60.893002
6440,2011,Tanzania,TZA,61.713001
6441,2012,Tanzania,TZA,62.528
6442,2013,Tanzania,TZA,63.348
6443,2014,Tanzania,TZA,64.163002
6444,2015,Tanzania,TZA,64.949997
6445,1980,Thailand,THA,64.432999
6446,1981,Thailand,THA,64.992996
6447,1982,Thailand,THA,65.635002
6448,1983,Thailand,THA,66.352997
6449,1984,Thailand,THA,67.127998
6450,1985,Thailand,THA,67.911003
6451,1986,Thailand,THA,68.641998
6452,1987,Thailand,THA,69.265999
6453,1988,Thailand,THA,69.747002
6454,1989,Thailand,THA,70.072998
6455,1990,Thailand,THA,70.25
6456,1991,Thailand,THA,70.303001
6457,1992,Thailand,THA,70.282997
6458,1993,Thailand,THA,70.240997
6459,1994,Thailand,THA,70.204002
6460,1995,Thailand,THA,70.192001
6461,1996,Thailand,THA,70.213997
6462,1997,Thailand,THA,70.265999
6463,1998,Thailand,THA,70.346001
6464,1999,Thailand,THA,70.461998
6465,2000,Thailand,THA,70.624001
6466,2001,Thailand,THA,70.841003
6467,2002,Thailand,THA,71.110001
6468,2003,Thailand,THA,71.424004
6469,2004,Thailand,THA,71.775002
6470,2005,Thailand,THA,72.149002
6471,2006,Thailand,THA,72.533997
6472,2007,Thailand,THA,72.915001
6473,2008,Thailand,THA,73.278999
6474,2009,Thailand,THA,73.616997
6475,2010,Thailand,THA,73.922997
6476,2011,Thailand,THA,74.196999
6477,2012,Thailand,THA,74.445999
6478,2013,Thailand,THA,74.678001
6479,2014,Thailand,THA,74.894997
6480,2015,Thailand,THA,75.102997
6481,1980,Timor,TLS,34.418999
6482,1981,Timor,TLS,36.183998
6483,1982,Timor,TLS,38.174
6484,1983,Timor,TLS,40.132
6485,1984,Timor,TLS,41.931999
6486,1985,Timor,TLS,43.480999
6487,1986,Timor,TLS,44.749001
6488,1987,Timor,TLS,45.82
6489,1988,Timor,TLS,46.772999
6490,1989,Timor,TLS,47.638
6491,1990,Timor,TLS,48.469002
6492,1991,Timor,TLS,49.332001
6493,1992,Timor,TLS,50.272999
6494,1993,Timor,TLS,51.317001
6495,1994,Timor,TLS,52.466999
6496,1995,Timor,TLS,53.695999
6497,1996,Timor,TLS,54.953999
6498,1997,Timor,TLS,56.179001
6499,1998,Timor,TLS,57.325001
6500,1999,Timor,TLS,58.380001
6501,2000,Timor,TLS,59.360001
6502,2001,Timor,TLS,60.304001
6503,2002,Timor,TLS,61.250999
6504,2003,Timor,TLS,62.223
6505,2004,Timor,TLS,63.209
6506,2005,Timor,TLS,64.175003
6507,2006,Timor,TLS,65.068001
6508,2007,Timor,TLS,65.842003
6509,2008,Timor,TLS,66.472
6510,2009,Timor,TLS,66.956001
6511,2010,Timor,TLS,67.313004
6512,2011,Timor,TLS,67.578003
6513,2012,Timor,TLS,67.805
6514,2013,Timor,TLS,68.032997
6515,2014,Timor,TLS,68.285004
6516,2015,Timor,TLS,68.569
6517,1980,Togo,TGO,52.339001
6518,1981,Togo,TGO,52.862999
6519,1982,Togo,TGO,53.365002
6520,1983,Togo,TGO,53.839001
6521,1984,Togo,TGO,54.276001
6522,1985,Togo,TGO,54.673
6523,1986,Togo,TGO,55.028
6524,1987,Togo,TGO,55.337002
6525,1988,Togo,TGO,55.591999
6526,1989,Togo,TGO,55.784
6527,1990,Togo,TGO,55.888
6528,1991,Togo,TGO,55.873001
6529,1992,Togo,TGO,55.734001
6530,1993,Togo,TGO,55.485001
6531,1994,Togo,TGO,55.146
6532,1995,Togo,TGO,54.756001
6533,1996,Togo,TGO,54.359001
6534,1997,Togo,TGO,54.0
6535,1998,Togo,TGO,53.720001
6536,1999,Togo,TGO,53.543999
6537,2000,Togo,TGO,53.488998
6538,2001,Togo,TGO,53.550999
6539,2002,Togo,TGO,53.707001
6540,2003,Togo,TGO,53.935001
6541,2004,Togo,TGO,54.23
6542,2005,Togo,TGO,54.598
6543,2006,Togo,TGO,55.048
6544,2007,Togo,TGO,55.577999
6545,2008,Togo,TGO,56.174
6546,2009,Togo,TGO,56.813999
6547,2010,Togo,TGO,57.465
6548,2011,Togo,TGO,58.091999
6549,2012,Togo,TGO,58.667999
6550,2013,Togo,TGO,59.174
6551,2014,Togo,TGO,59.601002
6552,2015,Togo,TGO,59.949001
6553,1980,Tonga,TON,67.475998
6554,1981,Tonga,TON,67.724998
6555,1982,Tonga,TON,67.977997
6556,1983,Tonga,TON,68.230003
6557,1984,Tonga,TON,68.477997
6558,1985,Tonga,TON,68.716003
6559,1986,Tonga,TON,68.935997
6560,1987,Tonga,TON,69.136002
6561,1988,Tonga,TON,69.313004
6562,1989,Tonga,TON,69.468002
6563,1990,Tonga,TON,69.602997
6564,1991,Tonga,TON,69.722
6565,1992,Tonga,TON,69.832001
6566,1993,Tonga,TON,69.940002
6567,1994,Tonga,TON,70.050003
6568,1995,Tonga,TON,70.164001
6569,1996,Tonga,TON,70.285004
6570,1997,Tonga,TON,70.411003
6571,1998,Tonga,TON,70.541
6572,1999,Tonga,TON,70.674004
6573,2000,Tonga,TON,70.810997
6574,2001,Tonga,TON,70.948997
6575,2002,Tonga,TON,71.088997
6576,2003,Tonga,TON,71.228996
6577,2004,Tonga,TON,71.366997
6578,2005,Tonga,TON,71.503998
6579,2006,Tonga,TON,71.639
6580,2007,Tonga,TON,71.773003
6581,2008,Tonga,TON,71.905998
6582,2009,Tonga,TON,72.039001
6583,2010,Tonga,TON,72.172997
6584,2011,Tonga,TON,72.307999
6585,2012,Tonga,TON,72.445999
6586,2013,Tonga,TON,72.587997
6587,2014,Tonga,TON,72.732002
6588,2015,Tonga,TON,72.879997
6589,1980,Trinidad and Tobago,TTO,67.022003
6590,1981,Trinidad and Tobago,TTO,67.138
6591,1982,Trinidad and Tobago,TTO,67.238998
6592,1983,Trinidad and Tobago,TTO,67.334999
6593,1984,Trinidad and Tobago,TTO,67.428001
6594,1985,Trinidad and Tobago,TTO,67.523003
6595,1986,Trinidad and Tobago,TTO,67.620003
6596,1987,Trinidad and Tobago,TTO,67.719002
6597,1988,Trinidad and Tobago,TTO,67.817001
6598,1989,Trinidad and Tobago,TTO,67.914001
6599,1990,Trinidad and Tobago,TTO,68.007004
6600,1991,Trinidad and Tobago,TTO,68.094002
6601,1992,Trinidad and Tobago,TTO,68.170998
6602,1993,Trinidad and Tobago,TTO,68.237999
6603,1994,Trinidad and Tobago,TTO,68.295998
6604,1995,Trinidad and Tobago,TTO,68.344002
6605,1996,Trinidad and Tobago,TTO,68.384003
6606,1997,Trinidad and Tobago,TTO,68.418999
6607,1998,Trinidad and Tobago,TTO,68.452003
6608,1999,Trinidad and Tobago,TTO,68.488998
6609,2000,Trinidad and Tobago,TTO,68.531998
6610,2001,Trinidad and Tobago,TTO,68.584
6611,2002,Trinidad and Tobago,TTO,68.648003
6612,2003,Trinidad and Tobago,TTO,68.723999
6613,2004,Trinidad and Tobago,TTO,68.816002
6614,2005,Trinidad and Tobago,TTO,68.927002
6615,2006,Trinidad and Tobago,TTO,69.059998
6616,2007,Trinidad and Tobago,TTO,69.213997
6617,2008,Trinidad and Tobago,TTO,69.384003
6618,2009,Trinidad and Tobago,TTO,69.567001
6619,2010,Trinidad and Tobago,TTO,69.755997
6620,2011,Trinidad and Tobago,TTO,69.942001
6621,2012,Trinidad and Tobago,TTO,70.117996
6622,2013,Trinidad and Tobago,TTO,70.279999
6623,2014,Trinidad and Tobago,TTO,70.426003
6624,2015,Trinidad and Tobago,TTO,70.556
6625,1980,Tunisia,TUN,62.0
6626,1981,Tunisia,TUN,62.924999
6627,1982,Tunisia,TUN,63.771
6628,1983,Tunisia,TUN,64.531998
6629,1984,Tunisia,TUN,65.213997
6630,1985,Tunisia,TUN,65.834
6631,1986,Tunisia,TUN,66.417
6632,1987,Tunisia,TUN,66.990997
6633,1988,Tunisia,TUN,67.575996
6634,1989,Tunisia,TUN,68.176003
6635,1990,Tunisia,TUN,68.788002
6636,1991,Tunisia,TUN,69.401001
6637,1992,Tunisia,TUN,69.989998
6638,1993,Tunisia,TUN,70.540001
6639,1994,Tunisia,TUN,71.042999
6640,1995,Tunisia,TUN,71.496002
6641,1996,Tunisia,TUN,71.898003
6642,1997,Tunisia,TUN,72.259003
6643,1998,Tunisia,TUN,72.585999
6644,1999,Tunisia,TUN,72.883003
6645,2000,Tunisia,TUN,73.154999
6646,2001,Tunisia,TUN,73.402
6647,2002,Tunisia,TUN,73.628998
6648,2003,Tunisia,TUN,73.835999
6649,2004,Tunisia,TUN,74.026001
6650,2005,Tunisia,TUN,74.199997
6651,2006,Tunisia,TUN,74.351997
6652,2007,Tunisia,TUN,74.483002
6653,2008,Tunisia,TUN,74.595001
6654,2009,Tunisia,TUN,74.695
6655,2010,Tunisia,TUN,74.792999
6656,2011,Tunisia,TUN,74.900002
6657,2012,Tunisia,TUN,75.023003
6658,2013,Tunisia,TUN,75.167
6659,2014,Tunisia,TUN,75.334999
6660,2015,Tunisia,TUN,75.525002
6661,1980,Turkey,TUR,58.667
6662,1981,Turkey,TUR,59.297001
6663,1982,Turkey,TUR,59.915001
6664,1983,Turkey,TUR,60.52
6665,1984,Turkey,TUR,61.111
6666,1985,Turkey,TUR,61.681999
6667,1986,Turkey,TUR,62.230999
6668,1987,Turkey,TUR,62.757999
6669,1988,Turkey,TUR,63.265999
6670,1989,Turkey,TUR,63.763
6671,1990,Turkey,TUR,64.255997
6672,1991,Turkey,TUR,64.757004
6673,1992,Turkey,TUR,65.275002
6674,1993,Turkey,TUR,65.815002
6675,1994,Turkey,TUR,66.376999
6676,1995,Turkey,TUR,66.962997
6677,1996,Turkey,TUR,67.57
6678,1997,Turkey,TUR,68.189003
6679,1998,Turkey,TUR,68.806999
6680,1999,Turkey,TUR,69.417
6681,2000,Turkey,TUR,70.008003
6682,2001,Turkey,TUR,70.570999
6683,2002,Turkey,TUR,71.101997
6684,2003,Turkey,TUR,71.599998
6685,2004,Turkey,TUR,72.059998
6686,2005,Turkey,TUR,72.481003
6687,2006,Turkey,TUR,72.865997
6688,2007,Turkey,TUR,73.219002
6689,2008,Turkey,TUR,73.549004
6690,2009,Turkey,TUR,73.859001
6691,2010,Turkey,TUR,74.153999
6692,2011,Turkey,TUR,74.436996
6693,2012,Turkey,TUR,74.710999
6694,2013,Turkey,TUR,74.976997
6695,2014,Turkey,TUR,75.238998
6696,2015,Turkey,TUR,75.498001
6697,1980,Turkmenistan,TKM,60.999001
6698,1981,Turkmenistan,TKM,61.311001
6699,1982,Turkmenistan,TKM,61.622002
6700,1983,Turkmenistan,TKM,61.919998
6701,1984,Turkmenistan,TKM,62.193001
6702,1985,Turkmenistan,TKM,62.425999
6703,1986,Turkmenistan,TKM,62.605
6704,1987,Turkmenistan,TKM,62.727001
6705,1988,Turkmenistan,TKM,62.797001
6706,1989,Turkmenistan,TKM,62.82
6707,1990,Turkmenistan,TKM,62.811001
6708,1991,Turkmenistan,TKM,62.784
6709,1992,Turkmenistan,TKM,62.761002
6710,1993,Turkmenistan,TKM,62.757
6711,1994,Turkmenistan,TKM,62.785
6712,1995,Turkmenistan,TKM,62.849998
6713,1996,Turkmenistan,TKM,62.952
6714,1997,Turkmenistan,TKM,63.083
6715,1998,Turkmenistan,TKM,63.237
6716,1999,Turkmenistan,TKM,63.411999
6717,2000,Turkmenistan,TKM,63.612999
6718,2001,Turkmenistan,TKM,63.841999
6719,2002,Turkmenistan,TKM,64.100998
6720,2003,Turkmenistan,TKM,64.386002
6721,2004,Turkmenistan,TKM,64.693001
6722,2005,Turkmenistan,TKM,65.016998
6723,2006,Turkmenistan,TKM,65.353996
6724,2007,Turkmenistan,TKM,65.695
6725,2008,Turkmenistan,TKM,66.030998
6726,2009,Turkmenistan,TKM,66.355003
6727,2010,Turkmenistan,TKM,66.656998
6728,2011,Turkmenistan,TKM,66.928001
6729,2012,Turkmenistan,TKM,67.167
6730,2013,Turkmenistan,TKM,67.375
6731,2014,Turkmenistan,TKM,67.552002
6732,2015,Turkmenistan,TKM,67.704002
6733,1980,Uganda,UGA,49.374001
6734,1981,Uganda,UGA,49.271999
6735,1982,Uganda,UGA,49.096001
6736,1983,Uganda,UGA,48.841999
6737,1984,Uganda,UGA,48.512001
6738,1985,Uganda,UGA,48.104
6739,1986,Uganda,UGA,47.625
6740,1987,Uganda,UGA,47.097
6741,1988,Uganda,UGA,46.549
6742,1989,Uganda,UGA,46.012001
6743,1990,Uganda,UGA,45.508999
6744,1991,Uganda,UGA,45.057999
6745,1992,Uganda,UGA,44.675999
6746,1993,Uganda,UGA,44.388
6747,1994,Uganda,UGA,44.223
6748,1995,Uganda,UGA,44.220001
6749,1996,Uganda,UGA,44.415001
6750,1997,Uganda,UGA,44.811001
6751,1998,Uganda,UGA,45.396999
6752,1999,Uganda,UGA,46.16
6753,2000,Uganda,UGA,47.077
6754,2001,Uganda,UGA,48.119999
6755,2002,Uganda,UGA,49.242001
6756,2003,Uganda,UGA,50.394001
6757,2004,Uganda,UGA,51.537998
6758,2005,Uganda,UGA,52.639999
6759,2006,Uganda,UGA,53.681
6760,2007,Uganda,UGA,54.66
6761,2008,Uganda,UGA,55.574001
6762,2009,Uganda,UGA,56.409
6763,2010,Uganda,UGA,57.153
6764,2011,Uganda,UGA,57.796001
6765,2012,Uganda,UGA,58.347
6766,2013,Uganda,UGA,58.819
6767,2014,Uganda,UGA,59.223999
6768,2015,Uganda,UGA,59.575001
6769,1980,Ukraine,UKR,69.250999
6770,1981,Ukraine,UKR,69.227997
6771,1982,Ukraine,UKR,69.306
6772,1983,Ukraine,UKR,69.473
6773,1984,Ukraine,UKR,69.706001
6774,1985,Ukraine,UKR,69.957001
6775,1986,Ukraine,UKR,70.165001
6776,1987,Ukraine,UKR,70.278999
6777,1988,Ukraine,UKR,70.264
6778,1989,Ukraine,UKR,70.113998
6779,1990,Ukraine,UKR,69.834
6780,1991,Ukraine,UKR,69.454002
6781,1992,Ukraine,UKR,69.028
6782,1993,Ukraine,UKR,68.607002
6783,1994,Ukraine,UKR,68.221001
6784,1995,Ukraine,UKR,67.894997
6785,1996,Ukraine,UKR,67.643997
6786,1997,Ukraine,UKR,67.460999
6787,1998,Ukraine,UKR,67.337997
6788,1999,Ukraine,UKR,67.275002
6789,2000,Ukraine,UKR,67.257004
6790,2001,Ukraine,UKR,67.263
6791,2002,Ukraine,UKR,67.280998
6792,2003,Ukraine,UKR,67.306
6793,2004,Ukraine,UKR,67.346001
6794,2005,Ukraine,UKR,67.434998
6795,2006,Ukraine,UKR,67.614998
6796,2007,Ukraine,UKR,67.914001
6797,2008,Ukraine,UKR,68.334
6798,2009,Ukraine,UKR,68.862
6799,2010,Ukraine,UKR,69.457001
6800,2011,Ukraine,UKR,70.065002
6801,2012,Ukraine,UKR,70.629997
6802,2013,Ukraine,UKR,71.112
6803,2014,Ukraine,UKR,71.490997
6804,2015,Ukraine,UKR,71.767998
6805,1980,United Arab Emirates,ARE,67.695999
6806,1981,United Arab Emirates,ARE,68.163002
6807,1982,United Arab Emirates,ARE,68.611
6808,1983,United Arab Emirates,ARE,69.040001
6809,1984,United Arab Emirates,ARE,69.452003
6810,1985,United Arab Emirates,ARE,69.845001
6811,1986,United Arab Emirates,ARE,70.219002
6812,1987,United Arab Emirates,ARE,70.574997
6813,1988,United Arab Emirates,ARE,70.913002
6814,1989,United Arab Emirates,ARE,71.234001
6815,1990,United Arab Emirates,ARE,71.541
6816,1991,United Arab Emirates,ARE,71.836998
6817,1992,United Arab Emirates,ARE,72.122002
6818,1993,United Arab Emirates,ARE,72.401001
6819,1994,United Arab Emirates,ARE,72.674004
6820,1995,United Arab Emirates,ARE,72.943001
6821,1996,United Arab Emirates,ARE,73.209999
6822,1997,United Arab Emirates,ARE,73.473
6823,1998,United Arab Emirates,ARE,73.732002
6824,1999,United Arab Emirates,ARE,73.987
6825,2000,United Arab Emirates,ARE,74.238998
6826,2001,United Arab Emirates,ARE,74.487
6827,2002,United Arab Emirates,ARE,74.730003
6828,2003,United Arab Emirates,ARE,74.968002
6829,2004,United Arab Emirates,ARE,75.199997
6830,2005,United Arab Emirates,ARE,75.421997
6831,2006,United Arab Emirates,ARE,75.632004
6832,2007,United Arab Emirates,ARE,75.828003
6833,2008,United Arab Emirates,ARE,76.012001
6834,2009,United Arab Emirates,ARE,76.182999
6835,2010,United Arab Emirates,ARE,76.344002
6836,2011,United Arab Emirates,ARE,76.498001
6837,2012,United Arab Emirates,ARE,76.648003
6838,2013,United Arab Emirates,ARE,76.797997
6839,2014,United Arab Emirates,ARE,76.947998
6840,2015,United Arab Emirates,ARE,77.100998
6841,1980,United Kingdom,GBR,73.591003
6842,1981,United Kingdom,GBR,73.821999
6843,1982,United Kingdom,GBR,74.047997
6844,1983,United Kingdom,GBR,74.264999
6845,1984,United Kingdom,GBR,74.471001
6846,1985,United Kingdom,GBR,74.667999
6847,1986,United Kingdom,GBR,74.862999
6848,1987,United Kingdom,GBR,75.058998
6849,1988,United Kingdom,GBR,75.263
6850,1989,United Kingdom,GBR,75.473
6851,1990,United Kingdom,GBR,75.688004
6852,1991,United Kingdom,GBR,75.902
6853,1992,United Kingdom,GBR,76.110001
6854,1993,United Kingdom,GBR,76.310997
6855,1994,United Kingdom,GBR,76.503998
6856,1995,United Kingdom,GBR,76.695
6857,1996,United Kingdom,GBR,76.887001
6858,1997,United Kingdom,GBR,77.086998
6859,1998,United Kingdom,GBR,77.299004
6860,1999,United Kingdom,GBR,77.525002
6861,2000,United Kingdom,GBR,77.764
6862,2001,United Kingdom,GBR,78.013
6863,2002,United Kingdom,GBR,78.269997
6864,2003,United Kingdom,GBR,78.528999
6865,2004,United Kingdom,GBR,78.788002
6866,2005,United Kingdom,GBR,79.049004
6867,2006,United Kingdom,GBR,79.310997
6868,2007,United Kingdom,GBR,79.577003
6869,2008,United Kingdom,GBR,79.843002
6870,2009,United Kingdom,GBR,80.108002
6871,2010,United Kingdom,GBR,80.365997
6872,2011,United Kingdom,GBR,80.610001
6873,2012,United Kingdom,GBR,80.836998
6874,2013,United Kingdom,GBR,81.044998
6875,2014,United Kingdom,GBR,81.234001
6876,2015,United Kingdom,GBR,81.405998
6877,1980,United States,USA,73.914001
6878,1981,United States,USA,74.122002
6879,1982,United States,USA,74.293999
6880,1983,United States,USA,74.438004
6881,1984,United States,USA,74.560997
6882,1985,United States,USA,74.668999
6883,1986,United States,USA,74.772003
6884,1987,United States,USA,74.876999
6885,1988,United States,USA,74.988998
6886,1989,United States,USA,75.112999
6887,1990,United States,USA,75.251999
6888,1991,United States,USA,75.405998
6889,1992,United States,USA,75.568001
6890,1993,United States,USA,75.734001
6891,1994,United States,USA,75.903
6892,1995,United States,USA,76.07
6893,1996,United States,USA,76.230003
6894,1997,United States,USA,76.384003
6895,1998,United States,USA,76.531998
6896,1999,United States,USA,76.674004
6897,2000,United States,USA,76.815002
6898,2001,United States,USA,76.962997
6899,2002,United States,USA,77.121002
6900,2003,United States,USA,77.292
6901,2004,United States,USA,77.474998
6902,2005,United States,USA,77.667
6903,2006,United States,USA,77.859001
6904,2007,United States,USA,78.045998
6905,2008,United States,USA,78.223
6906,2009,United States,USA,78.387001
6907,2010,United States,USA,78.539001
6908,2011,United States,USA,78.681999
6909,2012,United States,USA,78.820999
6910,2013,United States,USA,78.959999
6911,2014,United States,USA,79.099998
6912,2015,United States,USA,79.244003
6913,1980,United States Virgin Islands,VIR,71.725998
6914,1981,United States Virgin Islands,VIR,71.959
6915,1982,United States Virgin Islands,VIR,72.195
6916,1983,United States Virgin Islands,VIR,72.438004
6917,1984,United States Virgin Islands,VIR,72.686996
6918,1985,United States Virgin Islands,VIR,72.943001
6919,1986,United States Virgin Islands,VIR,73.200996
6920,1987,United States Virgin Islands,VIR,73.459
6921,1988,United States Virgin Islands,VIR,73.713997
6922,1989,United States Virgin Islands,VIR,73.964996
6923,1990,United States Virgin Islands,VIR,74.213997
6924,1991,United States Virgin Islands,VIR,74.461998
6925,1992,United States Virgin Islands,VIR,74.710999
6926,1993,United States Virgin Islands,VIR,74.962997
6927,1994,United States Virgin Islands,VIR,75.216003
6928,1995,United States Virgin Islands,VIR,75.469002
6929,1996,United States Virgin Islands,VIR,75.718002
6930,1997,United States Virgin Islands,VIR,75.959999
6931,1998,United States Virgin Islands,VIR,76.194
6932,1999,United States Virgin Islands,VIR,76.417
6933,2000,United States Virgin Islands,VIR,76.624001
6934,2001,United States Virgin Islands,VIR,76.813004
6935,2002,United States Virgin Islands,VIR,76.984001
6936,2003,United States Virgin Islands,VIR,77.140999
6937,2004,United States Virgin Islands,VIR,77.289001
6938,2005,United States Virgin Islands,VIR,77.438004
6939,2006,United States Virgin Islands,VIR,77.598999
6940,2007,United States Virgin Islands,VIR,77.778999
6941,2008,United States Virgin Islands,VIR,77.982002
6942,2009,United States Virgin Islands,VIR,78.207001
6943,2010,United States Virgin Islands,VIR,78.447998
6944,2011,United States Virgin Islands,VIR,78.695999
6945,2012,United States Virgin Islands,VIR,78.939003
6946,2013,United States Virgin Islands,VIR,79.167999
6947,2014,United States Virgin Islands,VIR,79.379997
6948,2015,United States Virgin Islands,VIR,79.573997
6949,1980,Uruguay,URY,70.254997
6950,1981,Uruguay,URY,70.535004
6951,1982,Uruguay,URY,70.814003
6952,1983,Uruguay,URY,71.084999
6953,1984,Uruguay,URY,71.343002
6954,1985,Uruguay,URY,71.584
6955,1986,Uruguay,URY,71.805
6956,1987,Uruguay,URY,72.009003
6957,1988,Uruguay,URY,72.203003
6958,1989,Uruguay,URY,72.388
6959,1990,Uruguay,URY,72.570999
6960,1991,Uruguay,URY,72.758003
6961,1992,Uruguay,URY,72.954002
6962,1993,Uruguay,URY,73.161003
6963,1994,Uruguay,URY,73.380997
6964,1995,Uruguay,URY,73.612999
6965,1996,Uruguay,URY,73.853996
6966,1997,Uruguay,URY,74.098
6967,1998,Uruguay,URY,74.341003
6968,1999,Uruguay,URY,74.577003
6969,2000,Uruguay,URY,74.805
6970,2001,Uruguay,URY,75.022003
6971,2002,Uruguay,URY,75.228996
6972,2003,Uruguay,URY,75.427002
6973,2004,Uruguay,URY,75.613998
6974,2005,Uruguay,URY,75.792
6975,2006,Uruguay,URY,75.960999
6976,2007,Uruguay,URY,76.124001
6977,2008,Uruguay,URY,76.281998
6978,2009,Uruguay,URY,76.435997
6979,2010,Uruguay,URY,76.587997
6980,2011,Uruguay,URY,76.738998
6981,2012,Uruguay,URY,76.889999
6982,2013,Uruguay,URY,77.040001
6983,2014,Uruguay,URY,77.190002
6984,2015,Uruguay,URY,77.341003
6985,1980,Uzbekistan,UZB,64.637001
6986,1981,Uzbekistan,UZB,64.913002
6987,1982,Uzbekistan,UZB,65.206001
6988,1983,Uzbekistan,UZB,65.503998
6989,1984,Uzbekistan,UZB,65.794998
6990,1985,Uzbekistan,UZB,66.057999
6991,1986,Uzbekistan,UZB,66.268997
6992,1987,Uzbekistan,UZB,66.415001
6993,1988,Uzbekistan,UZB,66.495003
6994,1989,Uzbekistan,UZB,66.512001
6995,1990,Uzbekistan,UZB,66.481003
6996,1991,Uzbekistan,UZB,66.424004
6997,1992,Uzbekistan,UZB,66.367996
6998,1993,Uzbekistan,UZB,66.335999
6999,1994,Uzbekistan,UZB,66.343002
7000,1995,Uzbekistan,UZB,66.396004
7001,1996,Uzbekistan,UZB,66.494003
7002,1997,Uzbekistan,UZB,66.625999
7003,1998,Uzbekistan,UZB,66.781998
7004,1999,Uzbekistan,UZB,66.959
7005,2000,Uzbekistan,UZB,67.153999
7006,2001,Uzbekistan,UZB,67.365997
7007,2002,Uzbekistan,UZB,67.594002
7008,2003,Uzbekistan,UZB,67.836998
7009,2004,Uzbekistan,UZB,68.094002
7010,2005,Uzbekistan,UZB,68.366997
7011,2006,Uzbekistan,UZB,68.663002
7012,2007,Uzbekistan,UZB,68.982002
7013,2008,Uzbekistan,UZB,69.319
7014,2009,Uzbekistan,UZB,69.665001
7015,2010,Uzbekistan,UZB,70.004997
7016,2011,Uzbekistan,UZB,70.321999
7017,2012,Uzbekistan,UZB,70.603996
7018,2013,Uzbekistan,UZB,70.844002
7019,2014,Uzbekistan,UZB,71.039001
7020,2015,Uzbekistan,UZB,71.192001
7021,1980,Vanuatu,VUT,58.348
7022,1981,Vanuatu,VUT,58.929001
7023,1982,Vanuatu,VUT,59.477001
7024,1983,Vanuatu,VUT,59.988998
7025,1984,Vanuatu,VUT,60.466999
7026,1985,Vanuatu,VUT,60.916
7027,1986,Vanuatu,VUT,61.346001
7028,1987,Vanuatu,VUT,61.768002
7029,1988,Vanuatu,VUT,62.194
7030,1989,Vanuatu,VUT,62.627998
7031,1990,Vanuatu,VUT,63.071999
7032,1991,Vanuatu,VUT,63.527
7033,1992,Vanuatu,VUT,63.986
7034,1993,Vanuatu,VUT,64.444
7035,1994,Vanuatu,VUT,64.897003
7036,1995,Vanuatu,VUT,65.345001
7037,1996,Vanuatu,VUT,65.783997
7038,1997,Vanuatu,VUT,66.213997
7039,1998,Vanuatu,VUT,66.634003
7040,1999,Vanuatu,VUT,67.042999
7041,2000,Vanuatu,VUT,67.438004
7042,2001,Vanuatu,VUT,67.82
7043,2002,Vanuatu,VUT,68.189003
7044,2003,Vanuatu,VUT,68.544998
7045,2004,Vanuatu,VUT,68.889
7046,2005,Vanuatu,VUT,69.221001
7047,2006,Vanuatu,VUT,69.541
7048,2007,Vanuatu,VUT,69.851997
7049,2008,Vanuatu,VUT,70.152
7050,2009,Vanuatu,VUT,70.442001
7051,2010,Vanuatu,VUT,70.721001
7052,2011,Vanuatu,VUT,70.987999
7053,2012,Vanuatu,VUT,71.240997
7054,2013,Vanuatu,VUT,71.481003
7055,2014,Vanuatu,VUT,71.709
7056,2015,Vanuatu,VUT,71.925003
7057,1980,Venezuela,VEN,68.113998
7058,1981,Venezuela,VEN,68.364998
7059,1982,Venezuela,VEN,68.593002
7060,1983,Venezuela,VEN,68.794998
7061,1984,Venezuela,VEN,68.974998
7062,1985,Venezuela,VEN,69.133003
7063,1986,Venezuela,VEN,69.274002
7064,1987,Venezuela,VEN,69.403
7065,1988,Venezuela,VEN,69.528999
7066,1989,Venezuela,VEN,69.658997
7067,1990,Venezuela,VEN,69.804001
7068,1991,Venezuela,VEN,69.971001
7069,1992,Venezuela,VEN,70.165001
7070,1993,Venezuela,VEN,70.384003
7071,1994,Venezuela,VEN,70.627998
7072,1995,Venezuela,VEN,70.892998
7073,1996,Venezuela,VEN,71.176003
7074,1997,Venezuela,VEN,71.464996
7075,1998,Venezuela,VEN,71.751999
7076,1999,Venezuela,VEN,72.027
7077,2000,Venezuela,VEN,72.280998
7078,2001,Venezuela,VEN,72.507004
7079,2002,Venezuela,VEN,72.704002
7080,2003,Venezuela,VEN,72.872002
7081,2004,Venezuela,VEN,73.014999
7082,2005,Venezuela,VEN,73.134003
7083,2006,Venezuela,VEN,73.235001
7084,2007,Venezuela,VEN,73.327003
7085,2008,Venezuela,VEN,73.418999
7086,2009,Venezuela,VEN,73.515999
7087,2010,Venezuela,VEN,73.625
7088,2011,Venezuela,VEN,73.748001
7089,2012,Venezuela,VEN,73.885002
7090,2013,Venezuela,VEN,74.035004
7091,2014,Venezuela,VEN,74.195999
7092,2015,Venezuela,VEN,74.366997
7093,1980,Vietnam,VNM,67.553001
7094,1981,Vietnam,VNM,67.953003
7095,1982,Vietnam,VNM,68.213997
7096,1983,Vietnam,VNM,68.449997
7097,1984,Vietnam,VNM,68.698997
7098,1985,Vietnam,VNM,68.982002
7099,1986,Vietnam,VNM,69.300003
7100,1987,Vietnam,VNM,69.625999
7101,1988,Vietnam,VNM,69.940002
7102,1989,Vietnam,VNM,70.241997
7103,1990,Vietnam,VNM,70.536003
7104,1991,Vietnam,VNM,70.825996
7105,1992,Vietnam,VNM,71.112999
7106,1993,Vietnam,VNM,71.399002
7107,1994,Vietnam,VNM,71.684998
7108,1995,Vietnam,VNM,71.968002
7109,1996,Vietnam,VNM,72.248001
7110,1997,Vietnam,VNM,72.518997
7111,1998,Vietnam,VNM,72.780998
7112,1999,Vietnam,VNM,73.029999
7113,2000,Vietnam,VNM,73.264999
7114,2001,Vietnam,VNM,73.487
7115,2002,Vietnam,VNM,73.695
7116,2003,Vietnam,VNM,73.892998
7117,2004,Vietnam,VNM,74.082001
7118,2005,Vietnam,VNM,74.263
7119,2006,Vietnam,VNM,74.438004
7120,2007,Vietnam,VNM,74.609001
7121,2008,Vietnam,VNM,74.777
7122,2009,Vietnam,VNM,74.945999
7123,2010,Vietnam,VNM,75.116997
7124,2011,Vietnam,VNM,75.293999
7125,2012,Vietnam,VNM,75.475998
7126,2013,Vietnam,VNM,75.663002
7127,2014,Vietnam,VNM,75.855003
7128,2015,Vietnam,VNM,76.052002
7129,1980,Western Sahara,ESH,49.716
7130,1981,Western Sahara,ESH,50.606998
7131,1982,Western Sahara,ESH,51.501999
7132,1983,Western Sahara,ESH,52.402
7133,1984,Western Sahara,ESH,53.297001
7134,1985,Western Sahara,ESH,54.166
7135,1986,Western Sahara,ESH,54.985001
7136,1987,Western Sahara,ESH,55.741001
7137,1988,Western Sahara,ESH,56.424999
7138,1989,Western Sahara,ESH,57.036999
7139,1990,Western Sahara,ESH,57.585999
7140,1991,Western Sahara,ESH,58.085999
7141,1992,Western Sahara,ESH,58.561001
7142,1993,Western Sahara,ESH,59.030998
7143,1994,Western Sahara,ESH,59.507999
7144,1995,Western Sahara,ESH,60.0
7145,1996,Western Sahara,ESH,60.509998
7146,1997,Western Sahara,ESH,61.032001
7147,1998,Western Sahara,ESH,61.558998
7148,1999,Western Sahara,ESH,62.088001
7149,2000,Western Sahara,ESH,62.615002
7150,2001,Western Sahara,ESH,63.136002
7151,2002,Western Sahara,ESH,63.646
7152,2003,Western Sahara,ESH,64.142998
7153,2004,Western Sahara,ESH,64.625
7154,2005,Western Sahara,ESH,65.094002
7155,2006,Western Sahara,ESH,65.556999
7156,2007,Western Sahara,ESH,66.016998
7157,2008,Western Sahara,ESH,66.474998
7158,2009,Western Sahara,ESH,66.929001
7159,2010,Western Sahara,ESH,67.372002
7160,2011,Western Sahara,ESH,67.796997
7161,2012,Western Sahara,ESH,68.195999
7162,2013,Western Sahara,ESH,68.565002
7163,2014,Western Sahara,ESH,68.903999
7164,2015,Western Sahara,ESH,69.212997
7165,1980,World,OWID_WRL,61.230999
7166,1981,World,OWID_WRL,61.584999
7167,1982,World,OWID_WRL,61.933998
7168,1983,World,OWID_WRL,62.277
7169,1984,World,OWID_WRL,62.613998
7170,1985,World,OWID_WRL,62.938
7171,1986,World,OWID_WRL,63.238998
7172,1987,World,OWID_WRL,63.513
7173,1988,World,OWID_WRL,63.757999
7174,1989,World,OWID_WRL,63.976002
7175,1990,World,OWID_WRL,64.170998
7176,1991,World,OWID_WRL,64.348999
7177,1992,World,OWID_WRL,64.519997
7178,1993,World,OWID_WRL,64.695
7179,1994,World,OWID_WRL,64.880997
7180,1995,World,OWID_WRL,65.083
7181,1996,World,OWID_WRL,65.305
7182,1997,World,OWID_WRL,65.544998
7183,1998,World,OWID_WRL,65.803001
7184,1999,World,OWID_WRL,66.079002
7185,2000,World,OWID_WRL,66.375999
7186,2001,World,OWID_WRL,66.694
7187,2002,World,OWID_WRL,67.029999
7188,2003,World,OWID_WRL,67.382004
7189,2004,World,OWID_WRL,67.746002
7190,2005,World,OWID_WRL,68.119003
7191,2006,World,OWID_WRL,68.497002
7192,2007,World,OWID_WRL,68.878998
7193,2008,World,OWID_WRL,69.258003
7194,2009,World,OWID_WRL,69.627998
7195,2010,World,OWID_WRL,69.984001
7196,2011,World,OWID_WRL,70.319
7197,2012,World,OWID_WRL,70.630997
7198,2013,World,OWID_WRL,70.919998
7199,2014,World,OWID_WRL,71.184998
7200,2015,World,OWID_WRL,71.429001
7201,1980,Yemen,YEM,50.636002
7202,1981,Yemen,YEM,51.620998
7203,1982,Yemen,YEM,52.577
7204,1983,Yemen,YEM,53.488998
7205,1984,Yemen,YEM,54.346001
7206,1985,Yemen,YEM,55.132999
7207,1986,Yemen,YEM,55.837002
7208,1987,Yemen,YEM,56.459999
7209,1988,Yemen,YEM,57.004002
7210,1989,Yemen,YEM,57.474998
7211,1990,Yemen,YEM,57.876999
7212,1991,Yemen,YEM,58.220001
7213,1992,Yemen,YEM,58.519001
7214,1993,Yemen,YEM,58.786999
7215,1994,Yemen,YEM,59.035999
7216,1995,Yemen,YEM,59.275002
7217,1996,Yemen,YEM,59.504002
7218,1997,Yemen,YEM,59.723999
7219,1998,Yemen,YEM,59.938999
7220,1999,Yemen,YEM,60.154999
7221,2000,Yemen,YEM,60.382
7222,2001,Yemen,YEM,60.631001
7223,2002,Yemen,YEM,60.903
7224,2003,Yemen,YEM,61.200001
7225,2004,Yemen,YEM,61.52
7226,2005,Yemen,YEM,61.856998
7227,2006,Yemen,YEM,62.205002
7228,2007,Yemen,YEM,62.551998
7229,2008,Yemen,YEM,62.888
7230,2009,Yemen,YEM,63.208
7231,2010,Yemen,YEM,63.507999
7232,2011,Yemen,YEM,63.785999
7233,2012,Yemen,YEM,64.045998
7234,2013,Yemen,YEM,64.291
7235,2014,Yemen,YEM,64.523003
7236,2015,Yemen,YEM,64.742996
7237,1980,Zambia,ZMB,51.264999
7238,1981,Zambia,ZMB,50.957001
7239,1982,Zambia,ZMB,50.525002
7240,1983,Zambia,ZMB,49.986
7241,1984,Zambia,ZMB,49.359001
7242,1985,Zambia,ZMB,48.660999
7243,1986,Zambia,ZMB,47.912998
7244,1987,Zambia,ZMB,47.141998
7245,1988,Zambia,ZMB,46.379002
7246,1989,Zambia,ZMB,45.658001
7247,1990,Zambia,ZMB,45.002998
7248,1991,Zambia,ZMB,44.431
7249,1992,Zambia,ZMB,43.948002
7250,1993,Zambia,ZMB,43.563999
7251,1994,Zambia,ZMB,43.297001
7252,1995,Zambia,ZMB,43.166
7253,1996,Zambia,ZMB,43.182999
7254,1997,Zambia,ZMB,43.346001
7255,1998,Zambia,ZMB,43.653
7256,1999,Zambia,ZMB,44.104
7257,2000,Zambia,ZMB,44.702
7258,2001,Zambia,ZMB,45.448002
7259,2002,Zambia,ZMB,46.330002
7260,2003,Zambia,ZMB,47.330002
7261,2004,Zambia,ZMB,48.431999
7262,2005,Zambia,ZMB,49.630001
7263,2006,Zambia,ZMB,50.929001
7264,2007,Zambia,ZMB,52.313
7265,2008,Zambia,ZMB,53.749001
7266,2009,Zambia,ZMB,55.194
7267,2010,Zambia,ZMB,56.588001
7268,2011,Zambia,ZMB,57.872002
7269,2012,Zambia,ZMB,59.011002
7270,2013,Zambia,ZMB,59.981998
7271,2014,Zambia,ZMB,60.775002
7272,2015,Zambia,ZMB,61.396999
7273,1980,Zimbabwe,ZWE,59.389999
7274,1981,Zimbabwe,ZWE,59.921001
7275,1982,Zimbabwe,ZWE,60.386002
7276,1983,Zimbabwe,ZWE,60.745998
7277,1984,Zimbabwe,ZWE,60.965
7278,1985,Zimbabwe,ZWE,60.999001
7279,1986,Zimbabwe,ZWE,60.816002
7280,1987,Zimbabwe,ZWE,60.410999
7281,1988,Zimbabwe,ZWE,59.793999
7282,1989,Zimbabwe,ZWE,58.971001
7283,1990,Zimbabwe,ZWE,57.944
7284,1991,Zimbabwe,ZWE,56.720001
7285,1992,Zimbabwe,ZWE,55.337002
7286,1993,Zimbabwe,ZWE,53.854
7287,1994,Zimbabwe,ZWE,52.328999
7288,1995,Zimbabwe,ZWE,50.811001
7289,1996,Zimbabwe,ZWE,49.34
7290,1997,Zimbabwe,ZWE,47.955002
7291,1998,Zimbabwe,ZWE,46.705002
7292,1999,Zimbabwe,ZWE,45.646999
7293,2000,Zimbabwe,ZWE,44.841
7294,2001,Zimbabwe,ZWE,44.326
7295,2002,Zimbabwe,ZWE,44.109001
7296,2003,Zimbabwe,ZWE,44.188
7297,2004,Zimbabwe,ZWE,44.570999
7298,2005,Zimbabwe,ZWE,45.282001
7299,2006,Zimbabwe,ZWE,46.344002
7300,2007,Zimbabwe,ZWE,47.719002
7301,2008,Zimbabwe,ZWE,49.337002
7302,2009,Zimbabwe,ZWE,51.122002
7303,2010,Zimbabwe,ZWE,52.974998
7304,2011,Zimbabwe,ZWE,54.799999
7305,2012,Zimbabwe,ZWE,56.515999
7306,2013,Zimbabwe,ZWE,58.053001
7307,2014,Zimbabwe,ZWE,59.360001
7308,2015,Zimbabwe,ZWE,60.397999
